{
    "name": "C\u00b7\u6258\u9a6c\u65af\u00b7\u8c6a\u5a01\u5c14 C. Thomas Howell",
    "movies": [
        "\u8d85\u51e1\u8718\u86db\u4fa0 The Amazing Spider-Man"
    ],
    "male": "\u7537",
    "xingzuo": "\u5c04\u624b\u5ea7",
    "birth": "1966-12-07",
    "area": "\u7f8e\u56fd,\u52a0\u5229\u798f\u5c3c\u4e9a\u5dde,\u6d1b\u6749\u77f6",
    "zhiye": [
        "\u6f14\u5458",
        "\u5bfc\u6f14",
        "\u914d\u97f3",
        "\u5236\u7247\u4eba",
        "\u7f16\u5267"
    ],
    "moreName": [
        "C\u00b7\u6c64\u739b\u65af\u00b7\u90dd\u5a01"
    ],
    "family": [],
    "intro": "\n            \u3000\u3000\n    ",
    "hezuo": []
}