{
    "name": "Kevin Porter",
    "movies": [
        "\u9020\u5b7d Bethany"
    ],
    "male": "not found",
    "xingzuo": "\u72ee\u5b50\u5ea7",
    "birth": "1969-07-29",
    "area": "\u7f8e\u56fd,\u8def\u6613\u65af\u5b89\u90a3\u5dde,\u65b0\u5965\u5c14\u826f",
    "zhiye": [
        "\u6f14\u5458",
        "\u5236\u7247\u4eba",
        "\u5bfc\u6f14",
        "\u7f16\u5267",
        "\u6444\u5f71"
    ],
    "moreName": [],
    "family": [],
    "intro": "\n            \u3000\u3000\n    ",
    "hezuo": []
}