{
    "name": "\u6734\u7199\u987a Hee soon Park",
    "movies": [
        "\u4e09\u66f4"
    ],
    "male": "\u7537",
    "xingzuo": "\u6c34\u74f6\u5ea7",
    "birth": "1970-02-13",
    "area": "\u97e9\u56fd",
    "zhiye": [
        "\u6f14\u5458",
        "\u914d\u97f3"
    ],
    "moreName": [
        "\u6734\u7199\u821c"
    ],
    "family": [
        "\u6734\u827a\u73cd(\u5973\u53cb)"
    ],
    "intro": "\n            \u3000\u3000\u97e9\u56fd\u5b9e\u529b\u6d3e\u6f14\u5458\uff1b\u7b2c29\u5c4a\u97e9\u56fd\u7535\u5f71\u9752\u9f99\u5956\uff0c\u6734\u7199\u987a\u51ed\u501f\u300a7days\u300b\u83b7\u6700\u4f73\u7537\u914d\u89d2\u5956\u3002\n    ",
    "hezuo": []
}