{
    "name": "\u6731\u5b9d\u610f Emily Chu",
    "movies": [
        "\u82f1\u96c4\u672c\u8272"
    ],
    "male": "\u5973",
    "xingzuo": "\u5929\u874e\u5ea7",
    "birth": "1960-10-31",
    "area": "\u4e2d\u56fd,\u53f0\u6e7e",
    "zhiye": [
        "\u6f14\u5458"
    ],
    "moreName": [],
    "family": [],
    "intro": "\n            \u3000\u3000\u6731\u5b9d\u610f\uff0c1960\u5e7410\u670831\u65e5\u51fa\u751f\u4e8e\u53f0\u6e7e\uff0c10\u5c81\u968f\u6bcd\u53bb\u7f8e\u56fd\uff0c\u6210\u4eba\u540e\u4ee5\u65f6\u88c5\u6a21\u7279\u8eab\u4efd\u8fd4\u56de\u53f0\u6e7e\uff0c\u4e0d\u4e45\u8fdb\u5165\u53f0\u6e7e\u5f71\u89c6\u754c\uff0c\u56e0\u8868\u6f14\u751f\u52a8\uff0c\u88ab\u5609\u79be\u516c\u53f8\u770b\u4e2d\uff0c\u540e\u6210\u4e3a\u5176\u57fa\u672c\u6f14\u5458\u3002\u5728\u6e2f\u4e24\u5e74\uff0c\u5171\u62cd\u4e868\u90e8\u5f71\u7247\u3002\u88ab\u79f0\u4e3a\u6700\u65e9\u7684\u201c\u795e\u4ed9\u59d0\u59d0\u201d\u3002\n    ",
    "hezuo": []
}