{
    "name": "\u674e\u4e1c\u8f89 Dong-Hwi Lee",
    "movies": [
        "\u6781\u9650\u804c\u4e1a \uadf9\ud55c\uc9c1\uc5c5"
    ],
    "male": "\u7537",
    "xingzuo": "\u5de8\u87f9\u5ea7",
    "birth": "1985-7-22",
    "area": "\u97e9\u56fd",
    "zhiye": [
        "\u6f14\u5458",
        "\u5176\u5b83",
        "\u5bfc\u6f14"
    ],
    "moreName": [],
    "family": [
        "\u7236\u6bcd",
        "\u90d1\u6d69\u598d(\u5973\u53cb)"
    ],
    "intro": "\n            \u3000\u3000\u97e9\u56fd\u6f14\u5458\u3002\u66fe\u51fa\u6f14\u300a\u671d\u9c9c\u795e\u67aa\u624b\u300b\u300a\u54ed\u6ce3\u7684\u7537\u4eba\u300b\u7b49\u4f5c\u54c1\u3002\u97e9\u6587\u540d\uc774\ub3d9\ud718\uff0c\u51fa\u8eab\u5730\u97e9\u56fd\u3002\u8eab\u9ad8179cm,\u4f53\u91cd68kg\u3002\n    ",
    "hezuo": []
}