{
    "name": "\u6770\u7c73\u00b7\u54c8\u91cc\u65af Jamie Harris",
    "movies": [
        "\u9752\u8702\u4fa0 The Green Hornet"
    ],
    "male": "\u7537",
    "xingzuo": "\u91d1\u725b\u5ea7",
    "birth": "1963-05-15",
    "area": "\u82f1\u56fd,\u82f1\u683c\u5170",
    "zhiye": [
        "\u6f14\u5458"
    ],
    "moreName": [],
    "family": [
        "Richard Harris\uff08\u7236\uff09",
        "Elizabeth Rees-Williams\uff08\u6bcd\uff09"
    ],
    "intro": "\n            \u3000\u3000Jamie Harris (born 15 May 1963) is a British actor. He is best known for his role as The Hook-Handed Man in Lemony Snicket's A Series of Unfortunate Events, Rodney in Rise of the Planet of the Apes and Gordon in Marvel's Agents of S.H.I.E.L.D..\n    ",
    "hezuo": []
}