{
    "name": "\u674e\u00b7\u7c73\u52d2 Lee Millar",
    "movies": [
        "\u5c0f\u59d0\u4e0e\u6d41\u6d6a\u6c49 Lady and the Tramp"
    ],
    "male": "\u7537",
    "xingzuo": "\u53cc\u5b50\u5ea7",
    "birth": "not found",
    "area": "\u52a0\u62ff\u5927,\u4e0d\u5217\u98a0\u54e5\u4f26\u6bd4\u4e9a\u7701,\u6e29\u54e5\u534e",
    "zhiye": [
        "\u6f14\u5458",
        "\u914d\u97f3"
    ],
    "moreName": [],
    "family": [],
    "intro": "\n            \u3000\u3000\n    ",
    "hezuo": []
}