{
    "name": "\u674e\u00b7\u4f0a\u4e07\u65af Lee Evans",
    "movies": [
        "\u7b2c\u4e94\u5143\u7d20 The Fifth Element",
        "\u98de\u9f99\u518d\u751f \u98db\u9f8d\u518d\u751f"
    ],
    "male": "\u7537",
    "xingzuo": "\u53cc\u9c7c\u5ea7",
    "birth": "1964-02-25",
    "area": "\u82f1\u56fd,\u82f1\u683c\u5170,\u5e03\u91cc\u65af\u6258\u5c14,\u57c3\u6587\u8305\u65af",
    "zhiye": [
        "\u6f14\u5458",
        "\u914d\u97f3",
        "\u7f16\u5267"
    ],
    "moreName": [],
    "family": [
        "Heather Nudds(\u59bb)"
    ],
    "intro": "\n\u3000\u3000Lee Evans was born in Avonmouth, Bristol, England to an Irish mother Shirley and a Welsh father, Dave Evans, a nightclub performer.He left Bristol at the age of 11 and then went to the Billericay School in Billericay, Essex. After a spell as a boxer and two years at Thurrock Art College in Essex, he followed his father into entertainment. In his teens he moved to Scarborough, North Yorkshire and also played drums in a punk rock band called...(\u5c55\u5f00\u5168\u90e8)\n\u3000\u3000Lee Evans was born in Avonmouth, Bristol, England to an Irish mother Shirley and a Welsh father, Dave Evans, a nightclub performer.He left Bristol at the age of 11 and then went to the Billericay School in Billericay, Essex. After a spell as a boxer and two years at Thurrock Art College in Essex, he followed his father into entertainment. In his teens he moved to Scarborough, North Yorkshire and also played drums in a punk rock band called the Forgotten Five.\u3000\u3000On 22 September 1984, he married Heather Nudds with whom he has a daughter, Mollie (born 1993). They moved to Billericay  in 1997 having previously lived in Chalkwell Park Drive, Westcliff-on-Sea in Essex.\n",
    "hezuo": []
}