{
    "name": "\u677e\u6751\u827e\u4e3d Ally Maki",
    "movies": [
        "\u73a9\u5177\u603b\u52a8\u54584 Toy Story 4"
    ],
    "male": "\u5973",
    "xingzuo": "not found",
    "birth": "not found",
    "area": "Seattle",
    "zhiye": [
        "\u6f14\u5458",
        "\u914d\u97f3"
    ],
    "moreName": [],
    "family": [],
    "intro": "\n            \u3000\u3000\u677e\u6751\u827e\u4e3d\uff08Ally Maki\uff09\u662f\u7f8e\u56fd\u5973\u6f14\u5458\u3002\u5979\u4ee5\u5728TBS\u559c\u5267\u7cfb\u5217\u300a Wrecked\u300b\u4e2d\u9970\u6f14Jess Kato\u4ee5\u53ca\u5728\u300a\u73a9\u5177\u603b\u52a8\u54584\u300b\u4e2d\u9970\u6f14Giggle McDimples\u7684\u58f0\u97f3\u800c\u95fb\u540d\u3002\n    ",
    "hezuo": []
}