{
    "name": "\u6770\u897f\u5361\u00b7\u5e03\u5170\u514b Jessica Blank",
    "movies": [
        "\u7626\u957f\u9b3c\u5f71 Slender Man"
    ],
    "male": "\u5973",
    "xingzuo": "not found",
    "birth": "not found",
    "area": "\u7f8e\u56fd,\u5eb7\u6d85\u72c4\u683c\u5dde,\u7ebd\u9ed1\u6587",
    "zhiye": [
        "\u6f14\u5458"
    ],
    "moreName": [],
    "family": [],
    "intro": "\n            \u3000\u3000\u6f14\u5458\u3001\u5236\u4f5c\u4eba\u3001\u7f16\u5267\uff0c\u4e3b\u8981\u4f5c\u54c1\u300aCreative Control\u300b\u3001\u300a\u56fd\u6c11\u8b66\u536b\u961f\u300b\u3001\u300aYou're Nobody 'til Somebody Kills You\u300b\n    ",
    "hezuo": []
}