{
    "name": "\u674e\u5a9b Yuan Li",
    "movies": [
        "\u8d85\u7ea7\u5feb\u9012"
    ],
    "male": "\u5973",
    "xingzuo": "\u5de8\u87f9\u5ea7",
    "birth": "1984-07-04",
    "area": "\u4e2d\u56fd",
    "zhiye": [
        "\u6f14\u5458",
        "\u5176\u5b83"
    ],
    "moreName": [],
    "family": [],
    "intro": "\n            \u3000\u3000\u674e\u5a9b\uff0c\u4e2d\u56fd\u5973\u6f14\u5458\u3001\u6a21\u7279\u3002\u4f5c\u4e3a\u6a21\u7279\uff0c\u674e\u5a9b\u65f6\u5c1a\u611f\u5f3a\u70c8\u30022015\u5e74\u51fa\u6f14\u300a\u6eda\u86cb\u5427\uff01\u80bf\u7624\u541b\u300b\u5973\u4e8c\u53f7\u590f\u68a6\uff0c\u88ab\u79f0\u4e3a\u201c\u6700\u7f8e\u5973\u75c5\u53f7\u201d\uff0c\u5e76\u51ed\u501f\u8be5\u89d2\u83b7\u5f97\u7b2c33\u5c4a\u5927\u4f17\u7535\u5f71\u767e\u82b1\u5956\u6700\u4f73\u5973\u914d\u89d2\uff0c\u7b2c20\u5c4a\u534e\u9f0e\u5956\u6700\u4f73\u5973\u914d\u89d2\u5956\u3002\n    ",
    "hezuo": []
}