{
    "name": "\u683c\u857e\u4e1d\u00b7\u5bcc\u5c14\u987f Grace Fulton",
    "movies": [
        "\u5b89\u5a1c\u8d1d\u5c142\uff1a\u8bde\u751f Annabelle: Creation"
    ],
    "male": "\u5973",
    "xingzuo": "\u5de8\u87f9\u5ea7",
    "birth": "1996-07-17",
    "area": "\u7f8e\u56fd",
    "zhiye": [
        "\u6f14\u5458"
    ],
    "moreName": [],
    "family": [],
    "intro": "\n\u3000\u3000Grace Caroline Fulton (born July 17, 1996) is an American actress and dancer, best known for playing Young Melinda Gordon on Ghost Whisperer, Haley Farrell in Bones, and Young Natalie Wood in The Mystery of Natalie Wood. She also played the character Sydney Briggs in Home of the Brave. She starred in the television film Back When We Were Grownups, playing Young Biddy. In 2017 she appeared in the movie Annabelle: Creation, and she will work...(\u5c55\u5f00\u5168\u90e8)\n\u3000\u3000Grace Caroline Fulton (born July 17, 1996) is an American actress and dancer, best known for playing Young Melinda Gordon on Ghost Whisperer, Haley Farrell in Bones, and Young Natalie Wood in The Mystery of Natalie Wood. She also played the character Sydney Briggs in Home of the Brave. She starred in the television film Back When We Were Grownups, playing Young Biddy. In 2017 she appeared in the movie Annabelle: Creation, and she will work with same director by playing Mary Bromfield in 2019 superhero film Shazam!.\n",
    "hezuo": []
}