{
    "name": "\u683c\u62c9\u9edb\u4e1d\u00b7\u5e93\u73c0 Gladys Cooper",
    "movies": [
        "\u8774\u8776\u68a6 Rebecca"
    ],
    "male": "\u5973",
    "xingzuo": "\u5c04\u624b\u5ea7",
    "birth": "not found",
    "area": "\u82f1\u56fd,\u4f26\u6566,\u5218\u6613\u820d\u59c6",
    "zhiye": [
        "\u6f14\u5458"
    ],
    "moreName": [],
    "family": [
        "John Merivale\uff08\u7ee7\u5b50\uff09",
        "Philip Merivale\uff08\u4e08\u592b\uff09"
    ],
    "intro": "\n\u3000\u3000Dame Gladys Constance Cooper, DBE (18 December 1888 \u2013 17 November 1971) was an English actress whose career spanned seven decades on stage, in films and on television.\u3000\u3000Beginning as a teenager in Edwardian musical comedy and pantomime, she was starring in dramatic roles and silent films before the First World War. She also became a manager of the Playhouse Theatre from 1917 to 1933, where she played many roles. From the early 1920s, Co...(\u5c55\u5f00\u5168\u90e8)\n\u3000\u3000Dame Gladys Constance Cooper, DBE (18 December 1888 \u2013 17 November 1971) was an English actress whose career spanned seven decades on stage, in films and on television.\u3000\u3000Beginning as a teenager in Edwardian musical comedy and pantomime, she was starring in dramatic roles and silent films before the First World War. She also became a manager of the Playhouse Theatre from 1917 to 1933, where she played many roles. From the early 1920s, Cooper was winning praise in plays by W. Somerset Maugham and others.\u3000\u3000In the 1930s, she was starring steadily both in the West End and on Broadway. Moving to Hollywood in 1940, Cooper found success in a variety of character roles; she was nominated for three Academy Awards, the last one as Mrs. Higgins in My Fair Lady (1964). Throughout the 1950s and 1960s, she mixed her stage and film careers, continuing to star on stage until her last year.\n",
    "hezuo": []
}