{
    "name": "\u6234\u6069\u00b7\u5e93\u514b Dane Cook",
    "movies": [
        "\u5929\u8109\u4f20\u5947"
    ],
    "male": "\u7537",
    "xingzuo": "\u53cc\u9c7c\u5ea7",
    "birth": "1972-03-18",
    "area": "\u7f8e\u56fd,\u9a6c\u8428\u8bf8\u585e\u5dde,\u6ce2\u58eb\u987f",
    "zhiye": [
        "\u6f14\u5458",
        "\u7f16\u5267",
        "\u5236\u7247\u4eba",
        "\u914d\u97f3",
        "\u5bfc\u6f14"
    ],
    "moreName": [
        "\u4e39\u5c3c\u00b7\u5e93\u514b"
    ],
    "family": [],
    "intro": "\n            \u3000\u3000\n    ",
    "hezuo": []
}