{
    "name": "\u624e\u6069\u00b7\u8fc8\u514b\u62c9\u519c Zahn McClarnon",
    "movies": [
        "\u7761\u68a6\u533b\u751f Doctor Sleep"
    ],
    "male": "\u7537",
    "xingzuo": "\u5929\u874e\u5ea7",
    "birth": "1966-10-24",
    "area": "\u7f8e\u56fd",
    "zhiye": [
        "\u6f14\u5458"
    ],
    "moreName": [],
    "family": [],
    "intro": "\n            \u3000\u3000Zahn McClarnon was born on October 24, 1966 in the USA as Zahn Tokiya-ku McClarnon. He is known for his work on Spirit: Stallion of the Cimarron (2002), The Librarian: Return to King Solomon's Mines (2006) and Resolution (2012).\n    ",
    "hezuo": []
}