{
    "name": "\u6258\u9a6c\u65af\u00b7\u8bfa\u5c14\u65af\u7279\u6d1b\u59c6 Tomas Norstr\u00f6m",
    "movies": [
        "\u6551\u547d\u89e3\u836f A Cure for Wellness"
    ],
    "male": "\u7537",
    "xingzuo": "\u53cc\u5b50\u5ea7",
    "birth": "1956-05-23",
    "area": "\u745e\u5178,\u65af\u5fb7\u54e5\u5c14\u6469\u7701,\u5357\u6cf0\u5229\u8036",
    "zhiye": [
        "\u6f14\u5458",
        "\u7f16\u5267"
    ],
    "moreName": [],
    "family": [],
    "intro": "\n            \u3000\u3000\n    ",
    "hezuo": []
}