{
    "name": "\u6258\u5c3c\u00b7\u6d77\u5c14 Tony Hale",
    "movies": [
        "\u7231\u4f60\uff0c\u897f\u8499 Love, Simon",
        "\u73a9\u5177\u603b\u52a8\u54584 Toy Story 4"
    ],
    "male": "\u7537",
    "xingzuo": "\u5929\u79e4\u5ea7",
    "birth": "1970-09-30",
    "area": "\u7f8e\u56fd,\u7ebd\u7ea6",
    "zhiye": [
        "\u6f14\u5458",
        "\u914d\u97f3",
        "\u5236\u7247\u4eba"
    ],
    "moreName": [
        "\u5b89\u4e1c\u5c3c\u00b7\u7f57\u7d20\u00b7\u6d77\u5c14(\u5168\u540d)"
    ],
    "family": [
        "Martel Thompson(\u59bb)",
        "Rita (n\u00e9e Garnett) & Mike Hale(\u7236\u6bcd)"
    ],
    "intro": "\n            \u3000\u3000\n    ",
    "hezuo": []
}