{
    "name": "\u6258\u6bd4\u00b7\u743c\u65af Toby Jones",
    "movies": [
        "\u7f8e\u56fd\u961f\u957f Captain America: The First Avenger",
        "\u54c8\u5229\u00b7\u6ce2\u7279\u4e0e\u5bc6\u5ba4 Harry Potter and the Chamber of Secrets",
        "\u6781\u5bd2\u4e4b\u57ce Atomic Blonde"
    ],
    "male": "\u7537",
    "xingzuo": "\u5904\u5973\u5ea7",
    "birth": "1967-09-07",
    "area": "\u82f1\u56fd,\u725b\u6d25",
    "zhiye": [
        "\u6f14\u5458",
        "\u914d\u97f3",
        "\u7f16\u5267"
    ],
    "moreName": [],
    "family": [
        "Freddie Jones(\u7236\u4eb2)"
    ],
    "intro": "\n            \u3000\u3000\u751f\u4e8e\u82f1\u56fd\u7684\u4e00\u4e2a\u6f14\u827a\u4e16\u5bb6\u3002\u7236\u4eb2Freddie Jones\u662f\u82f1\u56fd\u8457\u540d\u6f14\u5458\uff0c\u66fe\u51fa\u73b0\u4e8e\u5305\u62ec\u300a\u8c61\u4eba\u300b\uff081980\uff09\u5728\u5185\u7684\u591a\u90e8\u5f71\u7247\u4e2d\u3002\u5f53\u6258\u6bd4\u8fd8\u5728\u5b66\u6821\u4e0a\u5b66\u65f6\u5c31\u5df2\u7ecf\u51fa\u6f14\u4e86\u591a\u90e8\u5f71\u7247\uff0c\u4ed6\u8fd8\u7ec4\u8fc7\u4e50\u961f\u30022002\u5e74\uff0c\u51ed\u7740\u300aWhat I Wrote At WyndhamTheatre\u300b\u8363\u83b7\u4e862002\u5e74\u7684Laurence Olivier Theatre Award\u7684\u6700\u4f73\u7537\u914d\u89d2\u5956\u3002\n    ",
    "hezuo": []
}