{
    "name": "\u6851\u4e9a\u00b7\u739b\u8377\u5854 Sanya Malhotra",
    "movies": [
        "\u6454\u8de4\u5427\uff01\u7238\u7238 Dangal"
    ],
    "male": "\u5973",
    "xingzuo": "not found",
    "birth": "not found",
    "area": "\u5370\u5ea6,\u5fb7\u91cc",
    "zhiye": [
        "\u6f14\u5458",
        "\u7f8e\u672f"
    ],
    "moreName": [
        "\u6851\u4e9a\u00b7\u9a6c\u7279\u62c9"
    ],
    "family": [],
    "intro": "\n            \u3000\u3000Sanya Malhotra is an actress, known for Dangal (2016) and Koffee with Karan (2004).\n    ",
    "hezuo": []
}