{
    "name": "\u62c9\u814a\u00b7\u5f17\u6797\u00b7\u9c8d\u5c14 Lara Flynn Boyle",
    "movies": [
        "\u9ed1\u8863\u4eba2 Men in Black II"
    ],
    "male": "\u5973",
    "xingzuo": "\u767d\u7f8a\u5ea7",
    "birth": "1970-03-24",
    "area": "\u7f8e\u56fd,\u827e\u5965\u74e6\u5dde,\u8fbe\u6587\u6ce2\u7279",
    "zhiye": [
        "\u6f14\u5458",
        "\u5236\u7247\u4eba"
    ],
    "moreName": [],
    "family": [
        "Donald Ray Thomas II\uff08\u592b\uff09",
        "John Patrick Dee III\uff08\u524d\u592b\uff09"
    ],
    "intro": "\n\u3000\u3000Lara Flynn Boyle was born in Davenport, Iowa on March 24, 1970 to 21-year old Sally Boyle. For Sally and young Lara, money was not plentiful so Sally was required to work three jobs in addition to raising baby Lara by herself. Since Lara was mostly around Sally, they developed a bond that still binds Lara and Sally today. Until recently, Sally lived with Lara. Now they only live 10 minutes away from each other. Growing up, Lara had many st...(\u5c55\u5f00\u5168\u90e8)\n\u3000\u3000Lara Flynn Boyle was born in Davenport, Iowa on March 24, 1970 to 21-year old Sally Boyle. For Sally and young Lara, money was not plentiful so Sally was required to work three jobs in addition to raising baby Lara by herself. Since Lara was mostly around Sally, they developed a bond that still binds Lara and Sally today. Until recently, Sally lived with Lara. Now they only live 10 minutes away from each other. Growing up, Lara had many struggles including dyslexia and a learning disability. Still, she could not let that get to her and she knew she had to be strong. She finally graduated, and, the day after doing so, she and her mother, Sally, moved. They drove on what would be \"the road to fame\". She soon landed roles in movies like Poltergeist III (1988) and Wayne's World (1992). Since then, she has become a prolific actress on both the small screen and the big screen.\u3000\u3000Height\t5' 6\" (1.68 m)\n",
    "hezuo": []
}