{
    "name": "\u62c9\u4f26\u5179\u00b7\u6cf0\u7279 Larenz Tate",
    "movies": [
        "\u55e8\u7ffb\u59d0\u59b9\u884c Girls Trip"
    ],
    "male": "\u7537",
    "xingzuo": "\u5904\u5973\u5ea7",
    "birth": "1975-09-08",
    "area": "\u7f8e\u56fd,\u4f0a\u5229\u8bfa\u4f0a\u5dde,\u829d\u52a0\u54e5",
    "zhiye": [
        "\u6f14\u5458",
        "\u5236\u7247\u4eba"
    ],
    "moreName": [],
    "family": [
        "Tomasina Parrott(\u59bb)",
        "Lahmard J. Tate(\u5144)",
        "Larron Tate(\u5144)",
        "Larry Tate(\u7236)",
        "Peggy Tate(\u6bcd)"
    ],
    "intro": "\n            \u3000\u3000\n    ",
    "hezuo": []
}