{
    "name": "\u62c9\u4ec0\u7c73\u00b7\u963f\u683c\u5fb7\u5361 Rashmi Agdekar",
    "movies": [
        "\u8c03\u97f3\u5e08 Andhadhun"
    ],
    "male": "\u5973",
    "xingzuo": "not found",
    "birth": "not found",
    "area": "not found",
    "zhiye": [
        "\u6f14\u5458"
    ],
    "moreName": [],
    "family": [],
    "intro": "\n            \u3000\u3000Rashmi Agdekar is an Indian model and actress. She began her acting career in 2017 by playing the lead role of Chandni in the web series, Dev DD. In 2018, she made her Bollywood debut with the black comedy, Andhadhun.\n    ",
    "hezuo": []
}