{
    "name": "\u62c9\u5c14\u592b\u00b7\u5e03\u6717 Ralph Brown",
    "movies": [
        "\u53cc\u5b50\u6740\u624b Gemini Man"
    ],
    "male": "\u7537",
    "xingzuo": "\u53cc\u5b50\u5ea7",
    "birth": "1957-06-18",
    "area": "\u82f1\u56fd,\u5251\u6865,\u5251\u6865",
    "zhiye": [
        "\u6f14\u5458",
        "\u914d\u97f3",
        "\u5236\u7247\u4eba",
        "\u7f16\u5267"
    ],
    "moreName": [],
    "family": [
        "Jenny Jules(\u59bb\uff09"
    ],
    "intro": "\n            \u3000\u3000Brown was born in Cambridge, England, the son of Heather R and John F W Brown.He has been married to actress Jenny Jules since 1992.\u3000\u3000He is a member of a Brighton-based Beach Boys tribute band, the Brighton Beach Boys.\n    ",
    "hezuo": []
}