{
    "name": "\u6556\u5609\u5e74 Kanin Ngo",
    "movies": [
        "\u53f6\u95ee4\uff1a\u5b8c\u7ed3\u7bc7 \u8449\u554f4",
        "\u53f6\u95ee2\uff1a\u5b97\u5e08\u4f20\u5947"
    ],
    "male": "\u7537",
    "xingzuo": "\u5929\u79e4\u5ea7",
    "birth": "1976-09-26",
    "area": "\u4e2d\u56fd,\u9999\u6e2f",
    "zhiye": [
        "\u6f14\u5458"
    ],
    "moreName": [
        "Ka Nin Ngo"
    ],
    "family": [],
    "intro": "\n            \u3000\u3000tvb\u6f14\u5458\n    ",
    "hezuo": []
}