{
    "name": "\u6881\u654f\u4eea Winnie Leung",
    "movies": [
        "\u7cbe\u6b66\u5bb6\u5ead"
    ],
    "male": "\u5973",
    "xingzuo": "\u53cc\u9c7c\u5ea7",
    "birth": "1976-03-02",
    "area": "\u4e2d\u56fd\u9999\u6e2f",
    "zhiye": [
        "\u6f14\u5458"
    ],
    "moreName": [],
    "family": [],
    "intro": "\n            \u3000\u3000\u6881\u654f\u4eea\uff08Winnie\uff09\uff0c1999\u5e74\u9009\u6e2f\u59d0\u5165\u884c\uff0c\u4e4b\u540e\u6295\u9760\u82f1\u7687\u6768\u53d7\u6210\uff0c\u6210\u7ee9\u4e4f\u5584\u8db3\u9648\uff0c\u5374\u7ecf\u5e38\u51fa\u73b0\u516c\u53f8\u5927\u5c0f\u5a31\u4e50\u573a\u5408\uff0c\u5305\u62ec\u4e0a\u8d4c\u8239\u6216\u5750\u6e38\u8247\u51fa\u6d77\u30022008\u5e74\u9996\u6b21\u62cd\u4e09\u7ea7\u7247\u300a\u91d1\u74f6\u68852\u300b\u3002\n    ",
    "hezuo": []
}