{
    "name": "\u6885\u00b7\u7ef4\u8d3e Meher Vij",
    "movies": [
        "\u795e\u79d8\u5de8\u661f Secret Superstar",
        "\u5c0f\u841d\u8389\u7684\u7334\u795e\u5927\u53d4 Bajrangi Bhaijaan"
    ],
    "male": "\u5973",
    "xingzuo": "not found",
    "birth": "1986-09-22",
    "area": "\u5370\u5ea6,\u5fb7\u91cc",
    "zhiye": [
        "\u6f14\u5458"
    ],
    "moreName": [],
    "family": [
        "Piyush Sahdev (brother) Gireesh Sahedev (brother)"
    ],
    "intro": "\n            \u3000\u3000Meher was born in 1986 in Delhi as Vaishali Sahdev . Meher has an elder brother Piyush Sahdev. Meher married Manav Vij on 5 July 2009 in Mumbai. She changed her name from Vaishali Sahdev to Meher in 2009, after marrying Manav Vij.\n    ",
    "hezuo": []
}