{
    "name": "\u67e5\u5c14\u65af\u00b7\u8d1d\u5185\u7279 Charles Bennett",
    "movies": [
        "\u4e09\u5341\u4e5d\u7ea7\u53f0\u9636 The 39 Steps"
    ],
    "male": "\u7537",
    "xingzuo": "\u72ee\u5b50\u5ea7",
    "birth": "not found",
    "area": "\u82f1\u56fd,\u82f1\u683c\u5170,\u8096\u52d2\u59c6\u7531\u6d77",
    "zhiye": [
        "\u7f16\u5267",
        "\u5bfc\u6f14",
        "\u6f14\u5458"
    ],
    "moreName": [],
    "family": [],
    "intro": "\n            \u3000\u3000\n    ",
    "hezuo": []
}