{
    "name": "\u6797\u8482\u00b7\u5e03\u4e1d Lindy Booth",
    "movies": [
        "\u81f4\u547d\u5f2f\u9053 Wrong Turn"
    ],
    "male": "\u5973",
    "xingzuo": "\u767d\u7f8a\u5ea7",
    "birth": "1979-04-02",
    "area": "\u52a0\u62ff\u5927,\u5b89\u5927\u7565\u7701,\u5965\u514b\u7ef4\u5c14",
    "zhiye": [
        "\u6f14\u5458"
    ],
    "moreName": [],
    "family": [],
    "intro": "\n            \u3000\u3000Lindy Booth (born April 2, 1979[1]) is a Canadian actress. She played Riley Grant on the Disney Channel series The Famous Jett Jackson (and Agent Hawk in the show-within-a-show Silverstone) and Claudia on Relic Hunter and A.J. Butterfield on the NBC series The Philanthropist. She then played Cassandra Cillian on the TNT series The Librarians (2014\u201318).\n    ",
    "hezuo": []
}