{
    "name": "\u6cf0\u52d2\u00b7\u7406\u67e5\u68ee Taylor Richardson",
    "movies": [
        "\u7626\u957f\u9b3c\u5f71 Slender Man"
    ],
    "male": "\u5973",
    "xingzuo": "\u5de8\u87f9\u5ea7",
    "birth": "2003-07-15",
    "area": "\u7f8e\u56fd,\u5357\u52a0\u5dde,\u54e5\u4f26\u6bd4\u4e9a",
    "zhiye": [
        "\u6f14\u5458"
    ],
    "moreName": [],
    "family": [],
    "intro": "\n            \u3000\u3000Taylor Denise Richardson (born 15 July 2003), popularly known as Astronaut StarBright, is a high-school student and aspiring astronaut. She is an advocate, activist, speaker and philanthropist. She has crowd funded over $40,000 to send girls to see A Wrinkle in Time and Hidden Figures.\n    ",
    "hezuo": []
}