{
    "name": "\u6d1b\u96f7\u5854\u00b7\u8fea\u74e6\u6069 Loretta Devine",
    "movies": [
        "\u6211\u662f\u5c71\u59c6 I Am Sam",
        "\u88f8\u5a5a\u5927\u559c Naked"
    ],
    "male": "\u5973",
    "xingzuo": "\u72ee\u5b50\u5ea7",
    "birth": "1949-08-21",
    "area": "\u7f8e\u56fd,\u5f97\u514b\u8428\u65af\u5dde,\u4f11\u65af\u6566",
    "zhiye": [
        "\u6f14\u5458",
        "\u914d\u97f3"
    ],
    "moreName": [
        "\u6d1b\u96f7\u5854\u00b7\u6234\u7ef4\u5c3c"
    ],
    "family": [],
    "intro": "\n            \u3000\u3000\n    ",
    "hezuo": []
}