{
    "name": "\u6c64\u7c73\u00b7\u949f Tommy Chong",
    "movies": [
        "\u75af\u72c2\u52a8\u7269\u57ce Zootopia"
    ],
    "male": "\u7537",
    "xingzuo": "\u53cc\u5b50\u5ea7",
    "birth": "1938-05-24",
    "area": "\u52a0\u62ff\u5927,\u963f\u5c14\u4f2f\u5854\u7701,\u57c3\u5fb7\u8499\u987f",
    "zhiye": [
        "\u6f14\u5458",
        "\u7f16\u5267",
        "\u914d\u97f3",
        "\u5bfc\u6f14",
        "\u5236\u7247\u4eba"
    ],
    "moreName": [
        "\u6c64\u7c73\u00b7\u5e84"
    ],
    "family": [
        "Shelby Chong\uff08\u59bb\uff09",
        "Maxine Sneed\uff08\u524d\u59bb\uff09"
    ],
    "intro": "\n            \u3000\u3000Thomas B. Kin Chong[1] (born May 24, 1938) is a Canadian-American comedian, actor, writer, musician and cannabis rights activist who is known for his marijuana-themed Cheech & Chong comedy albums and movies with Cheech Marin, as well as playing the character Leo on Fox's That '70s Show. He became a naturalized United States citizen in the late 1980s.\n    ",
    "hezuo": []
}