{
    "name": "\u9732\u897f\u00b7\u5b9d\u901a Lucy Boynton",
    "movies": [
        "\u6ce2\u897f\u7c73\u4e9a\u72c2\u60f3\u66f2 Bohemian Rhapsody",
        "\u522b\u6572\u4e24\u6b21\u95e8 Don't Knock Twice"
    ],
    "male": "\u5973",
    "xingzuo": "\u6469\u7faf\u5ea7",
    "birth": "1994-01-17",
    "area": "\u7f8e\u56fd,\u7ebd\u7ea6",
    "zhiye": [
        "\u6f14\u5458"
    ],
    "moreName": [
        "\u9732\u897f\u00b7\u514b\u91cc\u65af\u5854\u8d1d\u5c14\u00b7\u5b9d\u901a(\u5168\u540d)"
    ],
    "family": [
        "Emma Louise Boynton(\u59d0\u59d0)",
        "Rami Malek\uff08\u7537\u53cb\uff09"
    ],
    "intro": "\n\u3000\u3000Her first professional role was as the young Beatrix Potter in the 2006 British-American film Miss Potter. Boynton has said that the first day of filming Miss Potter was \"the best day of [her] life.\"[2] In 2007, Boynton was nominated for the Young Artist Award for Best Performance in a Feature Film \u2013 Supporting Young Actress, for Miss Potter, but did not win.\u3000\u3000She went on to play Posy Fossil in 2007, one of three main characters, in th...(\u5c55\u5f00\u5168\u90e8)\n\u3000\u3000Her first professional role was as the young Beatrix Potter in the 2006 British-American film Miss Potter. Boynton has said that the first day of filming Miss Potter was \"the best day of [her] life.\"[2] In 2007, Boynton was nominated for the Young Artist Award for Best Performance in a Feature Film \u2013 Supporting Young Actress, for Miss Potter, but did not win.\u3000\u3000She went on to play Posy Fossil in 2007, one of three main characters, in the BBC film Ballet Shoes.[3] Posy is a young, ambitious ballerina who is taken under the wing of a prestigious dance academy. Boynton did not actually dance in Ballet Shoes; a body double was used for the dancing scenes. Boynton also played the role of Margaret Dashwood in the BBC serial Sense and Sensibility.\u3000\u3000Lucy most recently filmed the role of Lucia di Narni in BORGIA for Canal+. She recently filmed a guest lead on LEWIS. She appeared in MO with Julie Walters and David Haig. She was in SENSE & SENSIBILITY and BALLET SHOES both for the BBC.\n",
    "hezuo": []
}