{
    "name": "\u90d1\u7956 Joe Cheng",
    "movies": [
        "\u56fd\u4ea7\u51cc\u51cc\u6f06 \u570b\u7522\u51cc\u51cc\u6f06",
        "\u767e\u53d8\u661f\u541b \u767e\u8b8a\u661f\u541b",
        "\u7834\u574f\u4e4b\u738b \u7834\u58de\u4e4b\u738b"
    ],
    "male": "\u7537",
    "xingzuo": "not found",
    "birth": "not found",
    "area": "\u4e2d\u56fd\u9999\u6e2f",
    "zhiye": [
        "\u6f14\u5458"
    ],
    "moreName": [
        "\u90d1\u9526\u8363\uff08\u539f\u540d\uff09"
    ],
    "family": [],
    "intro": "\n            \u3000\u3000\u4e3b\u5c06\n    ",
    "hezuo": []
}