{
    "name": "\u91cc\u5361\u591a\u00b7\u8fbe\u6797 Ricardo Dar\u00edn",
    "movies": [
        "\u8352\u86ee\u6545\u4e8b Relatos salvajes"
    ],
    "male": "\u7537",
    "xingzuo": "\u6469\u7faf\u5ea7",
    "birth": "1957-01-16",
    "area": "\u963f\u6839\u5ef7,\u5e03\u5b9c\u8bfa\u65af\u827e\u5229\u65af",
    "zhiye": [
        "\u6f14\u5458",
        "\u5bfc\u6f14"
    ],
    "moreName": [],
    "family": [
        "Florencia Bas (m. 1987)(\u59bb)",
        "Chino Dar\u00edn(\u5b50)",
        "Clara Dar\u00edn(\u5973)",
        "Alejandra Dar\u00edn(\u59b9)",
        "Ren\u00e9e Roxana(\u6bcd)",
        "Ricardo Dar\u00edn(\u7236)"
    ],
    "intro": "\n            \u3000\u3000\u963f\u6839\u5ef7\u8457\u540d\u7537\u6f14\u5458\uff0c\u7b2c30\u5c4a\u6208\u96c5\u5956\u5f71\u5e1d\uff0c\u7b2c65\u5c4a\u5723\u585e\u5df4\u65af\u8482\u5b89\u7535\u5f71\u8282\u7ec8\u8eab\u6210\u5c31\u5956\uff0c\u56e0\u4e3b\u6f14\u5965\u65af\u5361\u6700\u4f73\u5916\u8bed\u7247\u300a\u8c1c\u4e00\u6837\u7684\u53cc\u773c\u300b\u800c\u51fa\u540d\uff0c\u66fe\u8fde\u7eed\u516d\u5c4a\u63d0\u540d\u963f\u6839\u5ef7\u7535\u5f71\u5b66\u9662\u5956\u6700\u4f73\u7537\u4e3b\u89d2\uff0c\u5e76\u6210\u529f\u4e8c\u5c01\u3002\n    ",
    "hezuo": []
}