{
    "name": "\u91d1\u7f8e\u4eac Mi-kyung Kim",
    "movies": [
        "82\u5e74\u751f\u7684\u91d1\u667a\u82f1 82\ub144\uc0dd \uae40\uc9c0\uc601"
    ],
    "male": "\u5973",
    "xingzuo": "\u5929\u79e4\u5ea7",
    "birth": "1963-10-14",
    "area": "\u97e9\u56fd,\u9996\u5c14",
    "zhiye": [
        "\u6f14\u5458",
        "\u5bfc\u6f14"
    ],
    "moreName": [],
    "family": [],
    "intro": "\n            \u3000\u3000\u91d1\u7f8e\u4eac\uff0c1985\u5e74\u620f\u5267\u521d\u767b\u821e\u53f0\uff0c\u97e9\u56fd\u5b9e\u529b\u6d3e\u8001\u620f\u9aa8\u6f14\u5458\u3002\u97e9\u5267\u4e2d\u51fa\u955c\u7387\u5f88\u9ad8\u7684\u201c\u97e9\u5267\u5988\u5988\u201d\uff0c\u73b0\u4e3a\u5267\u56e2\u821e\u53f0\u56e2\u5458\u97e9\u56fd\u620f\u5267\u534f\u4f1a\u4f1a\u5458\uff0c 1990\u5e74\u767e\u60f3\u827a\u672f\u5927\u8d4f\u65b0\u4eba\u6f14\u6280\u5956\u3002\n    ",
    "hezuo": []
}