{
    "name": "\u91cc\u5361\u591a\u00b7\u65af\u5361\u9a6c\u4e54 Riccardo Scamarcio",
    "movies": [
        "\u75be\u901f\u7279\u653b John Wick: Chapter 2"
    ],
    "male": "\u7537",
    "xingzuo": "\u5929\u874e\u5ea7",
    "birth": "1979-11-13",
    "area": "\u610f\u5927\u5229,\u666e\u5229\u4e9a,\u5df4\u91cc,\u5b89\u5fb7\u91cc\u4e9a",
    "zhiye": [
        "\u6f14\u5458",
        "\u7f16\u5267"
    ],
    "moreName": [
        "\u91cc\u5361\u591a\u00b7\u65af\u5361\u9a6c\u91cc\u5965"
    ],
    "family": [],
    "intro": "\n            \u3000\u3000Riccardo Scamarcio is an Italian film actor and film producer.\n    ",
    "hezuo": []
}