{
    "name": "\u963f\u62c9\u6d4e\u7eb3\u00b7\u66fc\u6069 Alakina Mann",
    "movies": [
        "\u5c0f\u5c9b\u60ca\u9b42 The Others"
    ],
    "male": "\u5973",
    "xingzuo": "\u72ee\u5b50\u5ea7",
    "birth": "1990-08-01",
    "area": "\u82f1\u56fd,\u8428\u91cc",
    "zhiye": [
        "\u6f14\u5458",
        "\u5bfc\u6f14"
    ],
    "moreName": [],
    "family": [],
    "intro": "\n            \u3000\u3000Alakina Mann (born 1 August 1990) is an English actress. She has had a few roles, such as playing Anne in The Others and also appeared in the 2003 movie Girl with a Pearl Earring as Cornelia Vermeer. She also appeared in the television interpretation of Fungus the Bogeyman.\n    ",
    "hezuo": []
}