{
    "name": "\u963f\u5c24\u65af\u66fc\u00b7\u5e93\u62c9\u7eb3 Ayushmann Khurrana",
    "movies": [
        "\u8c03\u97f3\u5e08 Andhadhun"
    ],
    "male": "\u7537",
    "xingzuo": "\u5904\u5973\u5ea7",
    "birth": "1984-09-14",
    "area": "chandigarh",
    "zhiye": [
        "\u6f14\u5458"
    ],
    "moreName": [],
    "family": [
        "P. Khurrana, Mrs. Poonam Khurran"
    ],
    "intro": "\n\u3000\u3000Ayushmann Khurrana (Hindi: \u0906\u092f\u0941\u0937\u094d\u092e\u093e\u0928 \u0916\u0941\u0930\u093e\u0928\u093e) (born 14 September 1984) is an Indian film actor and singer, who started his career as a Television Anchor. In 2012, Khurrana made his film debut in Shoojit Sircar's romantic comedy Vicky Donor, which touched on the topic of sperm donation in India. Upon release, the film was a critical and commercial success, and Khurrana received positive reviews for hi...(\u5c55\u5f00\u5168\u90e8)\n\u3000\u3000Ayushmann Khurrana (Hindi: \u0906\u092f\u0941\u0937\u094d\u092e\u093e\u0928 \u0916\u0941\u0930\u093e\u0928\u093e) (born 14 September 1984) is an Indian film actor and singer, who started his career as a Television Anchor. In 2012, Khurrana made his film debut in Shoojit Sircar's romantic comedy Vicky Donor, which touched on the topic of sperm donation in India. Upon release, the film was a critical and commercial success, and Khurrana received positive reviews for his performance.[1][2]\n",
    "hezuo": []
}