{
    "name": "\u963f\u5a1c\u00b7\u74e6\u683c\u7eb3 Ana Wagener",
    "movies": [
        "\u770b\u4e0d\u89c1\u7684\u5ba2\u4eba Contratiempo"
    ],
    "male": "\u5973",
    "xingzuo": "\u5929\u874e\u5ea7",
    "birth": "1961-11-30",
    "area": "\u897f\u73ed\u7259,\u52a0\u90a3\u5229\u7fa4\u5c9b,\u62c9\u65af\u5e15\u5c14\u9a6c\u65af",
    "zhiye": [
        "\u6f14\u5458"
    ],
    "moreName": [],
    "family": [],
    "intro": "\n            \u3000\u3000Ana Wagener was born in 1962 in Las Palmas de Gran Canaria, Gran Canaria, Canary Islands, Spain as Ana \u00c1lvarez Wagener. She is an actress, known for Biutiful (2010), Contratiempo (2016) and El Bola (2000).\n    ",
    "hezuo": []
}