{
    "name": "\u963f\u5fb7\u91cc\u5b89\u00b7\u970d\u592b Adrian Hough",
    "movies": [
        "\u5996\u6cd5 Hex"
    ],
    "male": "\u7537",
    "xingzuo": "not found",
    "birth": "not found",
    "area": "not found",
    "zhiye": [
        "\u6f14\u5458"
    ],
    "moreName": [],
    "family": [],
    "intro": "\n            \u3000\u3000Adrian Hough is a Canadian actor and the voice and motion capture performer for Haytham Kenway in Assassin's Creed III & Assassin's Creed: Rogue.\u3000\u3000He has appeared in films such as Rise of the Planet of the Apes, X-Men: The Last Stand, The Fog, and Underworld: Evolution. He has also voiced the video game character of Kurt Wagner/Nightcrawler in the 1992 X-Men cartoon and the video game X-Men Mutant Acadamy 2.(wikia)\n    ",
    "hezuo": []
}