{
    "name": "\u9ea6\u514b\u00b7\u5e15\u6797 Michael Palin",
    "movies": [
        "\u5999\u60f3\u5929\u5f00 Brazil"
    ],
    "male": "\u7537",
    "xingzuo": "\u91d1\u725b\u5ea7",
    "birth": "1943-05-05",
    "area": "\u82f1\u56fd,\u82f1\u683c\u5170,\u7ea6\u514b\u90e1,\u8c22\u83f2\u5c14\u5fb7,Ranmoor",
    "zhiye": [
        "\u6f14\u5458",
        "\u7f16\u5267",
        "\u914d\u97f3",
        "\u5bfc\u6f14",
        "\u5236\u7247\u4eba"
    ],
    "moreName": [],
    "family": [
        "Helen Gibbins(\u59bb)"
    ],
    "intro": "\n            \u3000\u3000Sir Michael Edward Palin, KCMG, CBE, FRGS (/\u02c8pe\u026al\u026an/; born 5 May 1943)[1] is an English comedian, actor, writer and television presenter. He was a member of the comedy group Monty Python. Since 1980 he has made a number of travel documentaries.\n    ",
    "hezuo": []
}