{
    "name": "\u9f99\u52ad\u534e Siu Wa Lung",
    "movies": [
        "\u7ffb\u6eda\u5427\uff01\u963f\u4fe1 \u7ffb\u6efe\u5427\uff01\u963f\u4fe1"
    ],
    "male": "\u7537",
    "xingzuo": "\u767d\u7f8a\u5ea7",
    "birth": "1953-03-25",
    "area": "\u4e2d\u56fd\u53f0\u6e7e",
    "zhiye": [
        "\u6f14\u5458"
    ],
    "moreName": [
        "\u9f99\u90b5\u534e"
    ],
    "family": [],
    "intro": "\n            \u3000\u3000\u53f0\u6e7e\u8d44\u6df1\u827a\u4eba\uff0c\u53c2\u4e0e\u8fc7\u5199\u4e66\uff0c\u6f14\u620f\uff0c\u5531\u6b4c\uff0c\u4e3b\u6301\u7b49\u3002\u6635\u79f0\u9f99\u54e5\u3002\u66fe\u5728\u591a\u5e74\u524d\u900f\u8fc7\u8d85\u7ea7\u661f\u671f\u5929\u627e\u5230\u5931\u6563\u591a\u5e74\u7684\u4eb2\u751f\u6bcd\u4eb2\u3002\u4e5f\u66fe\u521b\u4f5c\u300a\u620f\u53f0\u4e0a\u7684\u6d6a\u5b50\u300b\u8fd9\u672c\u534a\u81ea\u4f20\u7684\u4e66\u7c4d\u3002\n    ",
    "hezuo": []
}