{
    "name": "\u9edb\u5b89\u00b7\u514b\u9c81\u683c Diane Kruger",
    "movies": [
        "\u65e0\u803b\u6df7\u86cb Inglourious Basterds",
        "\u56fd\u5bb6\u5b9d\u85cf National Treasure",
        "\u56fd\u5bb6\u5b9d\u85cf\uff1a\u593a\u5b9d\u79d8\u7b08 National Treasure: Book of Secrets"
    ],
    "male": "\u5973",
    "xingzuo": "\u5de8\u87f9\u5ea7",
    "birth": "1976-07-15",
    "area": "\u5fb7\u56fd,\u4e0b\u8428\u514b\u68ee,\u963f\u5c14\u683c\u7c73\u68ee",
    "zhiye": [
        "\u6f14\u5458",
        "\u914d\u97f3",
        "\u5236\u7247\u4eba"
    ],
    "moreName": [
        "\u6234\u5b89\u00b7\u514b\u9c81\u683c",
        "\u6234\u5b89\u00b7\u53e4\u683c(\u6e2f)"
    ],
    "family": [
        "\u5409\u7ea6\u59c6\u00b7\u5361\u5185(\u524d\u592b)",
        "\u4e54\u8212\u4e9a\u00b7\u6770\u514b\u900a(\u524d\u7537\u53cb)"
    ],
    "intro": "\n            \u3000\u3000\u9edb\u5b89\u00b7\u514b\u9c81\u683c\uff08DianeKruger\uff09\u51fa\u751f\u5728\u5fb7\u56fd\uff0c\u66fe\u7ecf\u5728\u82f1\u56fd\u62c5\u4efb\u4e13\u4e1a\u7684\u82ad\u857e\u821e\u8005\uff0c\u56e0\u6f14\u51fa\u53d7\u4f24\u8f6c\u800c\u62c5\u4efb\u6a21\u7279\uff0c\u9ad8\u6311\u7684\u8eab\u6750\u52a0\u4e0a\u957f\u5e74\u82ad\u857e\u821e\u6240\u8bad\u7ec3\u51fa\u6765\u7684\u6c14\u8d28\uff0c\u8ba9\u5979\u5728\u5fb7\u56fd\u6a21\u7279\u754c\u5feb\u901f\u7a9c\u7ea2\uff0c\u968f\u540e\u88ab\u5415\u514b\u00b7\u8d1d\u677e\u53d1\u6398\uff0c\u5f00\u59cb\u7535\u5f71\u5de5\u4f5c\u3002\u5728\u6cd5\u56fd\u62cd\u8fc7\u4e09\u90e8\u7535\u5f71\u4e4b\u540e\uff0c\u5c31\u88ab\u5bfc\u6f14\u6c83\u592b\u5188\u00b7\u5f7c\u5f97\u68ee\u53d1\u73b0\uff0c\u51fa\u6f14\u300a\u7279\u6d1b\u4f0a\u300b\u4e2d\u503e\u56fd\u503e\u57ce\u7684\u738b\u5983\u6d77\u4f26\u3002\n    ",
    "hezuo": []
}