{
    "name": "\u9c8d\u6bd4\u00b7\u83ab\u5c3c\u6c49 Bobby Moynihan",
    "movies": [
        "\u7231\u5ba0\u5927\u673a\u5bc6 The Secret Life of Pets"
    ],
    "male": "\u7537",
    "xingzuo": "\u6c34\u74f6\u5ea7",
    "birth": "1978-01-31",
    "area": "\u7f8e\u56fd,\u7ebd\u7ea6,\u4f0a\u65af\u7279\u5207\u65af\u7279",
    "zhiye": [
        "\u6f14\u5458",
        "\u914d\u97f3",
        "\u7f16\u5267"
    ],
    "moreName": [
        "\u9c8d\u6bd4\u00b7\u83ab\u4f0a\u5c3c\u6c49",
        "\u535a\u6bd4\u00b7\u83ab\u4f0a\u5c3c\u6c49"
    ],
    "family": [],
    "intro": "\n            \u3000\u3000\u9c8d\u6bd4\u00b7\u83ab\u4f0a\u5c3c\u6c49\uff0c\u7f8e\u56fd\u6f14\u5458\u3001\u559c\u5267\u8868\u6f14\u8005\uff0c\u56e0\u62c5\u4efb\u300a\u5468\u516d\u591c\u73b0\u573a\u300b\u7684\u5e38\u9a7b\u6f14\u5458\u800c\u4e3a\u89c2\u4f17\u6240\u719f\u77e5\u3002\n    ",
    "hezuo": []
}