{
    "name": "\u9c8d\u91cc\u65af\u00b7\u5fb7\u6c83\u5c14\u5c3c\u514b Boris Dvornik",
    "movies": [
        "\u6865 \u041c\u043e\u0441\u0442"
    ],
    "male": "\u7537",
    "xingzuo": "\u767d\u7f8a\u5ea7",
    "birth": "not found",
    "area": "\u5357\u65af\u62c9\u592b\uff0c\u514b\u7f57\u5730\u4e9a\uff0c\u65af\u666e\u5229\u7279",
    "zhiye": [
        "\u6f14\u5458",
        "\u5bfc\u6f14",
        "\u526a\u8f91",
        "\u7f16\u5267"
    ],
    "moreName": [],
    "family": [],
    "intro": "\n            \u3000\u3000\n    ",
    "hezuo": []
}