{
    "name": "\u5766\u56fe\u00b7\u5361\u4e01\u8bfa Tantoo Cardinal",
    "movies": [
        "\u71c3\u60c5\u5c81\u6708 Legends of the Fall",
        "\u730e\u51f6\u98ce\u6cb3\u8c37 Wind River"
    ],
    "male": "\u5973",
    "xingzuo": "\u5de8\u87f9\u5ea7",
    "birth": "1950-07-20",
    "area": "\u52a0\u62ff\u5927,\u963f\u5c14\u4f2f\u5854\u7701,\u9ea6\u514b\u9ed8\u91cc\u5821",
    "zhiye": [
        "\u6f14\u5458"
    ],
    "moreName": [],
    "family": [],
    "intro": "\n\u3000\u3000Actress Tantoo Cardinal, a Member of the Order of Canada, one of the country's highest civilian honors. The Order of Canada recognizes Cardinal for her contributions to the growth and development of Aboriginal performing arts in Canada.\u3000\u3000Arguably the most widely recognized Native Actress of her generation; Tantoo has appeared in numerous plays, television programs, and films, including Legends of the Fall, Dances With Wolves, Black Robe...(\u5c55\u5f00\u5168\u90e8)\n\u3000\u3000Actress Tantoo Cardinal, a Member of the Order of Canada, one of the country's highest civilian honors. The Order of Canada recognizes Cardinal for her contributions to the growth and development of Aboriginal performing arts in Canada.\u3000\u3000Arguably the most widely recognized Native Actress of her generation; Tantoo has appeared in numerous plays, television programs, and films, including Legends of the Fall, Dances With Wolves, Black Robe, Loyalties, Luna, Spirit of the Whale, Unnatural & Accidental, Marie-Anne, Sioux City, Silent Tongue, Mother's & Daughter's and Smoke Signals. Recent work includes the films Eden, Maina, Shouting Secrets and From Above.\u3000\u3000Her stirring performance in Loyalties earned her a Genie nomination, American Indian Film Festival Best Actress Award, the People's choice Award at the Toronto Film Festival, plus Best Actress Awards at International Film Festivals in Zimbabwe and Portugal.\u3000\u3000Cardinal was just honored with the 2015 ACTRA Award of Excellence, other honors include Best Actress - Elizabeth Sterling Award in Theatre for All My Relations, First Americans in the Arts Totem Award for her portrayal of the character Katrina in Widows at the Forum Stage in Los Angeles. She won the American Indian Film Festival's Best Actress Award as well as the first Rudy Martin Award for Outstanding Achievement by a Native American in Film for Where the Rivers Flow North, a Gemini Award for North of 60 and a Leo Award for Blackstone.\u3000\u3000Her television credits include recurring roles on the series: Blackstone, The Killing, Arctic Air, Strange Empire,The Guard, North of 60, Dr. Quinn Medicine Woman, The Lightening Field, Street Legal, The Campbell's, Gunsmoke, Tom Stone, Myth Quest, Lonesome Dove and Renegade Press.com. MOW's include Full Flood, The Englishman's Boy, Dreamkeeper and the PBS documentary Nobody's Girls.\u3000\u3000For her contributions to the Native Artistic community, Cardinal won the Eagle Spirit Award. She has also been honored with the MacLeans' magazine\n",
    "hezuo": []
}