{
    "name": "\u5b8b\u6c38\u5f70 Young-chang Song",
    "movies": [
        "\u8499\u592a\u5947 \ubabd\ud0c0\uc8fc",
        "\u8fa9\u62a4\u4eba \ubcc0\ud638\uc778"
    ],
    "male": "\u7537",
    "xingzuo": "\u767d\u7f8a\u5ea7",
    "birth": "1958-04-02",
    "area": "\u97e9\u56fd,\u5e86\u5c1a\u5357\u9053,\u664b\u5dde\u5e02",
    "zhiye": [
        "\u6f14\u5458"
    ],
    "moreName": [
        "\u5b8b\u82f1\u660c(\u8bef)"
    ],
    "family": [
        "\u5b8b\u5c1a\u6069(\u5973)"
    ],
    "intro": "\n            \u3000\u3000\n    ",
    "hezuo": []
}