{
    "name": "\u5b89\u59ae\u00b7\u67ef\u8482\u65af Anne Curtis",
    "movies": [
        "\u5965\u7f57\u62c9\u53f7\u5ba2\u8f6e Aurora"
    ],
    "male": "\u5973",
    "xingzuo": "\u6c34\u74f6\u5ea7",
    "birth": "1985-02-17",
    "area": "\u6fb3\u5927\u5229\u4e9a,\u4e9a\u62c9\u4e07\u52a0",
    "zhiye": [
        "\u6f14\u5458"
    ],
    "moreName": [],
    "family": [],
    "intro": "\n            \u3000\u3000\u83f2\u5f8b\u5bbe\u8457\u540d\u6f14\u5458\u3001\u6a21\u7279\u3001\u4e3b\u6301\u4eba\u3001\u6b4c\u624b\u548c\u65f6\u5c1a\u5076\u50cf\u3002\u5988\u5988Carmen Ojales\u662f\u83f2\u5f8b\u5bbe\u4eba\uff0c\u7238\u7238James Curtis-Smith\u662f\u6fb3\u5927\u5229\u4e9a\u4eba\u3002\u5979\u572812\u5c81\u56de\u83f2\u5f8b\u5bbe\u5ea6\u5047\u65f6\u88ab\u661f\u63a2\u53d1\u6398\u8fdb\u5165\u6f14\u827a\u5708\u3002\n    ",
    "hezuo": []
}