{
    "name": "\u5b89\u5fb7\u9c81\u00b7\u674e\u00b7\u6ce2\u5179 Andrew Lee Potts",
    "movies": [
        "\u5e7b\u5f71\u51f6\u95f4 1408"
    ],
    "male": "\u7537",
    "xingzuo": "\u5929\u874e\u5ea7",
    "birth": "1979-10-29",
    "area": "\u82f1\u56fd,\u82f1\u683c\u5170,\u897f\u7ea6\u514b\u90e1,\u5e03\u62c9\u5fb7\u798f\u5fb7",
    "zhiye": [
        "\u6f14\u5458",
        "\u5bfc\u6f14"
    ],
    "moreName": [],
    "family": [
        "Sarah-Jane Potts\uff08\u59d0\u59d0\uff09"
    ],
    "intro": "\n            \u3000\u3000\n    ",
    "hezuo": []
}