{
    "name": "\u5b89\u8fea\u00b7\u9a6c\u8482\u5207\u514b Andi Matichak",
    "movies": [
        "\u6708\u5149\u5149\u5fc3\u614c\u614c Halloween"
    ],
    "male": "\u5973",
    "xingzuo": "\u91d1\u725b\u5ea7",
    "birth": "1994-05-03",
    "area": "\u7f8e\u56fd,\u9a6c\u8428\u8bf8\u585e\u5dde,\u5f17\u96f7\u660e\u6c49",
    "zhiye": [
        "\u6f14\u5458"
    ],
    "moreName": [],
    "family": [],
    "intro": "\n            \u3000\u3000Andi Matichak is an American actress.\n    ",
    "hezuo": []
}