{
    "name": "\u5b89\u5a1c\u00b7\u739b\u897f Anna Massey",
    "movies": [
        "\u72c2\u51f6\u8bb0 Frenzy"
    ],
    "male": "\u5973",
    "xingzuo": "\u72ee\u5b50\u5ea7",
    "birth": "not found",
    "area": "\u82f1\u56fd,\u897f\u8428\u585e\u514b\u65af,Thakeham",
    "zhiye": [
        "\u6f14\u5458",
        "\u914d\u97f3"
    ],
    "moreName": [],
    "family": [
        "Raymond Massey\uff08\u7236\uff09",
        "Adrianne Allen\uff08\u6bcd\uff09",
        "Jeremy Brett\uff08\u524d\u592b\uff09"
    ],
    "intro": "\n            \u3000\u3000\n    ",
    "hezuo": []
}