{
    "name": "\u5b89\u7eb3\u6258\u5229\u00b7\u7d22\u6d1b\u5c3c\u5c91 Anatoliy Solonitsyn",
    "movies": [
        "\u98de\u5411\u592a\u7a7a \u0421\u043e\u043b\u044f\u0440\u0438\u0441",
        "\u6f5c\u884c\u8005 \u0421\u0442\u0430\u043b\u043a\u0435\u0440"
    ],
    "male": "\u7537",
    "xingzuo": "\u5904\u5973\u5ea7",
    "birth": "not found",
    "area": "\u82cf\u8054\uff0c\u4fc4\u7f57\u65af\uff0c\u83ab\u65af\u79d1",
    "zhiye": [
        "\u6f14\u5458"
    ],
    "moreName": [],
    "family": [],
    "intro": "\n            \u3000\u3000\u82cf\u8054\u8457\u540d\u7535\u5f71\u6f14\u5458\uff0c\u7531\u8457\u540d\u5bfc\u6f14\u5b89\u5fb7\u70c8\u00b7\u5854\u53ef\u592b\u65af\u57fa\u53d1\u6398\u5e76\u542f\u7528\uff0c\u5e76\u968f\u540e\u548c\u5854\u53ef\u592b\u65af\u57fa\u5408\u4f5c\u4e86\u591a\u90e8\u7535\u5f71\u3002\n    ",
    "hezuo": []
}