{
    "name": "\u5a1c\u5a01\u5c14\u00b7\u739b\u8fbe\u5c3c Nawell Madani",
    "movies": [
        "\u501f\u53e3\u516c\u53f8 Alibi.com"
    ],
    "male": "\u5973",
    "xingzuo": "\u5929\u874e\u5ea7",
    "birth": "1983-10-25",
    "area": "\u6bd4\u5229\u65f6,\u74e6\u7279\u5c14\u9a6c\u5c14-\u5e03\u74e6\u798f\u5c14",
    "zhiye": [
        "\u6f14\u5458",
        "\u5bfc\u6f14",
        "\u7f16\u5267"
    ],
    "moreName": [],
    "family": [],
    "intro": "\n            \u3000\u3000\n    ",
    "hezuo": []
}