{
    "name": "\u514b\u91cc\u65af\u8482\u5a1c\u00b7\u949f Christina Chong",
    "movies": [
        "\u61a8\u8c46\u7279\u5de52 Johnny English Reborn"
    ],
    "male": "\u5973",
    "xingzuo": "\u6469\u7faf\u5ea7",
    "birth": "1983-01-01",
    "area": "\u82f1\u56fd,\u4f26\u6566",
    "zhiye": [
        "\u6f14\u5458"
    ],
    "moreName": [],
    "family": [],
    "intro": "\n            \u3000\u3000\u514b\u91cc\u65af\u8482\u5a1c\u00b7\u949f(Christina Chong)\u662f\u4e00\u4f4d\u6709\u540d\u7684\u82f1\u56fd\u7c4d\u4e9a\u88d4\u5973\u6f14\u5458\u3002\u5979\u5728\u7535\u5f71\u300a\u795e\u79d8\u535a\u58eb\u300b\u4e2d\u9970\u6f14\u4e86\u672a\u6765\u6218\u58ebLorna Bucket\u3002 \u514b\u91cc\u65af\u8482\u5a1c\u4e5f\u5728\u7535\u5f71\u300aMonroe\u300b\u6709\u8fc7\u51fa\u6f14\u3002\n    ",
    "hezuo": []
}