{
    "name": "\u514b\u62c9\u62c9\u00b7\u585e\u53e4\u62c9 Clara Segura",
    "movies": [
        "\u6d77\u5e02\u8703\u697c Durante la tormenta"
    ],
    "male": "\u5973",
    "xingzuo": "\u91d1\u725b\u5ea7",
    "birth": "1974-05-06",
    "area": "\u897f\u73ed\u7259,\u52a0\u6cf0\u7f57\u5c3c\u4e9a,\u5df4\u585e\u7f57\u90a3,\u5723\u80e1\u65af\u6258\u5fb7\u65af\u97e6\u5c14\u6069",
    "zhiye": [
        "\u6f14\u5458"
    ],
    "moreName": [],
    "family": [
        "Lluc Segura(\u5b50)",
        "Mart\u00ed Segura(\u5b50)"
    ],
    "intro": "\n            \u3000\u3000\n    ",
    "hezuo": []
}