{
    "name": "\u514b\u91cc\u65af\u63d0\u5a1c\u00b7\u6768\u8fbe Krystyna Janda",
    "movies": [
        "\u94f6\u8272\u661f\u7403 Na srebrnym globie"
    ],
    "male": "\u5973",
    "xingzuo": "\u5c04\u624b\u5ea7",
    "birth": "1952-12-18",
    "area": "\u6ce2\u5170,\u65af\u5854\u62c9\u970d\u7ef4\u91c7",
    "zhiye": [
        "\u6f14\u5458",
        "\u5bfc\u6f14",
        "\u7f16\u5267"
    ],
    "moreName": [
        "\u514b\u8389\u4e1d\u6c40\u5a1c\u00b7\u8881\u59b2",
        "\u514b\u91cc\u65af\u8482\u5a1c\u00b7\u626c\u8fbe"
    ],
    "family": [],
    "intro": "\n            \u3000\u3000\u514b\u91cc\u65af\u63d0\u5a1c\u00b7\u6768\u8fbe\uff0c\u662f\u4e00\u4f4d\u6ce2\u5170\u7535\u5f71\u548c\u620f\u5267\u6f14\u5458\uff0c\u51fa\u751f\u4e8e1952\u5e7412\u670818\u65e5\u3002\u5979\u56e0\u5728\u6ce2\u5170\u5bfc\u6f14\u5b89\u5fb7\u70c8\u00b7\u74e6\u4f0a\u8fbe\u7684\u591a\u90e8\u7535\u5f71\u62c5\u4efb\u4e3b\u89d2\uff0c\u800c\u4eab\u8a89\u56fd\u9645\u3002\n    ",
    "hezuo": []
}