{
    "name": "\u514b\u91cc\u65af\u6258\u592b\u00b7\u6885\u5179-\u666e\u83b1\u745f Christopher Mintz-Plasse",
    "movies": [
        "\u9a6f\u9f99\u9ad8\u624b3 How to Train Your Dragon: The Hidden World",
        "\u9a6f\u9f99\u9ad8\u624b2 How to Train Your Dragon 2",
        "\u9a6f\u9f99\u9ad8\u624b How to Train Your Dragon"
    ],
    "male": "\u7537",
    "xingzuo": "\u53cc\u5b50\u5ea7",
    "birth": "1989-06-20",
    "area": "\u7f8e\u56fd,\u52a0\u5229\u798f\u5c3c\u4e9a\u5dde,\u6d1b\u6749\u77f6",
    "zhiye": [
        "\u6f14\u5458",
        "\u914d\u97f3",
        "\u7f16\u5267"
    ],
    "moreName": [],
    "family": [],
    "intro": "\n            \u3000\u3000\u751f\u4e8e1989\u5e746\u670820\u65e5\uff0c\u52a0\u5229\u798f\u5c3c\u4e9a\u3000\u3000\u8c46\u74e3\u5c0f\u7ec4\uff1ahttp://www.douban.com/group/259334/\n",
    "hezuo": []
}