{
    "name": "\u53f2\u8482\u82ac\u00b7\u9a6c\u8d6b\u7279 Stephen Macht",
    "movies": [
        "\u94f6\u6cb3\u5973\u6218\u58eb Galaxina"
    ],
    "male": "\u7537",
    "xingzuo": "\u91d1\u725b\u5ea7",
    "birth": "1942-05-01",
    "area": "\u7f8e\u56fd,\u5bbe\u5915\u6cd5\u5c3c\u4e9a\u5dde,\u8d39\u57ce",
    "zhiye": [
        "\u6f14\u5458",
        "\u5bfc\u6f14"
    ],
    "moreName": [],
    "family": [
        "Gabriel Macht(\u5b50)"
    ],
    "intro": "\n            \u3000\u3000\n    ",
    "hezuo": []
}