{
    "name": "\u5185\u68ee\u00b7\u743c\u65af Nathan Jones",
    "movies": [
        "\u75af\u72c2\u7684\u9ea6\u514b\u65af4\uff1a\u72c2\u66b4\u4e4b\u8def Mad Max: Fury Road"
    ],
    "male": "\u7537",
    "xingzuo": "\u72ee\u5b50\u5ea7",
    "birth": "1969-08-21",
    "area": "\u6fb3\u5927\u5229\u4e9a,\u6606\u58eb\u5170\u5dde\u9ec4\u91d1\u6d77\u5cb8",
    "zhiye": [
        "\u6f14\u5458"
    ],
    "moreName": [],
    "family": [],
    "intro": "\n            \u3000\u3000\n    ",
    "hezuo": []
}