{
    "name": "\u53f2\u5bbe\u585e\u00b7\u6d1b\u514b Spencer Locke",
    "movies": [
        "\u6f5c\u4f0f4\uff1a\u9501\u547d\u4ea1\u7075 Insidious: The Last Key",
        "\u9057\u613f The Final Wish"
    ],
    "male": "\u5973",
    "xingzuo": "\u5904\u5973\u5ea7",
    "birth": "1991-09-20",
    "area": "\u7f8e\u56fd,\u4f5b\u7f57\u91cc\u8fbe\u5dde,\u51ac\u5b63\u516c\u56ed",
    "zhiye": [
        "\u6f14\u5458",
        "\u914d\u97f3"
    ],
    "moreName": [],
    "family": [],
    "intro": "\n            \u3000\u3000       \u53f2\u5bbe\u8d5b\u00b7\u6d1b\u514b\u5728\u5979\u521d\u8bd5\u557c\u58f0\u5f00\u59cb\u6f14\u827a\u751f\u6daf\u4e4b\u9645\uff0c\u6210\u529f\u7684\u5728\u7535\u5f71\u3001\u7535\u89c6\u3001\u73b0\u573a\u8868\u6f14/\u5267\u573a\u53ca\u5546\u4e1a\u5e7f\u544a\u4e2d\u83b7\u5f97\u6210\u529f\u3002\u5979\u7684\u5927\u94f6\u5e55\u4ee3\u8868\u4f5c\u662f\u8a79\u59c6\u65af\u5e03\u6d1b\u514b\u65af\u5bfc\u6f14\u7684\u771f\u60c5\u5feb\u8bd1\u901a\u3002\u3000\u3000\u5728\u7535\u89c6\u754c\uff0c\u5979\u66fe\u5728\u534e\u7eb3\u7535\u89c6\u7f512005\u5e74\u7684\u7535\u89c6\u5267\u96c6\"Untitled Camryn Manheim Pilot\"\u4e2d\u53c2\u4e0e\u6f14\u51fa\u3002\u5979\u8fd8\u66fe\u5ba2\u4e32\u6f14\u51fa\u5305\u62ec\"Without a Trace\"\u3001\"Ned`s Declassified School Survival Guide\"\u3001\"Phil of the Future\"\u7b49\u3002\n    ",
    "hezuo": []
}