{
    "name": "\u51ef\u5c14\u00b7\u5409\u514b\u745e\u65af\u7279 Keir Gilchrist",
    "movies": [
        "\u5b83\u5728\u8eab\u540e It Follows"
    ],
    "male": "\u7537",
    "xingzuo": "\u5929\u79e4\u5ea7",
    "birth": "1992-09-28",
    "area": "\u82f1\u56fd,\u4f26\u6566",
    "zhiye": [
        "\u6f14\u5458",
        "\u914d\u97f3"
    ],
    "moreName": [
        "\u51ef\u5c14\u00b7\u5409\u5c14\u514b\u745e\u65af\u7279",
        "\u51ef\u5c14\u00b7\u5409\u5c14\u594e\u65af\u7279"
    ],
    "family": [],
    "intro": "\n            \u3000\u3000\u51ef\u5c14\u00b7\u5409\u514b\u745e\u65af\u7279\uff0c\u82f1\u56fd\u6f14\u5458\u3002\u66fe\u4e3b\u6f14 \u300a\u8bf4\u6765\u6709\u70b9\u53ef\u7b11\u300b\u3001\u300a\u6447\u6eda\u4e4b\u738b\u300b\uff0c\u5e76\u51ed\u6b64\u83b7\u5f972008\u5e74 \u9752\u5e74\u827a\u672f\u5bb6\u5956(Young Artist Award) Best Performance in a TV Series - Leading Young Actor\uff08\u63d0\u540d\uff09\u3002\n    ",
    "hezuo": []
}