{
    "name": "\u51ef\u8389\u00b7\u7f57\u5c14\u5df4\u8d6b Kelly Rohrbach",
    "movies": [
        "\u6d77\u6ee9\u6e38\u4fa0 Baywatch"
    ],
    "male": "\u5973",
    "xingzuo": "\u6c34\u74f6\u5ea7",
    "birth": "1990-01-21",
    "area": "\u7f8e\u56fd,\u7ebd\u7ea6",
    "zhiye": [
        "\u6f14\u5458"
    ],
    "moreName": [],
    "family": [],
    "intro": "\n\u3000\u3000Overview (1)\u3000\u3000Height\t 5' 9\" (1.75 m)\u3000\u3000Mini Bio (1)\u3000\u3000Kelly Rohrbach is a Connecticut born actress and model. After graduating from Georgetown University in 2012, where she was recruited to play Division One Women's Golf, she moved to Los Angeles to pursue her passion for acting. Kelly majored in theater at Georgetown, as well as attending the London Academy of Music and Dramatic Art (LAMDA). Rohrbach will have her break out role in...(\u5c55\u5f00\u5168\u90e8)\n\u3000\u3000Overview (1)\u3000\u3000Height\t 5' 9\" (1.75 m)\u3000\u3000Mini Bio (1)\u3000\u3000Kelly Rohrbach is a Connecticut born actress and model. After graduating from Georgetown University in 2012, where she was recruited to play Division One Women's Golf, she moved to Los Angeles to pursue her passion for acting. Kelly majored in theater at Georgetown, as well as attending the London Academy of Music and Dramatic Art (LAMDA). Rohrbach will have her break out role in BAYWATCH for Paramount Pictures, which is scheduled for release May 2017. She co-stars as the iconic role of \"C. J. Parker\" opposite Dwayne Johnson and Zac Efron. Rohrbach has worked with directors such as Woody Allen and Seth Gordon and was most recently seen in Comedy Central's BROAD CITY. In 2016, Rohrbach received the Maui Film Festival Rising Star Award.\u3000\u3000Rohrbach first gained acclaim in modeling in 2015 when she appeared in Sports Illustrated's Swimsuit Edition, where she was named Rookie of the Year. This appearance also marked her first professional modeling job. To date, she has appeared in two consecutive editions of the annual Sports Illustrated Swimsuit issue. She continues to have a successful career in the fashion industry gracing the covers of Italian Vogue, GQ South America, Spanish Glamour, Jalouse, S Moda and Elle and appearances in international editions of Harper's Bazaar, and SELF.\u3000\u3000Rohrbach, who is one of five children, currently divides her time between New York City and Los Angeles. Aside from acting and modeling, she continues to be an avid golfer, enjoys a healthy, active lifestyle-hiking and practicing yoga. She spends her spare time volunteering at the Aviva Center for Girls, empowering and enriching the lives of young ladies.\n",
    "hezuo": []
}