{
    "name": "\u5415\u8fea\u683c\u00b7\u798f\u683c\u52d2 R\u00fcdiger Vogler",
    "movies": [
        "\u76f4\u5230\u4e16\u754c\u5c3d\u5934 Bis ans Ende der Welt"
    ],
    "male": "\u7537",
    "xingzuo": "\u91d1\u725b\u5ea7",
    "birth": "1942-05-14",
    "area": "\u5fb7\u56fd,\u7b26\u817e\u5821,Biberach,Warthausen",
    "zhiye": [
        "\u6f14\u5458"
    ],
    "moreName": [],
    "family": [],
    "intro": "\n\u3000\u3000R\u00fcdiger Vogler attended acting school in Heidelberg from 1963 to 1965. Later he played for six years at \"Theater am Turm\" in Frankfurt am Main, often in the plays by Peter Handke.\u3000\u3000His film debut was in 1970 in a TV film \"Chronik der laufenden Ereignisse\" (\"Chronicle of Current Events\") by Peter Handke. But Vogler's greater film career really started with The Goalkeeper's Fear of the Penalty (1972) and Alice in the Cities (1974), both ...(\u5c55\u5f00\u5168\u90e8)\n\u3000\u3000R\u00fcdiger Vogler attended acting school in Heidelberg from 1963 to 1965. Later he played for six years at \"Theater am Turm\" in Frankfurt am Main, often in the plays by Peter Handke.\u3000\u3000His film debut was in 1970 in a TV film \"Chronik der laufenden Ereignisse\" (\"Chronicle of Current Events\") by Peter Handke. But Vogler's greater film career really started with The Goalkeeper's Fear of the Penalty (1972) and Alice in the Cities (1974), both directed by Wim Wenders. The creative partnership of Vogler and Wenders lasted for nearly 20 years. R\u00fcdiger Vogler also played in various German TV series, such as Tatort, Derrick and Der Alte. Vogler lives in Paris and in Mittelbuch near Biberach an der Ri\u00df.\u3000\u3000Vogler is most often recognized for his collaboration with director Wim Wenders. In several Wenders films Vogler's character name is Philip Winter, although Winter's occupation changes from film to film. Such films include Alice in the Cities, Kings of the Road, Faraway, So Close!, Until the End of the World and Lisbon Story. The Wrong Move is the only Wenders film starring R\u00fcdiger Vogler where Vogler's character has a different last name, Wilhelm. Most of the Winter characters, as well as the Wilhelm character in The Wrong Move, are film technicians, including a photographer (Alice in the Cities), a writer (The Wrong Move), a movie theater repairman (Kings of the Road), and a motion picture sound engineer (Lisbon Story).\n",
    "hezuo": []
}