{
    "name": "\u5207\u5947\u00b7\u9a6c\u6797 Cheech Marin",
    "movies": [
        "\u8d5b\u8f66\u603b\u52a8\u5458 Cars"
    ],
    "male": "\u7537",
    "xingzuo": "\u5de8\u87f9\u5ea7",
    "birth": "1946-07-13",
    "area": "\u7f8e\u56fd,\u52a0\u5229\u798f\u5c3c\u4e9a\u5dde,\u6d1b\u6749\u77f6",
    "zhiye": [
        "\u6f14\u5458",
        "\u914d\u97f3",
        "\u7f16\u5267",
        "\u5bfc\u6f14"
    ],
    "moreName": [
        "\u5947\u514b\u00b7\u9a6c\u6797"
    ],
    "family": [],
    "intro": "\n            \u3000\u3000\u5207\u5947\u00b7\u9a6c\u6797\u51fa\u751f\u4e8e\u7f8e\u56fd\u52a0\u5229\u798f\u5c3c\u4e9a\u5dde\u6d1b\u6749\u77f6\uff0c\u662f\u7f8e\u56fd\u7b11\u661f\u548c\u7535\u5f71\u7535\u89c6\u6f14\u5458\u3002\n    ",
    "hezuo": []
}