{
    "name": "\u521d\u4e95\u8a00\u8363 Kotoe Hatsui",
    "movies": [
        "\u5929\u7a7a\u4e4b\u57ce \u5929\u7a7a\u306e\u57ce\u30e9\u30d4\u30e5\u30bf"
    ],
    "male": "not found",
    "xingzuo": "\u6469\u7faf\u5ea7",
    "birth": "not found",
    "area": "\u65e5\u672c,\u6a2a\u6ee8",
    "zhiye": [
        "\u6f14\u5458",
        "\u914d\u97f3"
    ],
    "moreName": [
        "\u521d\u4e95\u8a00\u6804"
    ],
    "family": [],
    "intro": "\n            \u3000\u3000\n    ",
    "hezuo": []
}