{
    "name": "\u5218\u5e05\u826f Shuailiang Liu",
    "movies": [
        "\u9a74\u5f97\u6c34"
    ],
    "male": "\u7537",
    "xingzuo": "\u53cc\u9c7c\u5ea7",
    "birth": "1987-03-05",
    "area": "\u4e2d\u56fd,\u8fbd\u5b81,\u6c88\u9633",
    "zhiye": [
        "\u6f14\u5458"
    ],
    "moreName": [],
    "family": [],
    "intro": "\n            \u3000\u3000\u9752\u5e74\u7537\u6f14\u5458\uff0c\u8eab\u9ad8187cm\uff0c\u6bd5\u4e1a\u4e8e\u4e2d\u592e\u620f\u5267\u5b66\u9662\u30022012\u5e74\u53c2\u4e0e\u62cd\u6444\u300a\u5927\u6f20\u8c23\u300b\u5e76\u9970\u6f14\u536b\u9752\u7684\u513f\u5b50\u536b\u4f09\u4e00\u89d2\u3002\n    ",
    "hezuo": []
}