{
    "name": "\u5218\u627f\u7766 Yoo Seung-Mok",
    "movies": [
        "\u6076\u4eba\u4f20 \uc545\uc778\uc804",
        "\u8499\u592a\u5947 \ubabd\ud0c0\uc8fc",
        "\u96a7\u9053 \ud130\ub110",
        "\u6f58\u591a\u62c9 \ud310\ub3c4\ub77c"
    ],
    "male": "\u7537",
    "xingzuo": "\u5904\u5973\u5ea7",
    "birth": "1969-09-14",
    "area": "not found",
    "zhiye": [
        "\u6f14\u5458"
    ],
    "moreName": [
        "\u5218\u80dc\u7766",
        "\u67f3\u627f\u7a46"
    ],
    "family": [],
    "intro": "\n            \u3000\u3000\n    ",
    "hezuo": []
}