{
    "name": "\u524d\u7530\u822a\u57fa Koki Maeda",
    "movies": [
        "\u5947\u8ff9 \u5947\u8de1"
    ],
    "male": "\u7537",
    "xingzuo": "\u5c04\u624b\u5ea7",
    "birth": "1998-12-13",
    "area": "\u65e5\u672c,\u5927\u962a",
    "zhiye": [
        "\u6f14\u5458"
    ],
    "moreName": [],
    "family": [
        "\u524d\u7530\u65fa\u5fd7\u90ce(\u5f1f)"
    ],
    "intro": "\n            \u3000\u3000\u524d\u7530\u822a\u57fa\uff0c\u65e5\u672c\u513f\u7ae5\u6f14\u5458\u3002\u548c\u5f1f\u5f1f\u524d\u7530\u65fa\u5fd7\u90ce\u7ec4\u6210\u201c\u524d\u7530\u524d\u7530\u201d\u7ec4\u5408\uff0c\u662f\u677e\u7af9\u5a31\u4e50\u65d7\u4e0b\u827a\u4eba\u3002\n    ",
    "hezuo": []
}