{
    "name": "\u5361\u62c9\u00b7\u970d\u6839 Cara Horgan",
    "movies": [
        "\u7a7f\u6761\u7eb9\u7761\u8863\u7684\u7537\u5b69 The Boy in the Striped Pajamas"
    ],
    "male": "\u5973",
    "xingzuo": "not found",
    "birth": "not found",
    "area": "not found",
    "zhiye": [
        "\u6f14\u5458"
    ],
    "moreName": [],
    "family": [],
    "intro": "\n            \u3000\u3000Cara Horgan is an actress, known for The Boy in the Striped Pyjamas (2008), Peep Show (2003) and The Death of Stalin (2017).\n    ",
    "hezuo": []
}