{
    "name": "\u5927\u536b\u00b7\u51ef\u65af David Keith",
    "movies": [
        "\u730e\u6740U-571 U-571",
        "\u6df1\u5165\u654c\u540e Behind Enemy Lines"
    ],
    "male": "\u7537",
    "xingzuo": "\u91d1\u725b\u5ea7",
    "birth": "1954-05-08",
    "area": "\u7f8e\u56fd,\u7530\u7eb3\u897f\u5dde,\u8bfa\u514b\u65af\u7ef4\u5c14",
    "zhiye": [
        "\u6f14\u5458",
        "\u5bfc\u6f14",
        "\u5236\u7247\u4eba"
    ],
    "moreName": [],
    "family": [],
    "intro": "\n            \u3000\u3000\n    ",
    "hezuo": []
}