{
    "name": "\u5927\u536b\u00b7\u6c83\u8096\u592b\u65af\u57fa David Warshofsky",
    "movies": [
        "\u98d3\u98ce\u8425\u6551 Taken",
        "\u98d3\u98ce\u8425\u65513 Taken 3"
    ],
    "male": "\u7537",
    "xingzuo": "\u53cc\u9c7c\u5ea7",
    "birth": "1961-02-23",
    "area": "\u7f8e\u56fd,\u52a0\u5229\u798f\u5c3c\u4e9a\u5dde,\u65e7\u91d1\u5c71",
    "zhiye": [
        "\u6f14\u5458"
    ],
    "moreName": [],
    "family": [],
    "intro": "\n            \u3000\u3000\n    ",
    "hezuo": []
}