{
    "name": "\u5927\u536b\u00b7\u67e5\u666e\u5c14 Dave Chappelle",
    "movies": [
        "\u7a7a\u4e2d\u76d1\u72f1 Con Air"
    ],
    "male": "\u7537",
    "xingzuo": "\u5904\u5973\u5ea7",
    "birth": "1973-08-24",
    "area": "\u7f8e\u56fd,\u534e\u76db\u987f\u54e5\u4f26\u6bd4\u4e9a\u7279\u533a",
    "zhiye": [
        "\u6f14\u5458",
        "\u7f16\u5267",
        "\u5236\u7247\u4eba",
        "\u914d\u97f3",
        "\u5bfc\u6f14"
    ],
    "moreName": [
        "\u6234\u592b\u00b7\u67e5\u4f69\u5c14"
    ],
    "family": [
        "Elaine Chappelle(\u59bb)"
    ],
    "intro": "\n\u3000\u3000David Khari Webber \"Dave\" Chappelle born August 24, 1973) is an American comedian, screenwriter, television/film producer, actor, and artist. Chappelle began his film career in the film Robin Hood: Men in Tights in 1993 and continued to star in minor roles in the films The Nutty Professor, Con Air, and Blue Streak. His first lead role in a film was in Half Baked in 1998. In 2003, he became widely known for his popular sketch comedy televis...(\u5c55\u5f00\u5168\u90e8)\n\u3000\u3000David Khari Webber \"Dave\" Chappelle born August 24, 1973) is an American comedian, screenwriter, television/film producer, actor, and artist. Chappelle began his film career in the film Robin Hood: Men in Tights in 1993 and continued to star in minor roles in the films The Nutty Professor, Con Air, and Blue Streak. His first lead role in a film was in Half Baked in 1998. In 2003, he became widely known for his popular sketch comedy television series, Chappelle's Show, which ran until his abrupt retirement from the show in 2005. Chappelle is ranked forty-third in Comedy Central Presents: 100 Greatest Stand-Ups of All Time.\n",
    "hezuo": []
}