{
    "name": "\u5965\u5c14\u96ef\u00b7\u51ef\u745f\u7433\u00b7\u51ef\u8389 Olwen Catherine Kelly",
    "movies": [
        "\u65e0\u540d\u5973\u5c38 The Autopsy of Jane Doe"
    ],
    "male": "\u5973",
    "xingzuo": "not found",
    "birth": "not found",
    "area": "\u7231\u5c14\u5170,\u90fd\u67cf\u6797",
    "zhiye": [
        "\u6f14\u5458"
    ],
    "moreName": [],
    "family": [],
    "intro": "\n            \u3000\u3000Olwen Catherine Kelly is an actress popularly known for her portrayal as Jane Doe in The Autopsy of Jane Doe (2016). She is also known for playing Aisling Callahan in Darkness on the Edge of Town and for making an appearance on the TV show Why Life Sucks When You're in Your 20s.\n    ",
    "hezuo": []
}