{
    "name": "\u4f0a\u6208\u5c14\u00b7\u4f0a\u6797\u65af\u57fa Igor Ilyinsky",
    "movies": [
        "\u706b\u661f\u5973\u738b\u827e\u8389\u5854 \u0410\u044d\u043b\u0438\u0442\u0430"
    ],
    "male": "\u7537",
    "xingzuo": "\u72ee\u5b50\u5ea7",
    "birth": "not found",
    "area": "\u4fc4\u7f57\u65af,\u83ab\u65af\u79d1",
    "zhiye": [
        "\u6f14\u5458",
        "\u914d\u97f3",
        "\u5bfc\u6f14",
        "\u7f16\u5267"
    ],
    "moreName": [],
    "family": [],
    "intro": "\n            \u3000\u3000\n    ",
    "hezuo": []
}