{
    "name": "\u4e95\u4e0a\u559c\u4e45\u5b50 Kikuko Inoue",
    "movies": [
        "\u9b54\u5973\u5b85\u6025\u4fbf \u9b54\u5973\u306e\u5b85\u6025\u4fbf"
    ],
    "male": "\u5973",
    "xingzuo": "\u5929\u79e4\u5ea7",
    "birth": "1964-09-25",
    "area": "\u65e5\u672c,\u6a2a\u987b\u8d3a",
    "zhiye": [
        "\u914d\u97f3",
        "\u6f14\u5458"
    ],
    "moreName": [
        "\u6c38\u8fdc\u768417\u5c81"
    ],
    "family": [
        "\u4e95\u4e0a\u7a57\u4e43\u82b1\uff08\u5973\u513f\uff09"
    ],
    "intro": "\n            \u3000\u3000\u300a\u4e71\u9a6c1/2\u300b\u4e2d\u7684\u5927\u59d0\u5929\u9053\u971e\uff0c\u300a\u602a\u76d7\u5723\u5c11\u5973\u300b\u4e2d\u7684\u4fee\u5973\u5723\u826f\uff0c\u300a\u6211\u7684\u5973\u795e\u300b\u4e2d\u7684\u8d1d\u9732\u00b7\u4e39\u8482\u3002\n    ",
    "hezuo": []
}