{
    "name": "\u4f0a\u6069\u00b7\u9ea6\u67ef\u8096\u6069 Ian McShane",
    "movies": [
        "\u529f\u592b\u718a\u732b Kung Fu Panda",
        "\u75be\u901f\u5907\u6218 John Wick: Chapter 3 - Parabellum",
        "\u75be\u901f\u7279\u653b John Wick: Chapter 2",
        "\u738b\u724c\u8d31\u8c0d\uff1a\u683c\u6797\u65af\u6bd4 The Brothers Grimsby",
        "\u6b7b\u4ea1\u98de\u8f66 Death Race",
        "\u7b2c39\u53f7\u6848\u4ef6 Case 39"
    ],
    "male": "\u7537",
    "xingzuo": "\u5929\u79e4\u5ea7",
    "birth": "1942-09-29",
    "area": "\u82f1\u56fd,\u82f1\u683c\u5170,\u5170\u5f00\u590f\u90e1,\u5e03\u83b1\u514b\u672c",
    "zhiye": [
        "\u6f14\u5458",
        "\u914d\u97f3",
        "\u5236\u7247\u4eba",
        "\u5bfc\u6f14"
    ],
    "moreName": [],
    "family": [
        "Gwen Humble\uff08\u59bb\uff09",
        "Suzan Farmer\uff08\u524d\u59bb\uff09",
        "Ruth Post\uff08\u524d\u59bb\uff09"
    ],
    "intro": "\n            \u3000\u3000\u6bd5\u4e1a\u4e8e\u7687\u5bb6\u620f\u5267\u827a\u672f\u5b66\u9662\uff0c\u620f\u9f84\u8d85\u8fc740\u4f59\u5e74\uff0c\u6781\u64c5\u957f\u821e\u53f0\u5267\u7684\u8868\u6f14\uff0c\u6f14\u8fc7\u7684\u7535\u5f71\u3001\u7535\u89c6\u5267\u4e0d\u4e0b\u767e\u90e8\u30022004\u5e74\uff0c\u4f0a\u5b89\u9ea6\u897f\u6069\u56e0\u6f14\u51faHBO\u7535\u89c6\u5f71\u96c6\u300cDeadwood\u300d\u800c\u8363\u83b7\u91d1\u7403\u5956\u300c\u6700\u4f73\u7537\u6f14\u5458\u5956\u300d\uff0c\u4ea6\u83b72005\u5e74\u827e\u7f8e\u5956\u300c\u6700\u4f73\u7537\u6f14\u5458\u300d\u7684\u63d0\u540d\u3002\u4f0a\u5b89\u9ea6\u897f\u6069\u5176\u4ed6\u77e5\u540d\u7535\u5f71\u4f5c\u54c1\u6709\uff1a\u300a\u9ec4\u91d1\u7f57\u76d8\u300b\uff08The Golden Compass\uff09\u3001\u300a\u5149\u660e\u8ffd\u6355\u624b\uff1a\u9ed1\u7eaa\u5143\u300b\uff08The Dark Is Rising\uff09\u3001\u300a\u5e0c\u671b\u4e0d\u706d\u300b\uff08We Are Marshall\uff09\u53ca\u300a\u5c0f\u9b3c\u7279\u52a1\u300b\uff08Agent Cody Banks\uff09\u2026\u7b49\u3002\n    ",
    "hezuo": []
}