{
    "name": "\u5f20\u5609\u76ca Jiayi Zhang",
    "movies": [
        "\u80cc\u9760\u80cc\uff0c\u8138\u5bf9\u8138"
    ],
    "male": "\u7537",
    "xingzuo": "\u767d\u7f8a\u5ea7",
    "birth": "1970-04-08",
    "area": "\u4e2d\u56fd,\u9655\u897f,\u897f\u5b89",
    "zhiye": [
        "\u6f14\u5458",
        "\u5236\u7247\u4eba",
        "\u914d\u97f3",
        "\u5bfc\u6f14",
        "\u7f8e\u672f"
    ],
    "moreName": [
        "\u5f20\u5c0f\u7ae5",
        "\u5f20\u5609\u8bd1(\u66fe\u7528\u540d)"
    ],
    "family": [
        "\u738b\u6d77\u71d5(\u59bb\u5b50)"
    ],
    "intro": "\n            \u3000\u3000\u5f20\u5609\u8bd1\uff0c1970\u5e74\u51fa\u751f\uff0c\u6bd5\u4e1a\u4e8e\u5317\u4eac\u7535\u5f71\u5b66\u9662\uff0c\u5f71\u89c6\u6f14\u5458\u3002\u5728\u300a\u5e15\u7c73\u5c14\u533b\u751f\u300b\u3001\u300a\u56fd\u5bb6\u4f7f\u547d\u300b\u3001\u300a\u534a\u8def\u592b\u59bb\u300b\u7b49\u5f71\u89c6\u4f5c\u54c1\u4e2d\u6709\u7740\u51fa\u8272\u8868\u6f14\u30022009\u5e74\uff0c\u56e0\u5728\u4e89\u8bae\u6027\u7535\u89c6\u5267\u300a\u8717\u5c45\u300b\u4e2d\u7684\u8868\u6f14\u800c\u540d\u58f0\u5927\u566a\u3002\n    ",
    "hezuo": []
}