{
    "name": "\u5f20\u96bd\u6ea2 Junyi Zhang",
    "movies": [
        "\u8bb0\u5fc6\u5927\u5e08"
    ],
    "male": "\u7537",
    "xingzuo": "\u53cc\u5b50\u5ea7",
    "birth": "1983-05-21",
    "area": "\u4e2d\u56fd,\u8fbd\u5b81,\u5927\u8fde",
    "zhiye": [
        "\u6f14\u5458"
    ],
    "moreName": [
        "\u5f20\u5ff5\u9a85(\u672c\u540d)"
    ],
    "family": [],
    "intro": "\n            \u3000\u3000\u5f20\u5ff5\u9a85\u51fa\u751f\u4e8e\u5927\u8fde\u5e02\uff0c\u5728\u6c88\u9633\u957f\u5927\uff0c\u5988\u5988\u662f\u5bfc\u6f14\uff0c\u7238\u7238\u662f\u6f14\u5458\u3002\u4ed6\u4ece\u5c0f\u5c31\u68a6\u60f3\u5f53\u6f14\u5458\uff0c\u867d\u7136\u7236\u6bcd\u4e0d\u5e0c\u671b\u4ed6\u5f53\u6f14\u5458\uff0c\u4f46\u4ed6\u901a\u8fc7\u81ea\u5df1\u7684\u52aa\u529b\uff0c2002\u5e74\u8003\u5165\u4e2d\u592e\u620f\u5267\u5b66\u9662\u8868\u6f14\u7cfb\u3002\n    ",
    "hezuo": []
}