{
    "name": "\u4f0a\u4e3d\u838e\u767d\u00b7\u83ab\u65af Elisabeth Moss",
    "movies": [
        "\u65b9\u5f62 The Square",
        "\u6211\u4eec Us"
    ],
    "male": "\u5973",
    "xingzuo": "\u72ee\u5b50\u5ea7",
    "birth": "1982-07-24",
    "area": "\u7f8e\u56fd,\u52a0\u5229\u798f\u5c3c\u4e9a\u5dde,\u6d1b\u6749\u77f6",
    "zhiye": [
        "\u6f14\u5458",
        "\u914d\u97f3",
        "\u5bfc\u6f14"
    ],
    "moreName": [
        "\u4f0a\u8389\u838e\u8d1d\u00b7\u83ab\u65af"
    ],
    "family": [
        "Fred Armisen\uff08\u524d\u592b\uff09"
    ],
    "intro": "\n            \u3000\u3000\u4f0a\u4e3d\u838e\u767d\u00b7\u83ab\u65af\uff0c1990\u5e74\u5f00\u59cb\u4e86\u5176\u8868\u6f14\u4e8b\u4e1a\uff0c\u5728\u7535\u89c6\u7535\u5f71\u300a\u574f\u5973\u5b69\u300b(Bad Girls)\u4e2d\u6709\u51fa\u5883\u3002\u4f46\u5176\u8fd1\u5e74\u6765\u771f\u6b63\u8ba9\u4eba\u5370\u8c61\u6df1\u523b\u7684\u4f5c\u54c1\u5e94\u8be5\u662f\u827e\u7f8e\u5956\u83b7\u5956\u5267\u96c6\u300a\u5e7f\u544a\u72c2\u4eba\u300b\u4e2d\u7684\u89d2\u8272\u30022010\u5e74\u5979\u51ed\u501f\u6b64\u5267\u83b7\u5f97\u7b2c61\u5c4a\u827e\u7f8e\u5956\u5267\u60c5\u7c7b\u5267\u96c6\u6700\u4f73\u5973\u4e3b\u89d2\u63d0\u540d\u3002\n    ",
    "hezuo": []
}