{
    "name": "\u5ed6\u78a7\u513f Bernice Jan Liu",
    "movies": [
        "\u53f6\u95ee\u524d\u4f20"
    ],
    "male": "\u5973",
    "xingzuo": "\u6469\u7faf\u5ea7",
    "birth": "1979-01-06",
    "area": "\u52a0\u62ff\u5927,\u4e0d\u5217\u98a0\u54e5\u4f26\u6bd4\u4e9a\u7701,\u9c81\u73c0\u7279\u738b\u5b50\u6e2f",
    "zhiye": [
        "\u6f14\u5458"
    ],
    "moreName": [],
    "family": [
        "\u9648\u8c6a(\u524d\u7537\u53cb)",
        "\u5218\u607a\u5a01(\u524d\u7537\u53cb)"
    ],
    "intro": "\n            \u3000\u3000\u52a0\u62ff\u5927\u534e\u88d4\uff0c\u7c4d\u8d2f\u4e2d\u56fd\u5e7f\u4e1c\u987a\u5fb7\uff0c2000\u5e74\u53c2\u9009\u6e29\u54e5\u534e\u534e\u88d4\u5c0f\u59d0\u7ade\u9009\u593a\u9b41\uff0c\u968f\u540e\u53c2\u90092001\u5e74\u56fd\u9645\u534e\u88d4\u5c0f\u59d0\u7ade\u9009\u593a\u51a0\uff0c\u73b0\u4e3a\u9999\u6e2f\u65e0\u7ebf\u7535\u89c6\u82b1\u65e6\u3002\n    ",
    "hezuo": []
}