{
    "name": "\u5f17\u96f7\u8fea\u00b7\u53f2\u5353\u739b Freddie Stroma",
    "movies": [
        "\u5371\u673a13\u5c0f\u65f6 13 Hours: The Secret Soldiers of Benghazi"
    ],
    "male": "\u7537",
    "xingzuo": "\u6469\u7faf\u5ea7",
    "birth": "1987-01-08",
    "area": "\u82f1\u56fd,\u4f26\u6566",
    "zhiye": [
        "\u6f14\u5458"
    ],
    "moreName": [],
    "family": [
        "Johanna Braddy(\u672a\u5a5a\u59bb)"
    ],
    "intro": "\n\u3000\u3000Frederic Wilhelm C.J. Sj\u00f6str\u00f6m[1] (born 8 January 1987[2][better source needed]), known professionally as Freddie Stroma, is an English actor and model of Swedish and German descent, best known for playing Cormac McLaggen in the Harry Potter film series and Luke in the 2011 musical comedy film A Cinderella Story: Once Upon a Song. He starred as Adam Cromwell on the dramedy series Unreal, which premiered on Lifetime in June 2015. He s...(\u5c55\u5f00\u5168\u90e8)\n\u3000\u3000Frederic Wilhelm C.J. Sj\u00f6str\u00f6m[1] (born 8 January 1987[2][better source needed]), known professionally as Freddie Stroma, is an English actor and model of Swedish and German descent, best known for playing Cormac McLaggen in the Harry Potter film series and Luke in the 2011 musical comedy film A Cinderella Story: Once Upon a Song. He starred as Adam Cromwell on the dramedy series Unreal, which premiered on Lifetime in June 2015. He starred as Brit Vayner in the 2016 Michael Bay war film, 13 Hours: The Secret Soldiers of Benghazi. In 2016, he played Dickon Tarly in the sixth season of the HBO fantasy drama series Game of Thrones and H.G. Wells in the ABC series, Time After Time.\n",
    "hezuo": []
}