{
    "name": "\u5f20\u96ea\u8fce Xueying Zhang",
    "movies": [
        "\u72d7\u5341\u4e09"
    ],
    "male": "\u5973",
    "xingzuo": "\u53cc\u5b50\u5ea7",
    "birth": "1997-06-18",
    "area": "\u4e2d\u56fd,\u6d59\u6c5f,\u4e49\u4e4c",
    "zhiye": [
        "\u6f14\u5458"
    ],
    "moreName": [],
    "family": [],
    "intro": "\n            \u3000\u3000\u5f20\u96ea\u8fce\uff0c\u4f18\u79c0\u5c0f\u6f14\u5458\uff0c\u5c0f\u5c0f\u5e74\u7eaa\u4fbf\u51fa\u6f14\u8fc7\u591a\u90e8\u7535\u89c6\u5267\uff0c\u5728\u300a\u7231\u76db\u5f00\u300b\u3001\u300a\u6f5c\u4f0f\u300b\u3001\u300a\u7f8e\u4eba\u5fc3\u8ba1\u300b\u3001\u300a\u7238\u7238\u5929\u4eae\u53eb\u6211\u300b\u3001\u300a\u7f8e\u4eba\u65e0\u6cea\u300b\u3001\u300a\u65b0\u7b11\u50b2\u6c5f\u6e56\u300b\u7b49\u5267\u4e2d\u7684\u51fa\u8272\u8868\u6f14\uff0c\u5f97\u5230\u4e86\u8bb8\u591a\u89c2\u4f17\u7684\u8d5e\u8d4f\u3002\n    ",
    "hezuo": []
}