{
    "name": "\u5e0c\u62c9\u91cc\u00b7\u6c83\u5c14\u592b Hillary Wolf",
    "movies": [
        "\u5c0f\u9b3c\u5f53\u5bb6 Home Alone",
        "\u5c0f\u9b3c\u5f53\u5bb62 Home Alone 2: Lost in New York"
    ],
    "male": "\u5973",
    "xingzuo": "\u6c34\u74f6\u5ea7",
    "birth": "1977-02-07",
    "area": "\u7f8e\u56fd,\u4f0a\u5229\u8bfa\u4f0a\u5dde,\u829d\u52a0\u54e5",
    "zhiye": [
        "\u6f14\u5458"
    ],
    "moreName": [
        "\u5e0c\u62c9\u4e3d\u00b7\u6c83\u5c14\u592b"
    ],
    "family": [],
    "intro": "\n            \u3000\u3000\u5c0f\u9b3c\u5f53\u5bb6\u91cckevin\u7684\u59d0\u59d0megan\n    ",
    "hezuo": []
}