{
    "name": "\u5e03\u83b1\u65af\u00b7\u5409\u624e\u5c14 Bryce Gheisar",
    "movies": [
        "\u4e00\u6761\u72d7\u7684\u4f7f\u547d A Dog's Purpose",
        "\u5947\u8ff9\u7537\u5b69 Wonder"
    ],
    "male": "\u7537",
    "xingzuo": "\u6469\u7faf\u5ea7",
    "birth": "2004-12-22",
    "area": "\u52a0\u62ff\u5927,\u6e29\u5c3c\u4f2f",
    "zhiye": [
        "\u6f14\u5458"
    ],
    "moreName": [],
    "family": [
        "Blake Gheisar (\u5144)",
        "Todd Gheisar (\u7236)",
        "Nicole Gheisar (\u6bcd)"
    ],
    "intro": "\n            \u3000\u3000\n    ",
    "hezuo": []
}