{
    "name": "\u4f2f\u7eb3\u5fb7\u00b7\u514b\u7406\u5bbe\u65af Bernard Cribbins",
    "movies": [
        "\u72c2\u51f6\u8bb0 Frenzy"
    ],
    "male": "not found",
    "xingzuo": "\u6469\u7faf\u5ea7",
    "birth": "1928-12-29",
    "area": "\u82f1\u56fd,\u82f1\u683c\u5170,\u5170\u5f00\u590f\u90e1,\u5965\u5c14\u5fb7\u59c6",
    "zhiye": [
        "\u6f14\u5458",
        "\u914d\u97f3"
    ],
    "moreName": [],
    "family": [],
    "intro": "\n            \u3000\u3000\n    ",
    "hezuo": []
}