{
    "name": "\u5e7f\u6fd1\u94c3 Suzu Hirose",
    "movies": [
        "\u6d77\u8857\u65e5\u8bb0 \u6d77\u8857diary"
    ],
    "male": "\u5973",
    "xingzuo": "\u53cc\u5b50\u5ea7",
    "birth": "1998-06-19",
    "area": "\u65e5\u672c,\u9759\u5188\u53bf",
    "zhiye": [
        "\u6f14\u5458",
        "\u914d\u97f3",
        "\u4e3b\u6301\u4eba"
    ],
    "moreName": [
        "\u5e7f\u6fd1\u4e1d\u4e1d",
        "\u5927\u77f3\u94c3\u534e(\u672c\u540d)"
    ],
    "family": [
        "\u5e7f\u6fd1\u7231\u4e3d\u4e1d(\u59d0)"
    ],
    "intro": "\n            \u3000\u3000\u59d3\u540d\uff1a\u5e7f\u6fd1\u4e1d\u4e1d\u3000\u3000\u65e5\u6587\u540d\uff1a\u5e83\u702c\u3059\u305a\u3000\u3000\u804c\u4e1a\uff1a\u6f14\u5458\uff0c\u6a21\u7279\u3000\u3000\u751f\u65e5\uff1a1998\u5e746\u670819\u65e5\u3000\u3000\u8840\u578b\uff1aAB\u578b\u3000\u3000\u8eab\u9ad8\uff1a158cm\u3000\u3000\u51fa\u751f\u5730\uff1a\u9759\u5188\u53bf\u3000\u3000\u59d0\u59d0\uff1a\u5e7f\u6fd1\u7231\u4e3d\u4e1d\u3000\u3000\u51fa\u9053\u65f6\u95f4\uff1a2012\u5e74\n    ",
    "hezuo": []
}