{
    "name": "\u4e54\u4e39\u00b7\u83b1\u5fb7 Jordan Ladd",
    "movies": [
        "\u5c38\u9aa8\u65e0\u5b58 Cabin Fever"
    ],
    "male": "\u5973",
    "xingzuo": "\u6469\u7faf\u5ea7",
    "birth": "1975-01-14",
    "area": "\u7f8e\u56fd,\u52a0\u5229\u798f\u5c3c\u4e9a\u5dde,\u597d\u83b1\u575e",
    "zhiye": [
        "\u6f14\u5458",
        "\u914d\u97f3"
    ],
    "moreName": [],
    "family": [
        "Conor O'Neill\uff08\u524d\u592b\uff09"
    ],
    "intro": "\n\u3000\u3000Jordan Elizabeth Ladd (born January 14, 1975) is an American actress. She is known as a scream queen, having appeared in several horror films. She began taking small film roles before landing her first high-profile role in Never Been Kissed (1999). Since then, Ladd has portrayed supporting as well as lead roles in films, including Cabin Fever (2002), Club Dread (2004), and Death Proof (2007). She has also earned acclaim for her lead role i...(\u5c55\u5f00\u5168\u90e8)\n\u3000\u3000Jordan Elizabeth Ladd (born January 14, 1975) is an American actress. She is known as a scream queen, having appeared in several horror films. She began taking small film roles before landing her first high-profile role in Never Been Kissed (1999). Since then, Ladd has portrayed supporting as well as lead roles in films, including Cabin Fever (2002), Club Dread (2004), and Death Proof (2007). She has also earned acclaim for her lead role in the horror film Grace (2009).\n",
    "hezuo": []
}