{
    "name": "\u5e03\u4e3d\u5a05\u00b7\u7ef4\u7eb3\u7279 Bria Vinaite",
    "movies": [
        "\u4f5b\u7f57\u91cc\u8fbe\u4e50\u56ed The Florida Project"
    ],
    "male": "\u5973",
    "xingzuo": "\u53cc\u5b50\u5ea7",
    "birth": "1993-06-10",
    "area": "\u7acb\u9676\u5b9b",
    "zhiye": [
        "\u6f14\u5458"
    ],
    "moreName": [],
    "family": [],
    "intro": "\n\u3000\u3000Vinaite was born in Lithuania and moved to Brooklyn, New York City at a young age.\u3000\u3000The Florida Project was Vinaite's acting debut, where she played the lead role of former stripper and single mother living at a budget motel close to Walt Disney World.[4] Baker contacted Vinaite after seeing her in an Instagram post, where she creatively documented her life so she could stay in contact with friends in New York City while living in Miami...(\u5c55\u5f00\u5168\u90e8)\n\u3000\u3000Vinaite was born in Lithuania and moved to Brooklyn, New York City at a young age.\u3000\u3000The Florida Project was Vinaite's acting debut, where she played the lead role of former stripper and single mother living at a budget motel close to Walt Disney World.[4] Baker contacted Vinaite after seeing her in an Instagram post, where she creatively documented her life so she could stay in contact with friends in New York City while living in Miami.[5] Vinaite had three weeks of acting classes from acting teacher Samantha Quan before filming began. Production wrapped in September 2016.[6]\u3000\u3000Vinaite has many tattoos, her first was at the age of 14.[7] She was sent to boarding school around this time. She left home at 18, choosing to develop her own career rather than attend college. At 19 she started a clothing line called ChroniCal Designs, selling marijuana themed bikinis and baseball caps.[8]\n",
    "hezuo": []
}