{
    "name": "\u4f0a\u857e\u5a1c\u00b7\u80af Irene Keng",
    "movies": [
        "\u54ed\u6ce3\u5973\u4eba\u7684\u8bc5\u5492 The Curse of La Llorona"
    ],
    "male": "\u5973",
    "xingzuo": "\u5929\u874e\u5ea7",
    "birth": "1988-10-28",
    "area": "\u7f8e\u56fd,\u52a0\u5dde",
    "zhiye": [
        "\u6f14\u5458"
    ],
    "moreName": [],
    "family": [],
    "intro": "\n\u3000\u3000Irene Keng is famous teen American actress. She became famous after her role in the teenage movie, which was called \u201cVan Wilder: Freshman Year 3\u201d. It is a worldwide known comedy movie. Irene Keng from the childhood was fond of movies. She dreamed about the participating in the shooting of the films and series. Irene Keng wanted to become a part of this big and interesting cinematographic world. So she made her best to become an actress. ...(\u5c55\u5f00\u5168\u90e8)\n\u3000\u3000Irene Keng is famous teen American actress. She became famous after her role in the teenage movie, which was called \u201cVan Wilder: Freshman Year 3\u201d. It is a worldwide known comedy movie. Irene Keng from the childhood was fond of movies. She dreamed about the participating in the shooting of the films and series. Irene Keng wanted to become a part of this big and interesting cinematographic world. So she made her best to become an actress. In 2007 her dream came true as she was approved for the role which made her career spin up.\n",
    "hezuo": []
}