{
    "name": "\u4e54\u6cbb\u00b7\u6851\u5fb7\u65af George Sanders",
    "movies": [
        "\u8774\u8776\u68a6 Rebecca"
    ],
    "male": "\u7537",
    "xingzuo": "\u5de8\u87f9\u5ea7",
    "birth": "not found",
    "area": "\u4fc4\u7f57\u65af,\u5723\u5f7c\u5f97\u5821",
    "zhiye": [
        "\u6f14\u5458",
        "\u914d\u97f3"
    ],
    "moreName": [
        "\u4f50\u6cbb\u00b7\u5c71\u6253\u58eb"
    ],
    "family": [
        "Magda Gabor\uff08\u524d\u59bb\uff09",
        "Susan Larson\uff08\u524d\u59bb\uff09",
        "Zsa Zsa Gabor\uff08\u524d\u59bb\uff09",
        "Benita Hume\uff08\u524d\u59bb\uff09"
    ],
    "intro": "\n\u3000\u3000George Henry Sanders (3 July 1906 \u2013 25 April 1972) was a Russian-born English film and television actor, singer-songwriter, music composer, and author. His career as an actor spanned more than 40 years. His upper-class English accent and bass voice often led him to be cast as sophisticated but villainous characters. He is perhaps best known as Jack Favell in Rebecca (1940), Scott Folliott in Foreign Correspondent (1940) (a rare heroic par...(\u5c55\u5f00\u5168\u90e8)\n\u3000\u3000George Henry Sanders (3 July 1906 \u2013 25 April 1972) was a Russian-born English film and television actor, singer-songwriter, music composer, and author. His career as an actor spanned more than 40 years. His upper-class English accent and bass voice often led him to be cast as sophisticated but villainous characters. He is perhaps best known as Jack Favell in Rebecca (1940), Scott Folliott in Foreign Correspondent (1940) (a rare heroic part), Addison DeWitt in All About Eve (1950), for which he won an Academy Award, King Richard the Lionheart in King Richard and the Crusaders (1954), Mr. Freeze in a two-parter episode of Batman (1966), the voice of the malevolent man-hating tiger Shere Khan in Disney's The Jungle Book (1967), and as Simon Templar, \"The Saint\", in five films made in the 1930s and 1940s.\n",
    "hezuo": []
}