{
    "name": "\u4f0a\u83b1\u4e9a\u65af\u00b7\u79d1\u6cf0\u65af Elias Koteas",
    "movies": [
        "\u672c\u6770\u660e\u00b7\u5df4\u987f\u5947\u4e8b The Curious Case of Benjamin Button",
        "\u7ec6\u7ec6\u7684\u7ea2\u7ebf The Thin Red Line",
        "\u751f\u6b7b\u72d9\u51fb Shooter",
        "\u592a\u5e73\u95f4\u95f9\u9b3c\u4e8b\u4ef6 The Haunting in Connecticut"
    ],
    "male": "\u7537",
    "xingzuo": "\u53cc\u9c7c\u5ea7",
    "birth": "1961-03-11",
    "area": "\u52a0\u62ff\u5927,\u9b41\u5317\u514b\u7701,\u8499\u7279\u5229\u5c14",
    "zhiye": [
        "\u6f14\u5458",
        "\u914d\u97f3"
    ],
    "moreName": [],
    "family": [],
    "intro": "\n            \u3000\u3000\n    ",
    "hezuo": []
}