{
    "name": "\u5f20\u54f2\u701a Zhehan Zhang",
    "movies": [
        "\u70c8\u706b\u82f1\u96c4"
    ],
    "male": "\u7537",
    "xingzuo": "\u91d1\u725b\u5ea7",
    "birth": "1991-05-11",
    "area": "\u4e2d\u56fd,\u6c5f\u897f,\u65b0\u4f59",
    "zhiye": [
        "\u6f14\u5458"
    ],
    "moreName": [],
    "family": [],
    "intro": "\n            \u3000\u3000\u5f20\u54f2\u701a\uff0c\u5f71\u89c6\u6f14\u5458\uff0c\u6bd5\u4e1a\u4e8e\u4e0a\u6d77\u620f\u5267\u5b66\u9662\u3002\u4e3b\u6f14\u7535\u89c6\u5267\u300a\u82b8\u6c50\u4f20\u300b\u3001\u300a\u8c01\u90fd\u6e34\u671b\u9047\u89c1\u4f60\u300b\uff0c\u7535\u5f71\u300a\u70c8\u706b\u82f1\u96c4\u300b\uff0c\u53c2\u6f14\u7535\u89c6\u5267\u300a\u7405\u740a\u699c\u300b\u7b49\u3002\n    ",
    "hezuo": []
}