{
    "name": "\u4e54\u7eb3\u68ee\u00b7\u6cf0\u52d2\u00b7\u6258\u9a6c\u65af Jonathan Taylor Thomas",
    "movies": [
        "\u72ee\u5b50\u738b The Lion King"
    ],
    "male": "\u7537",
    "xingzuo": "\u5904\u5973\u5ea7",
    "birth": "1981-09-08",
    "area": "\u7f8e\u56fd,\u5bbe\u5915\u6cd5\u5c3c\u4e9a\u5dde,\u4f2f\u5229\u6052",
    "zhiye": [
        "\u6f14\u5458",
        "\u914d\u97f3",
        "\u5236\u7247\u4eba"
    ],
    "moreName": [],
    "family": [],
    "intro": "\n            \u3000\u3000\n    ",
    "hezuo": []
}