{
    "name": "\u4f0a\u51e1\u00b7\u5f17\u96f7\u8d1d\u5229 Iv\u00e1n Vereb\u00e9ly",
    "movies": [
        "\u7a7f\u6761\u7eb9\u7761\u8863\u7684\u7537\u5b69 The Boy in the Striped Pajamas"
    ],
    "male": "\u7537",
    "xingzuo": "\u5c04\u624b\u5ea7",
    "birth": "1937-12-07",
    "area": "\u5308\u7259\u5229,\u5e03\u8fbe\u4f69\u65af",
    "zhiye": [
        "\u6f14\u5458",
        "\u914d\u97f3"
    ],
    "moreName": [],
    "family": [],
    "intro": "\n            \u3000\u3000\n    ",
    "hezuo": []
}