{
    "name": "\u4ea8\u91cc\u514b\u00b7\u8bfa\u4f26 Henrik Norl\u00e9n",
    "movies": [
        "\u4ef2\u590f\u591c\u60ca\u9b42 Midsommar"
    ],
    "male": "\u7537",
    "xingzuo": "\u5904\u5973\u5ea7",
    "birth": "1970-09-02",
    "area": "\u745e\u5178,\u5361\u5c14\u65af\u5854\u5fb7",
    "zhiye": [
        "\u6f14\u5458"
    ],
    "moreName": [],
    "family": [],
    "intro": "\n            \u3000\u3000Henrik Norl\u00e9n was born on September 2, 1970 in Karlstad, V\u00e4rmlands l\u00e4n, Sweden. He is an actor, known for Min lilla syster (2015), Stockholm \u00d6stra (2011) and Hotell (2013).\n    ",
    "hezuo": []
}