{
    "name": "\u4e9a\u5f53\u00b7\u5e03\u7f57\u8fea Adam Brody",
    "movies": [
        "\u53f2\u5bc6\u65af\u592b\u5987 Mr. & Mrs. Smith"
    ],
    "male": "\u7537",
    "xingzuo": "\u5c04\u624b\u5ea7",
    "birth": "1979-12-15",
    "area": "\u7f8e\u56fd,\u52a0\u5229\u798f\u5c3c\u4e9a,\u5723\u5730\u4e9a\u54e5",
    "zhiye": [
        "\u6f14\u5458",
        "\u914d\u97f3",
        "\u5236\u7247\u4eba",
        "\u7f16\u5267"
    ],
    "moreName": [
        "\u4e9a\u5f53\u00b7\u6770\u745e\u5fb7\u00b7\u5e03\u7f57\u8fea(\u672c\u540d)"
    ],
    "family": [
        "Leighton Meester(\u59bb)"
    ],
    "intro": "\n            \u3000\u3000Adam Jared Brody (born December 15, 1979) is an American film and television actor and part-time musician. He began his career in 1995, appearing on Gilmore Girls as Dave Rygalski and other series, and subsequently came to fame for his role as Seth Cohen on The O.C.[1] Brody later appeared in several film roles, including Mr. & Mrs. Smith, Thank You for Smoking, Jennifer's Body, In the Land of Women, Cop Out, and Scream 4.\n    ",
    "hezuo": []
}