{
    "name": "\u4e9a\u5386\u5c71\u5927\u00b7\u8d39\u6797 Alexander Fehling",
    "movies": [
        "\u5192\u724c\u4e0a\u5c09 Der Hauptmann"
    ],
    "male": "\u7537",
    "xingzuo": "\u767d\u7f8a\u5ea7",
    "birth": "1981-03-29",
    "area": "\u5fb7\u56fd,\u67cf\u6797",
    "zhiye": [
        "\u6f14\u5458",
        "\u7f16\u5267"
    ],
    "moreName": [
        "\u4e9a\u5386\u5c71\u5927\u00b7\u6590\u6797"
    ],
    "family": [],
    "intro": "\n            \u3000\u3000\n    ",
    "hezuo": []
}