{
    "name": "\u5c24\u5229\u00b7\u9686\u7f8e\u5c14 Ulli Lommel",
    "movies": [
        "\u4e16\u754c\u65e6\u5915\u4e4b\u95f4 Welt am Draht"
    ],
    "male": "\u7537",
    "xingzuo": "\u5c04\u624b\u5ea7",
    "birth": "not found",
    "area": "not found",
    "zhiye": [
        "\u6f14\u5458",
        "\u5bfc\u6f14",
        "\u7f16\u5267",
        "\u5236\u7247\u4eba",
        "\u7f8e\u672f"
    ],
    "moreName": [
        "\u4e4c\u5229\u00b7\u6d1b\u9ed8\u5c14"
    ],
    "family": [],
    "intro": "\n            \u3000\u3000\n    ",
    "hezuo": []
}