{
    "name": "\u5c71\u59c6\u00b7\u827e\u91cc\u5965\u7279 Sam Elliott",
    "movies": [
        "\u7eff\u5de8\u4eba\u6d69\u514b Hulk",
        "\u6211\u4eec\u66fe\u662f\u6218\u58eb We Were Soldiers"
    ],
    "male": "\u7537",
    "xingzuo": "\u72ee\u5b50\u5ea7",
    "birth": "1944-08-09",
    "area": "\u7f8e\u56fd,\u52a0\u5229\u798f\u5c3c\u4e9a\u5dde,\u8428\u514b\u62c9\u95e8\u6258",
    "zhiye": [
        "\u6f14\u5458",
        "\u914d\u97f3",
        "\u5236\u7247\u4eba",
        "\u7f16\u5267"
    ],
    "moreName": [
        "\u5c71\u59c6\u00b7\u57c3\u5229\u5965\u7279"
    ],
    "family": [
        "Katharine Ross\uff08\u59bb\uff09"
    ],
    "intro": "\n            \u3000\u3000\u5c71\u59c6\u00b7\u827e\u91cc\u5965\u7279\uff08Sam Elliott\uff09\uff0c\u7f8e\u56fd\u6f14\u5458\u3001\u7f16\u5267\u3001\u5236\u7247\u4eba\uff0c\u66fe\u51fa\u6f14\u7535\u5f71\u300a\u6211\u4eec\u68a6\u4e2d\u89c1\u300b\u3002\n    ",
    "hezuo": []
}