{
    "name": "\u5c3c\u53e4\u62c9\u65af\u00b7J\u00b7\u5965\u5229\u97e6\u91cc Nicholas J. Oliveri",
    "movies": [
        "\u5bc4\u5bbf\u5b66\u6821 Boarding School"
    ],
    "male": "\u7537",
    "xingzuo": "not found",
    "birth": "not found",
    "area": "not found",
    "zhiye": [
        "\u6f14\u5458"
    ],
    "moreName": [
        "\u5c3c\u514b\u62c9\u65af\u00b7J\u00b7\u5965\u5229\u7ef4\u91cc"
    ],
    "family": [],
    "intro": "\n            \u3000\u3000\n    ",
    "hezuo": []
}