{
    "name": "\u739b\u683c\u00b7\u9a6c\u4e01\u6234\u5c14 Margo Martindale",
    "movies": [
        "\u5b64\u513f\u6028 Orphan"
    ],
    "male": "\u5973",
    "xingzuo": "\u5de8\u87f9\u5ea7",
    "birth": "1951-07-18",
    "area": "\u7f8e\u56fd,\u5f97\u514b\u8428\u65af\u5dde,\u6770\u514b\u900a\u7ef4\u5c14",
    "zhiye": [
        "\u6f14\u5458",
        "\u914d\u97f3"
    ],
    "moreName": [
        "\u739b\u6208\u00b7\u9a6c\u4e01\u6234\u5c14"
    ],
    "family": [
        "William Boals(\u592b)",
        "Margaret Boals(\u5973)"
    ],
    "intro": "\n\u3000\u3000Margo Martindale was born July 18, 1951 in Jacksonville, Texas, to Margaret (Pruitt) and William Everett Martindale, a lumber company owner and dog handler. She is the youngest of three children, and the only daughter. Margo attended Lon Marris College, and later transferred to University of Michigan at Ann Arbor, and did a summer study at Harvard University. She made her film debut appearance in Days of Thunder (1990), she played the mino...(\u5c55\u5f00\u5168\u90e8)\n\u3000\u3000Margo Martindale was born July 18, 1951 in Jacksonville, Texas, to Margaret (Pruitt) and William Everett Martindale, a lumber company owner and dog handler. She is the youngest of three children, and the only daughter. Margo attended Lon Marris College, and later transferred to University of Michigan at Ann Arbor, and did a summer study at Harvard University. She made her film debut appearance in Days of Thunder (1990), she played the minor role of Donna. Notable roles include: Sister Colleen, Susan Sarandon's fellow nun in Dead Man Walking (1995). She played a brief but memorable role as the selfish mother to Hilary Swank's character in Million Dollar Baby (2004).\u3000\u3000Trivia (18)\u3000\u3000Was nominated for Broadway's 2004 Tony Award as Best Actress (Featured Role - Play) for her performance as Big Mama in a revival of Tennessee Williams' \"Cat on a Hot Tin Roof.\".\u3000\u3000Has been in four films with Nicole Kidman (The Human Stain (2003), The Hours (2002), Practical Magic (1998), and Days of Thunder (1990)), four with Meryl Streep (August: Osage County (2013), The Hours (2002), ...First Do No Harm (1997) and Marvin's Room (1996)) and four with Susan Sarandon (Earthly Possessions (1999), Lorenzo's Oil (1992), Twilight (1998) and Dead Man Walking (1995)).\u3000\u3000Miss Jacksonville High School 1969, Football Sweetheart 1969. Also, a High School Cheerleader.\u3000\u3000From the late 1970s to early 1980s, she was the \"foot tickler\" in a series of Downy fabric softener commercials, becoming as recognizable as Jan Miner, who played \"Madge the manicurist\" for Palmolive dish-washing liquid.\u3000\u3000Her husband, Bill Boals, is a musician.\u3000\u3000Has one daughter, Margaret.\u3000\u3000Attended Lon Morris College in her hometown of Jacksonville, Texas. Also attended the University of Michigan, Ann Arbor.\u3000\u3000Top of her bucket list is to sing on Broadway.\n",
    "hezuo": []
}