{
    "name": "\u739b\u4e3d\u5a1c\u00b7\u5fb7\u00b7\u5854\u7ef4\u62c9 Marina de Tavira",
    "movies": [
        "\u7f57\u9a6c Roma"
    ],
    "male": "\u5973",
    "xingzuo": "\u5c04\u624b\u5ea7",
    "birth": "1974-11-30",
    "area": "\u58a8\u897f\u54e5,\u58a8\u897f\u54e5\u57ce",
    "zhiye": [
        "\u6f14\u5458",
        "\u914d\u97f3"
    ],
    "moreName": [],
    "family": [],
    "intro": "\n            \u3000\u3000Marina de Tavira Servitje (born November 30, 1974) is a Mexican actress. She is internationally known for her role in the film Roma (2018), which received widespread acclaim and earned her an Academy Award nomination.\n    ",
    "hezuo": []
}