{
    "name": "\u701a\u58a8 Mo Han",
    "movies": [
        "\u54ea\u5412\u4e4b\u9b54\u7ae5\u964d\u4e16"
    ],
    "male": "\u7537",
    "xingzuo": "not found",
    "birth": "not found",
    "area": "not found",
    "zhiye": [
        "\u914d\u97f3"
    ],
    "moreName": [],
    "family": [],
    "intro": "\n            \u3000\u3000\u701a\u58a8\uff0c\u914d\u97f3\u6f14\u5458\u3002 \u4ee3\u8868\u4f5c\u54c1\uff1a\u52a8\u753b\u7535\u5f71\u300a\u54ea\u5412\u4e4b\u9b54\u7ae5\u964d\u4e16\u300b\u6556\u4e19\u3002\n    ",
    "hezuo": []
}