{
    "name": "\u743c\u00b7\u827e\u4f26 Joan Allen",
    "movies": [
        "\u5fe0\u72ac\u516b\u516c\u7684\u6545\u4e8b Hachi: A Dog's Tale",
        "\u8c0d\u5f71\u91cd\u91cd3 The Bourne Ultimatum",
        "\u623f\u95f4 Room",
        "\u6b7b\u4ea1\u98de\u8f66 Death Race",
        "\u8c0d\u5f71\u91cd\u91cd2 The Bourne Supremacy",
        "\u53d8\u8138 Face/Off"
    ],
    "male": "\u5973",
    "xingzuo": "\u72ee\u5b50\u5ea7",
    "birth": "1956-08-20",
    "area": "\u7f8e\u56fd,\u4f0a\u5229\u8bfa\u4f0a\u5dde,\u7f57\u8c22\u5c14",
    "zhiye": [
        "\u6f14\u5458",
        "\u5236\u7247\u4eba"
    ],
    "moreName": [],
    "family": [
        "Peter Friedman\uff08\u524d\u592b\uff09"
    ],
    "intro": "\n            \u3000\u3000\u827e\u4f261956\u5e748\u670820\u65e5\u51fa\u751f\u4e8e\u4f0a\u5229\u8bfa\u65af\u5dde\uff0c\u662f\u201cSteppenwolf Theatre Company\u201d\u7684\u521b\u59cb\u4eba\u4e4b\u4e00\u3002\u6210\u540d\u540e\u5979\u626e\u6f14\u7684\u89d2\u8272\u9010\u6e10\u589e\u591a\uff0c\u5979\u6700\u8fd1\u7684\u5f71\u7247\u662f\u7f57\u5fb7-\u9ea6\u80af\u9f50\u6267\u5bfc\u7684\u300a\u7ade\u4e89\u8005\u300b(The Contender)\uff0c\u8fd9\u4e5f\u662f\u827e\u4f26\u626e\u6f14\u7684\u5730\u4f4d\u6700\u9ad8\u7684\u89d2\u8272\u4e86\uff0c\u5979\u6210\u4e86\u4e00\u4e2a\u88ab\u5377\u5165\u4e86\u6027\u4e11\u95fb\u4e4b\u4e2d\u7684\u7f8e\u56fd\u526f\u603b\u7edf\u7ade\u9009\u4eba\u3002\n    ",
    "hezuo": []
}