{
    "name": "\u7406\u67e5\u5fb7\u00b7\u67e5\u4f2f\u5170 Richard Chamberlain",
    "movies": [
        "\u5669\u68a6\u5f71\u9662 Nightmare Cinema"
    ],
    "male": "\u7537",
    "xingzuo": "\u767d\u7f8a\u5ea7",
    "birth": "1934-03-31",
    "area": "\u7f8e\u56fd,\u52a0\u5229\u798f\u5c3c\u4e9a\u5dde,\u6d1b\u6749\u77f6,\u6bd4\u4f5b\u5229\u5c71\u5e84",
    "zhiye": [
        "\u6f14\u5458",
        "\u914d\u97f3"
    ],
    "moreName": [
        "\u7406\u67e5\u5fb7\u00b7\u5f20\u4f2f\u4f26"
    ],
    "family": [],
    "intro": "\n            \u3000\u3000\n    ",
    "hezuo": []
}