{
    "name": "\u7406\u67e5\u5fb7\u00b7\u57fa\u5c14 Richard Kiel",
    "movies": [
        "\u9b54\u53d1\u5947\u7f18 Tangled"
    ],
    "male": "\u7537",
    "xingzuo": "\u5904\u5973\u5ea7",
    "birth": "not found",
    "area": "\u7f8e\u56fd,\u5bc6\u6b47\u6839\u5dde,\u5e95\u7279\u5f8b",
    "zhiye": [
        "\u6f14\u5458",
        "\u914d\u97f3",
        "\u5236\u7247\u4eba",
        "\u7f16\u5267"
    ],
    "moreName": [],
    "family": [
        "Diane Rogers\uff08\u59bb\uff09",
        "Faye Daniels\uff08\u524d\u59bb\uff09"
    ],
    "intro": "\n\u3000\u3000Richard Dawson Kiel (September 13, 1939 \u2013 September 10, 2014) was an American actor, voice artist, and comedian, best known for his role as Jaws in the James Bond franchise, portraying the character in The Spy Who Loved Me (1977) and Moonraker (1979); he lampooned the role with a tongue-in-cheek cameo in Inspector Gadget (1999). His next-most recognized role is the tough, but eloquent Mr. Larson in Happy Gilmore (1996). Other notable film...(\u5c55\u5f00\u5168\u90e8)\n\u3000\u3000Richard Dawson Kiel (September 13, 1939 \u2013 September 10, 2014) was an American actor, voice artist, and comedian, best known for his role as Jaws in the James Bond franchise, portraying the character in The Spy Who Loved Me (1977) and Moonraker (1979); he lampooned the role with a tongue-in-cheek cameo in Inspector Gadget (1999). His next-most recognized role is the tough, but eloquent Mr. Larson in Happy Gilmore (1996). Other notable films include The Longest Yard (1974), Silver Streak (1976), Force 10 from Navarone (1978), Pale Rider (1985) and Tangled (2010).\u3000\u3000In television, Kiel portrayed the Kanamit alien in the now-classic The Twilight Zone episode \"To Serve Man\" (1962) and Dr. Miguelito Loveless' assistant, Voltaire, in first-season episodes of The Wild Wild West (1965-1966\n",
    "hezuo": []
}