{
    "name": "\u7406\u67e5\u5fb7\u00b7\u8d56\u4e01\u65af Richard Ridings",
    "movies": [
        "\u7329\u7403\u5d1b\u8d77 Rise of the Planet of the Apes",
        "\u94a2\u7434\u5bb6 The Pianist"
    ],
    "male": "\u7537",
    "xingzuo": "\u5904\u5973\u5ea7",
    "birth": "1958-09-19",
    "area": "\u82f1\u56fd,\u82f1\u683c\u5170",
    "zhiye": [
        "\u6f14\u5458",
        "\u914d\u97f3"
    ],
    "moreName": [
        "\u7406\u67e5\u5fb7\u00b7\u83b1\u4e01\u65af"
    ],
    "family": [],
    "intro": "\n            \u3000\u3000\n    ",
    "hezuo": []
}