{
    "name": "\u7279\u7a46\u62c9\u00b7\u83ab\u91cc\u68ee Temuera Morrison",
    "movies": [
        "\u6d77\u738b Aquaman",
        "\u7eff\u706f\u4fa0 Green Lantern",
        "\u661f\u7403\u5927\u6218\u524d\u4f202\uff1a\u514b\u9686\u4eba\u7684\u8fdb\u653b Star Wars: Episode II - Attack of the Clones"
    ],
    "male": "\u7537",
    "xingzuo": "\u6469\u7faf\u5ea7",
    "birth": "1960-12-26",
    "area": "\u65b0\u897f\u5170,\u5317\u5c9b,\u7f57\u6258\u9c81\u74e6",
    "zhiye": [
        "\u6f14\u5458",
        "\u914d\u97f3"
    ],
    "moreName": [
        "\u5766\u7a46\u62c9\u00b7\u83ab\u91cc\u68ee"
    ],
    "family": [],
    "intro": "\n            \u3000\u3000\n    ",
    "hezuo": []
}