{
    "name": "\u7279\u4f26\u65af\u00b7\u5361\u68ee Terrence 'T.C.' Carson",
    "movies": [
        "\u6b7b\u795e\u6765\u4e862 Final Destination 2"
    ],
    "male": "\u7537",
    "xingzuo": "\u5929\u874e\u5ea7",
    "birth": "1958-11-19",
    "area": "\u7f8e\u56fd,\u4f0a\u5229\u8bfa\u4f0a\u5dde,\u829d\u52a0\u54e5",
    "zhiye": [
        "\u6f14\u5458",
        "\u914d\u97f3",
        "\u5236\u7247\u4eba"
    ],
    "moreName": [],
    "family": [],
    "intro": "\n            \u3000\u3000\u6b64\u4eba\u65e2\u8d85\u4eba\u6c14\u7535\u5b50\u6e38\u620f\u300a\u6218\u795e\uff08God of War\uff09\u300b\u7cfb\u5217\u4e2d\uff0c\u594e\u7237\uff08Kratos\uff09\u7684\u58f0\u4f18\u3002\n    ",
    "hezuo": []
}