{
    "name": "\u7a46\u5fb7\u00b7\u963f\u5df4\u65af\u00b7\u5361\u52d2\u91cc Mohd. Abbas Khaleeli",
    "movies": [
        "\u5c11\u5e74\u6d3e\u7684\u5947\u5e7b\u6f02\u6d41 Life of Pi"
    ],
    "male": "\u7537",
    "xingzuo": "not found",
    "birth": "not found",
    "area": "not found",
    "zhiye": [
        "\u6f14\u5458"
    ],
    "moreName": [
        "\u7a46\u7f55\u9ed8\u5fb7\u00b7\u963f\u5df4\u65af\u00b7\u5361\u52d2\u91cc"
    ],
    "family": [],
    "intro": "\n            \u3000\u3000\n    ",
    "hezuo": []
}