{
    "name": "\u7ef4\u4ed6\u4e9a\u00b7\u6f58\u65af\u6797\u52a0\u59c6 Vithaya Pansringarm",
    "movies": [
        "\u6740\u7834\u72fc\u00b7\u8d2a\u72fc \u6bba\u7834\u72fc\u2027\u8caa\u72fc"
    ],
    "male": "\u7537",
    "xingzuo": "\u72ee\u5b50\u5ea7",
    "birth": "1959-08-11",
    "area": "\u6cf0\u56fd",
    "zhiye": [
        "\u6f14\u5458",
        "\u7f16\u5267"
    ],
    "moreName": [],
    "family": [],
    "intro": "\n            \u3000\u3000\u7ef4\u4ed6\u4e9a\u00b7\u6f58\u65af\u6797\u52a0\u59c6\uff0c\u6f14\u5458\u3001\u7f16\u5267\uff0c\u4ee3\u8868\u4f5c\u54c1\u6709\u300a\u9ebb\u96c0\u53d8\u738b\u59834\u300b\u300a\u7eaf\u771f\u7684\u4ea4\u6613\u300b\u7b49\n    ",
    "hezuo": []
}