{
    "name": "\u7ef4\u591a\u5229\u4e9a\u00b7\u6c83\u7279\u745e Victoria Vetri",
    "movies": [
        "\u7f57\u65af\u739b\u4e3d\u7684\u5a74\u513f Rosemary's Baby"
    ],
    "male": "\u5973",
    "xingzuo": "\u5929\u79e4\u5ea7",
    "birth": "1944-09-26",
    "area": "\u7f8e\u56fd,\u52a0\u5229\u798f\u5c3c\u4e9a\u5dde,\u65e7\u91d1\u5c71",
    "zhiye": [
        "\u6f14\u5458",
        "\u914d\u97f3"
    ],
    "moreName": [],
    "family": [],
    "intro": "\n            \u3000\u3000\n    ",
    "hezuo": []
}