{
    "name": "\u7ea6\u7ff0\u00b7\u9a6c\u52a0\u7f57 John Magaro",
    "movies": [
        "\u5927\u7a7a\u5934 The Big Short"
    ],
    "male": "\u7537",
    "xingzuo": "\u6c34\u74f6\u5ea7",
    "birth": "1983-02-16",
    "area": "\u7f8e\u56fd\uff0c\u4fc4\u4ea5\u4fc4\uff0c\u963f\u514b\u4f26",
    "zhiye": [
        "\u6f14\u5458",
        "\u5bfc\u6f14"
    ],
    "moreName": [],
    "family": [],
    "intro": "\n            \u3000\u3000John Robert Magaro, born February 16, 1983, is an American film, television and stage actor.\n    ",
    "hezuo": []
}