{
    "name": "\u7f57\u838e\u00b7\u8428\u62c9\u67e5 Rosa Salazar",
    "movies": [
        "\u963f\u4e3d\u5854\uff1a\u6218\u6597\u5929\u4f7f Alita: Battle Angel"
    ],
    "male": "\u5973",
    "xingzuo": "\u5de8\u87f9\u5ea7",
    "birth": "1985-07-16",
    "area": "\u7f8e\u56fd,\u534e\u76db\u987f,\u54e5\u4f26\u6bd4\u4e9a\u7279\u533a",
    "zhiye": [
        "\u6f14\u5458",
        "\u914d\u97f3",
        "\u52a8\u4f5c\u6355\u6349",
        "\u5bfc\u6f14",
        "\u7f16\u5267"
    ],
    "moreName": [
        "\u7f57\u838e\u00b7\u8428\u62c9\u624e\u5c14"
    ],
    "family": [],
    "intro": "\n            \u3000\u3000\u7f57\u838e\u00b7\u8428\u62c9\u67e5\uff0c\u7f8e\u56fd\u5973\u6f14\u5458\uff0c\u66fe\u51fa\u6f14\u300a\u79fb\u52a8\u8ff7\u5bab2\u300b\u300a\u5206\u6b67\u80052\uff1a\u7edd\u5730\u53cd\u51fb\u300b\u7b49\u5f71\u7247\u3002\n    ",
    "hezuo": []
}