{
    "name": "\u7ea6\u7ff0\u00b7\u7ea6\u745f\u592b\u00b7\u83f2\u5c14\u5fb7 JJ Feild",
    "movies": [
        "\u6781\u901f\u8f66\u738b Ford v Ferrari"
    ],
    "male": "\u7537",
    "xingzuo": "\u767d\u7f8a\u5ea7",
    "birth": "1978-04-01",
    "area": "\u7f8e\u56fd,\u79d1\u7f57\u62c9\u591a\u5dde,Boulder",
    "zhiye": [
        "\u6f14\u5458"
    ],
    "moreName": [
        "J\u00b7J\u00b7\u83f2\u5c14\u5fb7"
    ],
    "family": [
        "Reshad Feild (\u7236)",
        "Neve Campbell (\u5973\u53cb)"
    ],
    "intro": "\n\u3000\u3000During his college years, he and his friends put on productions of Shakespeare in the local pub.\u3000\u3000Began acting in school.\u3000\u3000He was born in Boulder, Colorado but moved to England as a baby.\u3000\u3000At seventeen, he spent a year back-packing in Tibet with his older brother. On his return, he began attending Webber Douglas Academy of Dramatic Art but found it hard to settle back in. Ultimately, though, he did graduate.\u3000\u3000Education: Fine Ar...(\u5c55\u5f00\u5168\u90e8)\n\u3000\u3000During his college years, he and his friends put on productions of Shakespeare in the local pub.\u3000\u3000Began acting in school.\u3000\u3000He was born in Boulder, Colorado but moved to England as a baby.\u3000\u3000At seventeen, he spent a year back-packing in Tibet with his older brother. On his return, he began attending Webber Douglas Academy of Dramatic Art but found it hard to settle back in. Ultimately, though, he did graduate.\u3000\u3000Education: Fine Arts College Hampstead, Webber Douglas Academy Of Dramatic Arts (graduated 1999).\u3000\u3000Family: Two older brothers, one of whom traveled through Tibet with JJ at age seventeen, and one younger sister.\u3000\u3000Favorite songs: Mike Scott's She is so Beautiful, Pavarotti's Una Furtiva Lagrima, Johnny Cash's One.\u3000\u3000Favourite movies: The Lion in Winter (1968), The Philadelphia Story (1940), Last Orders (2001).\u3000\u3000Favorite books: Tibetan Book of Living and Dying by Sogyal Rinpoche, The Lonely Planet series, Birdsong by Sebastian Faulks.\u3000\u3000Attented Webber Douglas Academy of Dramatic Art. Graduated in 1999.\u3000\u3000Was in a relationship with actress Kelly Reilly.\n",
    "hezuo": []
}