{
    "name": "\u8ba9\u5a1c\u00b7\u5df4\u5229\u5df4\u5c14 Jeanne Balibar",
    "movies": [
        "\u60b2\u60e8\u4e16\u754c Les mis\u00e9rables"
    ],
    "male": "\u5973",
    "xingzuo": "\u767d\u7f8a\u5ea7",
    "birth": "1968-04-13",
    "area": "\u6cd5\u56fd,\u5df4\u9ece",
    "zhiye": [
        "\u6f14\u5458",
        "\u914d\u97f3",
        "\u5bfc\u6f14",
        "\u7f16\u5267"
    ],
    "moreName": [],
    "family": [
        "Mathieu Amalric\uff08\u524d\u592b\uff09"
    ],
    "intro": "\n            \u3000\u3000\u83b7\u5f97\u4e86\u6cd5\u56fd\u6587\u5316\u90e8\u6388\u4e88\u7684 \u827a\u672f\u548c\u6587\u5b66\u52cb\u7ae0\uff08\u519b\u5b98\u7ea7\uff09\n    ",
    "hezuo": []
}