{
    "name": "\u84bf\u6021\u5e06 Yifan Hao",
    "movies": [
        "\u6211\u662f\u8def\u4eba\u7532"
    ],
    "male": "\u5973",
    "xingzuo": "\u767d\u7f8a\u5ea7",
    "birth": "1993",
    "area": "\u4e2d\u56fd,\u6cb3\u5317,\u90af\u90f8",
    "zhiye": [
        "\u6f14\u5458"
    ],
    "moreName": [],
    "family": [
        "\u84bf\u6021\u970f(\u59b9)"
    ],
    "intro": "\n            \u3000\u30002012\u5e74\u7531\u8001\u5bb6\u6cb3\u5317\u6f02\u5230\u6a2a\u5e97\uff0c2013\u5e74\u521d\u88ab\u9009\u5165\u300a\u6211\u662f\u8def\u4eba\u7532\u300b\u5267\u7ec4\uff0c\u968f\u5373\u5f00\u59cb\u63a5\u53d7\u957f\u8fbe\u5341\u4e2a\u6708\u7684\u4f53\u80fd\u548c\u821e\u8e48\u8bad\u7ec3\uff0c2013\u5e7412\u6708\u6b63\u5f0f\u6295\u5165\u62cd\u6444\uff0c\u6700\u7ec8\u5b8c\u6210\u7247\u4e2d\u6240\u9700\u821e\u8e48\uff0c\u8fdb\u800c\u88ab\u5e7f\u5927\u89c2\u4f17\u6240\u719f\u77e5\u3002\n    ",
    "hezuo": []
}