{
    "name": "\u80af\u00b7\u6881 Ken Leung",
    "movies": [
        "\u4eba\u5de5\u667a\u80fd Artificial Intelligence: AI",
        "\u5c16\u5cf0\u65f6\u523b Rush Hour"
    ],
    "male": "\u7537",
    "xingzuo": "\u6c34\u74f6\u5ea7",
    "birth": "1970-01-21",
    "area": "\u7f8e\u56fd,\u7ebd\u7ea6",
    "zhiye": [
        "\u6f14\u5458",
        "\u914d\u97f3"
    ],
    "moreName": [
        "\u80af\u00b7\u5170\u683c"
    ],
    "family": [],
    "intro": "\n\u3000\u3000Kenneth \"Ken\" Leung (born January 21, 1970) is an American actor best known for his role as Miles Straume in the ABC television series Lost and roles in such films as Shanghai Kiss, Rush Hour, X-Men: The Last Stand, and Saw.\u3000\u3000Early lifeKen Leung was born in New York City and initially raised in the Two Bridges section of the Lower East Side of Manhattan.[citation needed] His family moved to Midwood, Brooklyn where he grew up before fini...(\u5c55\u5f00\u5168\u90e8)\n\u3000\u3000Kenneth \"Ken\" Leung (born January 21, 1970) is an American actor best known for his role as Miles Straume in the ABC television series Lost and roles in such films as Shanghai Kiss, Rush Hour, X-Men: The Last Stand, and Saw.\u3000\u3000Early lifeKen Leung was born in New York City and initially raised in the Two Bridges section of the Lower East Side of Manhattan.[citation needed] His family moved to Midwood, Brooklyn where he grew up before finishing high school in Old Bridge, New Jersey.[citation needed]\u3000\u3000Leung later attended New York University (NYU) as a University Scholar and discovered acting in his junior year, when he studied acting with Catherine Russell and Nan Smithner,[citation needed] and then briefly with Anne Jackson at HB Studio.[citation needed] During this time he acted mostly in downtown spaces and black box theaters, working with groups such as the Ma-Yi Theater Company,[citation needed] New Perspectives,[citation needed] and STAR, a traveling group of actors-educators based in Mount Sinai Hospital.\u3000\u3000CareerIn 1997, Leung made his debut in Brett Ratner's Rush Hour. Ratner stated, \"[Ken]'s a great actor. In my opinion, he's equivalent to Philip Seymour Hoffman as far as talent is concerned.\"[1] He would later work with Ratner in the films Red Dragon, The Family Man, and X-Men: The Last Stand. Edward Norton cast him in his directorial debut Keeping the Faith in 2000. Since then Leung has appeared in several independent and television films, as well as features, including four films with Brett Ratner and two with Spike Lee. In 1998, he played James the Less and God in Terrence McNally's passion play, Corpus Christi, and in 2002 made his Broadway debut in the musical Thoroughly Modern Millie (and appears on the cast recording).\u3000\u3000In 2007, he starred in the independent film Shanghai Kiss with Hayden Panettiere, and earned a Special Mention at the San Francisco International Asian American Film Festival.[citation needed] That same year he guest-starred in the final season of the HBO drama series The Sopranos. He followed this with the ABC drama Lost as Miles Straume from the series' fourth season through the rest of its run. Leung in rumored to star in the pilot for the television adaption of the comic book Chew as the title character Tony Chu.\n",
    "hezuo": []
}