{
    "name": "\u8428\u62c9\u00b7\u8d56\u7279 Sarah Wright",
    "movies": [
        "\u7f8e\u56fd\u884c\u52a8 American Made"
    ],
    "male": "\u5973",
    "xingzuo": "\u5929\u79e4\u5ea7",
    "birth": "1983-09-28",
    "area": "\u7f8e\u56fd,\u80af\u5854\u57fa\u5dde,\u8def\u6613\u65af\u7ef4\u5c14",
    "zhiye": [
        "\u6f14\u5458"
    ],
    "moreName": [
        "\u838e\u62c9\u00b7\u9ea6\u68ee"
    ],
    "family": [],
    "intro": "\n\u3000\u3000Sarah Fay Wright (born September 28, 1983) is an American actress and former fashion model who played the character of Paige Chase in the sitcom Quintuplets. She co-starred in the sitcom The Loop as Lizzy during the first season. She also guest starred on the eleventh season of the CW hit series 7th Heaven as Jane, a best friend of Andrea Morris's character Margaret. She appeared as Sarah Mason, one of the girls with whom Patrick Dempsey's...(\u5c55\u5f00\u5168\u90e8)\n\u3000\u3000Sarah Fay Wright (born September 28, 1983) is an American actress and former fashion model who played the character of Paige Chase in the sitcom Quintuplets. She co-starred in the sitcom The Loop as Lizzy during the first season. She also guest starred on the eleventh season of the CW hit series 7th Heaven as Jane, a best friend of Andrea Morris's character Margaret. She appeared as Sarah Mason, one of the girls with whom Patrick Dempsey's character has a one-night stand in the 2008 film Made of Honor. In 2011, she began a recurring role in the CBS mid-season replacement comedy series Mad Love, and she maintains a small recurring role as Millicent Gergich on the NBC show Parks and Recreation.[1]\n",
    "hezuo": []
}