{
    "name": "\u8096\u6069\u00b7\u5409\u5e03\u6717\u5c3c Sean Giambrone",
    "movies": [
        "\u65e0\u654c\u7834\u574f\u738b2\uff1a\u5927\u95f9\u4e92\u8054\u7f51 Ralph Breaks the Internet"
    ],
    "male": "\u7537",
    "xingzuo": "\u53cc\u5b50\u5ea7",
    "birth": "1999-05-30",
    "area": "\u7f8e\u56fd\uff0c\u5bc6\u6b47\u6839\u5dde",
    "zhiye": [
        "\u6f14\u5458",
        "\u914d\u97f3"
    ],
    "moreName": [],
    "family": [],
    "intro": "\n            \u3000\u3000\u8096\u6069\u66fe\u51fa\u6f14\u8fc7\u591a\u90e8\u7535\u89c6\u5e7f\u544a\uff0c\u5305\u62ec\u9ea6\u5f53\u52b3\u9910\u5385\u3002\u4ed6\u7684\u7236\u4eb2\u6709\u610f\u5927\u5229\u8840\u7edf\uff0c\u6bcd\u4eb2\u5177\u6709\u5fb7\u56fd\u8840\u7edf\u30022013\u5e74\u81f3\u4eca\uff0c\u51fa\u6f14ABC\u53f0\u559c\u5267The Goldbergs\uff08\u300a\u91d1\u8272\u5e74\u4ee3\u300b\uff09\u3002\n    ",
    "hezuo": []
}