{
    "name": "\u8428\u74e6\u7279\u5229\u00b7\u5361\u897f\u6b27 Salvatore Cascio",
    "movies": [
        "\u5929\u5802\u7535\u5f71\u9662 Nuovo Cinema Paradiso"
    ],
    "male": "\u7537",
    "xingzuo": "\u5929\u874e\u5ea7",
    "birth": "1979-11-08",
    "area": "\u610f\u5927\u5229,\u5df4\u52d2\u83ab",
    "zhiye": [
        "\u6f14\u5458"
    ],
    "moreName": [],
    "family": [],
    "intro": "\n            \u3000\u3000\u8428\u74e6\u7279\u5229\u00b7\u5361\u897f\u6b27\u662f1979\u5e7411\u6708\u5728\u610f\u5927\u5229\u51fa\u751f\uff0c\u7535\u5f71\u6f14\u5458\uff0c\u53c2\u6f14\u4f5c\u54c1\u6709\u300a\u5929\u4f26\u4e4b\u65c5 \u300b\u3001\u300a\u5929\u5802\u7535\u5f71\u9662 \u300b\u7b49\u3002\n    ",
    "hezuo": []
}