{
    "name": "\u8212\u683c\u00b7\u6797\u00b7\u5f7c\u5c14\u5fb7 Sugar Lyn Beard",
    "movies": [
        "\u7f51\u8058\u5973\u4f34 Mike and Dave Need Wedding Dates"
    ],
    "male": "\u5973",
    "xingzuo": "\u5904\u5973\u5ea7",
    "birth": "1980-08-27",
    "area": "\u52a0\u62ff\u5927,\u5b89\u5927\u7565\u7701,\u58eb\u5609\u5821",
    "zhiye": [
        "\u6f14\u5458",
        "\u914d\u97f3",
        "\u5236\u7247\u4eba"
    ],
    "moreName": [],
    "family": [],
    "intro": "\n            \u3000\u3000\n    ",
    "hezuo": []
}