{
    "name": "\u8303\u660e Ming Fan",
    "movies": [
        "\u8d85\u65f6\u7a7a\u540c\u5c45"
    ],
    "male": "\u7537",
    "xingzuo": "\u5929\u79e4\u5ea7",
    "birth": "1964",
    "area": "\u4e2d\u56fd,\u5c71\u4e1c,\u4e34\u6c82",
    "zhiye": [
        "\u6f14\u5458",
        "\u5bfc\u6f14"
    ],
    "moreName": [],
    "family": [
        "\u5389\u73b2(\u59bb)",
        "\u8303\u7f8e\u8fb0(\u5973)"
    ],
    "intro": "\n            \u3000\u3000\u59d3\u540d\uff1a\u8303\u660e\u3000\u3000\u6027\u522b\uff1a\u7537 \u6c11\u65cf\uff1a\u6c49\u65cf  \u7c4d\u8d2f\uff1a\u5c71\u4e1c\u7701\u4e34\u6c82\u5e02\u5170\u5c71\u533a\u534a\u7a0b\u9547\u3000\u3000\u653f\u6cbb\u80cc\u666f\uff1a\u4e2d\u56fd\u5171\u4ea7\u515a\u5458 \u6bd5\u4e1a\u9662\u6821\uff1a\u89e3\u653e\u519b\u827a\u672f\u5b66\u9662\u8868\u6f14\u7cfb\u3000\u3000\u5de5\u4f5c\u5355\u4f4d\uff1a\u4e2d\u56fd\u4eba\u6c11\u89e3\u653e\u519b\u5357\u4eac\u519b\u533a\u653f\u6cbb\u90e8\u524d\u7ebf\u6587\u5de5\u56e2\n    ",
    "hezuo": []
}