{
    "name": "\u8a79\u59c6\u65af\u00b7\u585e\u6258 James Saito",
    "movies": [
        "\u5168\u6c11\u8ffd\u5973\u738b Long Shot"
    ],
    "male": "\u7537",
    "xingzuo": "\u53cc\u9c7c\u5ea7",
    "birth": "1955-03-06",
    "area": "\u7f8e\u56fd,\u52a0\u5229\u798f\u5c3c\u4e9a\u5dde,\u6d1b\u6749\u77f6",
    "zhiye": [
        "\u6f14\u5458",
        "\u914d\u97f3"
    ],
    "moreName": [
        "\u4faf\u56fd\u7389",
        "\u5409\u5409\u56fd\u738b",
        "\u5c0f\u7334"
    ],
    "family": [
        "\u7b80\u81ea\u8c6a\uff08\u7236\uff09"
    ],
    "intro": "\n            \u3000\u3000\n    ",
    "hezuo": []
}