{
    "name": "\u8d1d\u5f17\u5229\u00b7\u7c73\u5207\u5c14 Beverley Mitchell",
    "movies": [
        "\u7535\u952f\u60ca\u9b422 Saw II"
    ],
    "male": "\u5973",
    "xingzuo": "\u6c34\u74f6\u5ea7",
    "birth": "1981-01-22",
    "area": "\u7f8e\u56fd,\u52a0\u5229\u798f\u5c3c\u4e9a\u5dde,\u963f\u5361\u8fea\u4e9a",
    "zhiye": [
        "\u6f14\u5458"
    ],
    "moreName": [],
    "family": [],
    "intro": "\n\u3000\u3000Rising to fan-magazine fame through her stint as Lucy Camden on 7th Heaven (1996), Beverley was born in Arcadia, California. Before her most famous role, Beverley started her career off with a well-known temper tantrum, alongside her mother, in the middle of a shopping mall. A talent agent heard the noise and quickly rushed over. The rest is history. Television and modeling gigs quickly followed and her debut TV role was in the series Big ...(\u5c55\u5f00\u5168\u90e8)\n\u3000\u3000Rising to fan-magazine fame through her stint as Lucy Camden on 7th Heaven (1996), Beverley was born in Arcadia, California. Before her most famous role, Beverley started her career off with a well-known temper tantrum, alongside her mother, in the middle of a shopping mall. A talent agent heard the noise and quickly rushed over. The rest is history. Television and modeling gigs quickly followed and her debut TV role was in the series Big Brother Jake (1990). Her first large film role came in The Crow: City of Angels (1996). Shortly after, she was on the WB as one of the fresh faces of the hit 7th Heaven (1996). While busy with the show, Beverley graduated from high school in 1999 and has attended Loyola Maramount University and studied film. She also actively participates in RADD Kids and K-Mart Kids Race Against Drugs charities, among others. While active on her show, she also starred in the independent short film, Mean People Suck (2001). In 2011, Beverley joined the cast of The Secret Life of the American Teenager (2008), as the new school guidance counselor.\n",
    "hezuo": []
}