{
    "name": "\u8fbe\u65af\u6c40\u00b7\u7c73\u5229\u7518 Dustin Milligan",
    "movies": [
        "\u6076\u9b54 Demonic"
    ],
    "male": "\u7537",
    "xingzuo": "\u72ee\u5b50\u5ea7",
    "birth": "1985-07-28",
    "area": "\u52a0\u62ff\u5927,\u897f\u5317\u5730\u533a,\u8036\u6d1b\u5948\u592b",
    "zhiye": [
        "\u6f14\u5458",
        "\u914d\u97f3",
        "\u7f16\u5267"
    ],
    "moreName": [],
    "family": [],
    "intro": "\n\u3000\u3000Milligan was born in Yellowknife, Northwest Territories.\u3000\u3000He starred in the short-lived primetime dramatic suspense series Runaway picked up by the CW network for its inaugural season in September 2006, but cancelled in October 2006 after only three episodes. He also starred in the Canadian network CTV`s made-for-TV-movie 8 Days to Live playing O.C. star Kelly Rowan`s missing son. His film credits include Final Destination 3 (2006), Sli...(\u5c55\u5f00\u5168\u90e8)\n\u3000\u3000Milligan was born in Yellowknife, Northwest Territories.\u3000\u3000He starred in the short-lived primetime dramatic suspense series Runaway picked up by the CW network for its inaugural season in September 2006, but cancelled in October 2006 after only three episodes. He also starred in the Canadian network CTV`s made-for-TV-movie 8 Days to Live playing O.C. star Kelly Rowan`s missing son. His film credits include Final Destination 3 (2006), Slither (2006), The Butterfly Effect 2 (2006), In the Land of Women (2007), alongside Kristen Stewart, Adam Brody and Meg Ryan, as well as The Messengers (2007), also starring Kristen Stewart. He also played in the 2007 movie Butterfly on a Wheel. Milligan has also played minor roles in the television series The Days, Andromeda, The Dead Zone, Alice, I Think, Supernatural and the CBC`s Da Vinci`s City Hall.\u3000\u3000While promoting In The Land of Women, he starred in a series of 8 video diaries (put on YouTube), promoting the movie, and trying to get a date for the premiere.\u3000\u3000In the 2008-2009 television season, Dustin Milligan starred as Ethan Ward in The CW`s 90210, a spin-off of the popular 1990s prime-time soap opera Beverly Hills, 90210. Along side co-star Shenae Grimes and Jessica Lowndes, Milligan also followed the ranks of Jason Priestley former Beverly Hills, 90210 star as a Canadian actor on a U.S hit TV show. In late March 2009, writer/producer Rebecca Rand Kirshner Sinclair confirmed that Milligan would be written off the show in 90210`s second season.\n",
    "hezuo": []
}