{
    "name": "\u8d75\u71d5\u56fd\u5f70 Yanguozhang Zhao",
    "movies": [
        "\u5927\u8c61\u5e2d\u5730\u800c\u5750"
    ],
    "male": "\u7537",
    "xingzuo": "\u53cc\u5b50\u5ea7",
    "birth": "1966-06-07",
    "area": "\u4e2d\u56fd,\u6cb3\u5317",
    "zhiye": [
        "\u6f14\u5458",
        "\u5bfc\u6f14",
        "\u7f16\u5267",
        "\u5236\u7247\u4eba",
        "\u5176\u5b83"
    ],
    "moreName": [
        "\u8d75\u5f66\u56fd(\u539f\u540d)"
    ],
    "family": [],
    "intro": "\n            \u3000\u3000\u8d75\u71d5\u56fd\u5f70\u539f\u540d\u4e3a\u8d75\u5f66\u56fd\u3002\u636e\u672c\u4eba\u66fe\u7ecf\u900f\u9732\uff0c\u4ed6\u6539\u540d\u662f\u4e3a\u7eaa\u5ff5\u901d\u53bb\u7684\u542f\u8499\u8001\u5e08\u5f20\u6842\u971e\u3002\u8d75\u71d5\u56fd\u5f70\u6bd5\u4e1a\u4e8e\u5317\u4eac\u7535\u5f71\u5b66\u9662\u8868\u6f14\u7cfb\u672c\u79d1\u3002\u4ed6\u51fa\u6f14\u8fc7\u591a\u90e8\u7535\u5f71\u3001\u7535\u89c6\u3001\u821e\u8e48\u3001\u620f\u5267\u4f5c\u54c1\u30021998\u5e74\uff0c\u8d75\u71d5\u56fd\u5f70\u5728\u745e\u5178\u65af\u5fb7\u54e5\u5c14\u6469\u5b9a\u5c45\u5e76\u521b\u7acb'a ART 5'\u5f71\u89c6\u5de5\u4f5c\u5ba4\u3002\n    ",
    "hezuo": []
}