{
    "name": "\u8d6b\u5c14\u66fc\u00b7\u5bbe  Herman Bing",
    "movies": [
        "\u5c0f\u98de\u8c61 Dumbo"
    ],
    "male": "\u7537",
    "xingzuo": "\u767d\u7f8a\u5ea7",
    "birth": "not found",
    "area": "\u5fb7\u56fd,\u6cd5\u5170\u514b\u798f",
    "zhiye": [
        "\u6f14\u5458",
        "\u914d\u97f3",
        "\u526f\u5bfc\u6f14",
        "\u7f16\u5267"
    ],
    "moreName": [],
    "family": [],
    "intro": "\n\u3000\u3000Herman Bing was born in Frankfurt-am-Main, Germany and died in Los Angeles, California. He was production chief of films in Germany before he went to America with director F. W. Murnau. As well as acting in over 120 films, he was also in Burlesque. He also provided the voice for the Ringmaster in Walt Disney's Dumbo, and Von Hamburger in \"Daffy Duck in Hollywood\" (1938). Many of Bing's parts were uncredited.\u3000\u3000The type of comedy he was k...(\u5c55\u5f00\u5168\u90e8)\n\u3000\u3000Herman Bing was born in Frankfurt-am-Main, Germany and died in Los Angeles, California. He was production chief of films in Germany before he went to America with director F. W. Murnau. As well as acting in over 120 films, he was also in Burlesque. He also provided the voice for the Ringmaster in Walt Disney's Dumbo, and Von Hamburger in \"Daffy Duck in Hollywood\" (1938). Many of Bing's parts were uncredited.\u3000\u3000The type of comedy he was known for became outdated in the years following World War II. It was said he was a known Nazi sympathizer which damaged his career when the United States entered World War II. He became increasingly depressed in the mid-1940s, as he was unable to secure work in Hollywood, and committed suicide in 1947 by shooting himself.\n",
    "hezuo": []
}