{
    "name": "\u8c22\u4f9d\u9716 Yilin Sie",
    "movies": [
        "\u6492\u5a07\u5973\u4eba\u6700\u597d\u547d",
        "\u738b\u724c\u9017\u738b\u724c",
        "\u4f55\u4ee5\u7b19\u7bab\u9ed8",
        "\u964d\u9b54\u4f20"
    ],
    "male": "\u5973",
    "xingzuo": "\u53cc\u9c7c\u5ea7",
    "birth": "1990-03-19",
    "area": "\u4e2d\u56fd,\u53f0\u6e7e,\u82b1\u83b2,\u7389\u91cc",
    "zhiye": [
        "\u6f14\u5458"
    ],
    "moreName": [
        "Hold\u4f4f\u59d0"
    ],
    "family": [],
    "intro": "\n            \u3000\u3000hold\u4f4f\u59d0\uff0c\u672c\u540d\u8c22\u4f9d\u9716\uff0c\u76ee\u524d\u5c31\u8bfb\u4e8e\u53f0\u6e7e\u6587\u5316\u5927\u5b66\u8868\u6f14\u4e13\u4e1a\u3002\u56e02011\u5e748\u67089\u65e5\u5728\u7efc\u827a\u8282\u76ee\u300a\u5927\u5b66\u751f\u4e86\u6ca1\u300b\u8282\u76ee\u4e2d\u626e\u4e11\u641e\u602a\uff0c\u52a0\u4e0a\u7231\u5356\u5f04\u4e2d\u82f1\u6587\u5939\u6742\u7684\u8de9\u8c03\u98ce\u683c\uff0c\u5f71\u7247\u53d1\u5e03\u5728youtube\u77ed\u77ed11\u5929\uff0c\u89c6\u9891\u70b9\u51fb\u7387\u7834101\u4e07\u4eba\uff0c\u88ab\u7f51\u53cb\u5c01\u4e3a\u201cHold\u59d0\u201d\u3002\n    ",
    "hezuo": []
}