{
    "name": "\u8c2d\u4fca\u5f66 Shaun Tam",
    "movies": [
        "\u60ca\u5929\u7834"
    ],
    "male": "\u7537",
    "xingzuo": "\u72ee\u5b50\u5ea7",
    "birth": "1980-07-30",
    "area": "\u4e2d\u56fd\u9999\u6e2f",
    "zhiye": [
        "\u6f14\u5458",
        "\u914d\u97f3"
    ],
    "moreName": [],
    "family": [
        "\u72c4\u9f99(\u7236)",
        "\u9676\u654f\u660e(\u6bcd)",
        "\u4efb\u7949\u598d(\u59bb)"
    ],
    "intro": "\n            \u3000\u3000\u8c2d\u4fca\u5f66\uff0c\u72c4\u9f99\u4e4b\u5b50\uff0c1980\u5e747\u670830\u65e5\u751f\u4e8e\u9999\u6e2f\uff0c\u80fd\u64cd\u6d41\u5229\u56fd\u8bed\uff0c\u7ca4\u8bed\u53ca\u82f1\u8bed\uff0c\u534a\u6d41\u5f97\u6cd5\uff0c\u65e5\u8bed\uff0c\u5728\u52a0\u62ff\u5927\u5b8c\u6210\u5927\u5b66\u4e8c\u5e74\u7ea7\u8bfe\u7a0b\uff0c\u4e3b\u4fee\u5e7f\u544a\u30022000\u5e74\u7b7e\u4e86\u5c14\u4e1c\u5347\u65d7\u4e0b\u7684\u661f\u7693\u7ecf\u7406\u4eba\u516c\u53f8\uff0c\u62cd\u7684\u7b2c\u4e00\u90e8\u7535\u5f71\u4e3a\u5f20\u4e4b\u4eae\u6267\u5bfc\uff0c\u6885\u8273\u82b3\u4e3b\u6f14\u7684\u300a\u614c\u5fc3\u5047\u671f\u300b\u3002\n    ",
    "hezuo": []
}