{
    "name": "\u6731\u5229\u5b89\u00b7\u6797\u5e0c\u5fb7-\u56fe\u7279 Julian Rhind-Tutt",
    "movies": [
        "\u8d85\u4f53 Lucy"
    ],
    "male": "\u7537",
    "xingzuo": "\u5de8\u87f9\u5ea7",
    "birth": "1968-07-20",
    "area": "\u82f1\u56fd,\u7c73\u5fb7\u5c14\u585e,\u897f\u9675\u6566,\u897f\u5fb7\u96f7\u987f",
    "zhiye": [
        "\u6f14\u5458",
        "\u914d\u97f3"
    ],
    "moreName": [],
    "family": [
        "Nata\u0161a Zajc\uff08\u59bb\uff09",
        "Lucien Rhind-Tutt\uff08\u5b50\uff09"
    ],
    "intro": "\n            \u3000\u3000\n    ",
    "hezuo": []
}