{
    "name": "\u672c\u00b7\u5e03\u52b3\u5fb7 Ben Browder",
    "movies": [
        "\u661f\u9645\u4e4b\u95e8\uff1a\u771f\u7406\u4e4b\u76d2 Stargate: The Ark of Truth"
    ],
    "male": "\u7537",
    "xingzuo": "\u5c04\u624b\u5ea7",
    "birth": "1962-12-11",
    "area": "\u7f8e\u56fd,\u7530\u7eb3\u897f\u5dde,\u5b5f\u83f2\u65af",
    "zhiye": [
        "\u6f14\u5458",
        "\u7f16\u5267",
        "\u914d\u97f3",
        "\u5bfc\u6f14",
        "\u5236\u7247\u4eba"
    ],
    "moreName": [],
    "family": [],
    "intro": "\n            \u3000\u3000\n    ",
    "hezuo": []
}