{
    "name": "\u672c\u5c3c\u8fea\u514b\u7279\u00b7\u738b Benedict Wong",
    "movies": [
        "\u6708\u7403 Moon",
        "\u666e\u7f57\u7c73\u4fee\u65af Prometheus",
        "\u592a\u9633\u6d69\u52ab Sunshine",
        "\u53cc\u5b50\u6740\u624b Gemini Man",
        "\u6e6e\u706d Annihilation"
    ],
    "male": "\u7537",
    "xingzuo": "\u53cc\u5b50\u5ea7",
    "birth": "1971-06-03",
    "area": "\u82f1\u56fd,\u66fc\u5f7b\u65af\u7279",
    "zhiye": [
        "\u6f14\u5458",
        "\u914d\u97f3",
        "\u7f16\u5267"
    ],
    "moreName": [
        "\u9ec4\u51ef\u65cb",
        "\u672c\u5c3c\u8fea\u514b\u7279\u00b7\u9ec4",
        "\u738b\u51ef\u65cb"
    ],
    "family": [],
    "intro": "\n            \u3000\u3000Benedict Wong (born 3 June 1971) is a British actor who has appeared on film, television and also on stage. Wong is known for portraying Kublai Khan in Netflix's Marco Polo (2014\u201316), Bruce Ng in The Martian (2015) and Wong in Doctor Strange (2016).\n    ",
    "hezuo": []
}