{
    "name": "\u6770\u68ee\u00b7\u514b\u62c9\u514b Jason Clarke",
    "movies": [
        "\u7ec8\u7ed3\u8005\uff1a\u521b\u4e16\u7eaa Terminator Genisys",
        "\u7329\u7403\u5d1b\u8d772\uff1a\u9ece\u660e\u4e4b\u6218 Dawn of the Planet of the Apes"
    ],
    "male": "\u7537",
    "xingzuo": "\u5de8\u87f9\u5ea7",
    "birth": "1969-07-17",
    "area": "\u6fb3\u5927\u5229\u4e9a,\u6606\u58eb\u5170\u5dde,\u6e29\u987f",
    "zhiye": [
        "\u6f14\u5458"
    ],
    "moreName": [],
    "family": [],
    "intro": "\n            \u3000\u3000\u6770\u68ee\u00b7\u514b\u62c9\u514b\uff08Jason Clarke\uff09\u661f\u5ea7\uff1a\u5de8\u87f9\u5ea7 \u7537\uff0c \u751f\u4e8e1969\u5e747\u670817\u65e5\uff0c\u5bb6\u4e61\u662f\u6fb3\u5927\u5229\u4e9a\u7684\u6e29\u987f\uff0c\u6606\u58eb\u5170\u6d32\u3002 \u4ed6\u7684\u7236\u4eb2\u7684\u5de5\u4f5c\u66fe\u662f\u4e3a\u4eba\u526a\u7f8a\u6bdb\u3002\u6770\u68ee\u5f55\u8fc7\u8bb8\u591a\u6fb3\u5927\u5229\u4e9a\u7535\u89c6\u8282\u76ee\uff0c\u5305\u62ec\u300a\u8c0b\u6740\u6697\u793a\u7535\u8bdd\u300b\uff0c\u300a\u9a9a\u7684\u8fc7\u706b\u300b\uff0c\u300a\u6240\u6709\u7684\u5723\u4eba\u300b\u7b49\u3002 \u6770\u68ee\u66fe\u51fa\u6f14\u8fc7\u300a\u4eba\u7c7b\u5408\u7ea6\u300b\uff0c\u300a\u6b7b\u4ea1\u98de\u8f66\u300b\uff0c\u300a\u516c\u4f17\u4e4b\u654c\u300b\u7b49\u7535\u5f71\u3002\n    ",
    "hezuo": []
}