{
    "name": "\u6770\u4e1d\u00b7\u8428\u5c14\u76d6\u7f57 Jess Salgueiro",
    "movies": [
        "\u82cd\u7a79\u6d69\u701a \u7b2c\u56db\u5b63 The Expanse Season 4"
    ],
    "male": "\u5973",
    "xingzuo": "not found",
    "birth": "not found",
    "area": "\u52a0\u62ff\u5927,\u9a6c\u5c3c\u6258\u5df4\u7701,\u6e29\u5c3c\u4f2f",
    "zhiye": [
        "\u6f14\u5458"
    ],
    "moreName": [],
    "family": [],
    "intro": "\n            \u3000\u3000Jess Salgueiro is an actress and writer, known for Orphan Black (2013), Mary Kills People (2017) and The Boys (2019).\n    ",
    "hezuo": []
}