{
    "name": "\u6770\u897f\u00b7\u8a79\u59c6\u65af Jesse James",
    "movies": [
        "\u8774\u8776\u6548\u5e94 The Butterfly Effect"
    ],
    "male": "\u7537",
    "xingzuo": "\u5904\u5973\u5ea7",
    "birth": "1989-09-14",
    "area": "\u7f8e\u56fd,\u52a0\u5229\u798f\u5c3c\u4e9a\u5dde,\u68d5\u6988\u6cc9",
    "zhiye": [
        "\u6f14\u5458",
        "\u914d\u97f3",
        "\u5236\u7247\u4eba"
    ],
    "moreName": [],
    "family": [],
    "intro": "\n            \u3000\u3000\n    ",
    "hezuo": []
}