{
    "name": "\u6770\u897f\u5361\u00b7\u5362\u5361\u65af Jessica Lucas",
    "movies": [
        "\u79d1\u6d1b\u5f17\u6863\u6848 Cloverfield"
    ],
    "male": "\u5973",
    "xingzuo": "\u5929\u79e4\u5ea7",
    "birth": "1985-09-24",
    "area": "\u52a0\u62ff\u5927,\u4e0d\u5217\u98a0\u54e5\u4f26\u6bd4\u4e9a\u7701,\u6e29\u54e5\u534e",
    "zhiye": [
        "\u6f14\u5458"
    ],
    "moreName": [],
    "family": [],
    "intro": "\n\u3000\u3000Date of Birth\t24 September 1985, Vancouver, British Columbia, Canada\u3000\u3000Height\t 5' 6\" (1.68 m)\u3000\u3000Mini Bio (1)\u3000\u3000Jessica Lucas (born September 24, 1985[1]) is a Canadian actress and singer. She is known for her roles in television, such as Edgemont, Melrose Place, and Cult, and in the films The Covenant, Cloverfield and the 2013 Evil Dead. She also starred in the music video for Coldplay's 2014 single \"True Love\". Lucas was born and ra...(\u5c55\u5f00\u5168\u90e8)\n\u3000\u3000Date of Birth\t24 September 1985, Vancouver, British Columbia, Canada\u3000\u3000Height\t 5' 6\" (1.68 m)\u3000\u3000Mini Bio (1)\u3000\u3000Jessica Lucas (born September 24, 1985[1]) is a Canadian actress and singer. She is known for her roles in television, such as Edgemont, Melrose Place, and Cult, and in the films The Covenant, Cloverfield and the 2013 Evil Dead. She also starred in the music video for Coldplay's 2014 single \"True Love\". Lucas was born and raised in Vancouver, British Columbia.[1][2] She began acting at seven years old, and trained with the Children's Arts Theatre School in Toronto.[3] She started her career appearing in stage productions,[3] including local productions of Snow White & The Seven Dwarfs, Grease, Cinderella, Mousetrap and Music Medley.\n",
    "hezuo": []
}