{
    "name": "\u6770\u59ae\u00b7\u970d\u8482\u8c22\u5c14 Jayne Houdyshell",
    "movies": [
        "\u7f29\u5c0f\u4eba\u751f Downsizing"
    ],
    "male": "\u5973",
    "xingzuo": "\u5929\u79e4\u5ea7",
    "birth": "1953-09-25",
    "area": "\u7f8e\u56fd,\u582a\u8428\u65af\u5dde,\u6258\u76ae\u5361",
    "zhiye": [
        "\u6f14\u5458"
    ],
    "moreName": [
        "\u6770\u6069\u00b7\u970d\u8fea\u8c22\u5c14"
    ],
    "family": [],
    "intro": "\n            \u3000\u3000\n    ",
    "hezuo": []
}