{
    "name": "\u6770\u514b\u00b7\u6d1b\u4f0a\u5fb7 Jake Lloyd",
    "movies": [
        "\u661f\u7403\u5927\u6218\u524d\u4f201\uff1a\u5e7d\u7075\u7684\u5a01\u80c1 Star Wars: Episode I - The Phantom Menace"
    ],
    "male": "\u7537",
    "xingzuo": "\u53cc\u9c7c\u5ea7",
    "birth": "1989-03-05",
    "area": "\u7f8e\u56fd,\u79d1\u7f57\u62c9\u591a\u5dde,\u67ef\u6797\u65af\u5821",
    "zhiye": [
        "\u6f14\u5458"
    ],
    "moreName": [],
    "family": [],
    "intro": "\n            \u3000\u3000\n    ",
    "hezuo": []
}