{
    "name": "\u6770\u514b\u00b7\u963f\u8d1d\u5c14 Jake Abel",
    "movies": [
        "\u5173\u952e\u7b2c\u56db\u53f7 I Am Number Four"
    ],
    "male": "\u7537",
    "xingzuo": "\u5929\u874e\u5ea7",
    "birth": "1987-11-18",
    "area": "\u7f8e\u56fd,\u4fc4\u4ea5\u4fc4",
    "zhiye": [
        "\u6f14\u5458"
    ],
    "moreName": [],
    "family": [
        "Allie Woods(\u672a\u5a5a\u59bb)"
    ],
    "intro": "\n            \u3000\u3000\u6770\u514b\u00b7\u963f\u8d1d\u5c14\uff08Jake Abel\uff09\uff0c\u7f8e\u56fd\u7537\u6f14\u5458\uff0c\u56e0\u5728\u7535\u5f71\u5929\u624d\u95ea\u5149\uff08Flash of Genius\uff09\u91cc\u7684\u7cbe\u5f69\u8868\u73b0\u83b7\u5f9716\u5c4a\u6c49\u666e\u987f\u56fd\u9645\u7535\u5f71\u8282\u201c\u65b0\u4eba\u5956\u201d\u7684\u540e\u8d77\u4e4b\u79c0\u3002\n    ",
    "hezuo": []
}