{
    "name": "\u6770\u514b\u00b7\u7ea6\u7ff0\u900a Jake M. Johnson",
    "movies": [
        "\u8718\u86db\u4fa0\uff1a\u5e73\u884c\u5b87\u5b99 Spider-Man: Into the Spider-Verse",
        "\u4f8f\u7f57\u7eaa\u4e16\u754c Jurassic World"
    ],
    "male": "\u7537",
    "xingzuo": "\u53cc\u5b50\u5ea7",
    "birth": "1978-05-28",
    "area": "\u7f8e\u56fd,\u4f0a\u5229\u8bfa\u65af\u5dde,\u57c3\u6587\u65af\u987f",
    "zhiye": [
        "\u6f14\u5458",
        "\u914d\u97f3",
        "\u7f16\u5267"
    ],
    "moreName": [],
    "family": [
        "Erin Payne\uff08\u59bb\uff09"
    ],
    "intro": "\n            \u3000\u3000Jake Johnson (born May 28, 1978) also billed as Jake M. Johnson, is an American actor and comedian, most known for playing Nick Miller in the Fox comedy series New Girl opposite Zooey Deschanel. Johnson also co-starred in the 2009 film Paper Heart.\n    ",
    "hezuo": []
}