{
    "name": "\u6770\u4f0a\u00b7\u675c\u666e\u62c9\u65af Jay Duplass",
    "movies": [
        "\u81f4\u547d\u52d8\u63a2 Prospect"
    ],
    "male": "\u7537",
    "xingzuo": "\u53cc\u9c7c\u5ea7",
    "birth": "1973-03-07",
    "area": "\u7f8e\u56fd,\u8def\u6613\u65af\u5b89\u90a3\u5dde,\u65b0\u5965\u5c14\u826f",
    "zhiye": [
        "\u6f14\u5458",
        "\u7f16\u5267",
        "\u5236\u7247\u4eba",
        "\u5bfc\u6f14",
        "\u526a\u8f91"
    ],
    "moreName": [],
    "family": [
        "Mark Duplass\uff08\u5f1f\uff09"
    ],
    "intro": "\n            \u3000\u3000\n    ",
    "hezuo": []
}