{
    "name": "\u6bd4\u5409\u7279\u00b7\u7ea6\u5c14\u7279\u00b7\u7d22\u4f26\u68ee Birgitte Hjort S\u00f8rensen",
    "movies": [
        "\u673a\u5668\u7eaa\u5143 Aut\u00f3mata"
    ],
    "male": "\u5973",
    "xingzuo": "\u6469\u7faf\u5ea7",
    "birth": "1982-01-16",
    "area": "\u4e39\u9ea6,\u5e0c\u52d2\u52d2\u5e02",
    "zhiye": [
        "\u6f14\u5458"
    ],
    "moreName": [],
    "family": [],
    "intro": "\n\u3000\u3000Birgitte Hjort S\u00f8rensen; (born 16 January 1982) is a Danish actress who has worked in theatre, television, and film. While studying at the Danish National School of Theatre, S\u00f8rensen made her television debut in 2005 in the minor role of a receptionist in The Eagle. She rose to greater prominence when she took the role of Roxie Hart in the 2007 production of Chicago at Det Ny Theater in Copenhagen, Denmark. Her success on the Danish ...(\u5c55\u5f00\u5168\u90e8)\n\u3000\u3000Birgitte Hjort S\u00f8rensen; (born 16 January 1982) is a Danish actress who has worked in theatre, television, and film. While studying at the Danish National School of Theatre, S\u00f8rensen made her television debut in 2005 in the minor role of a receptionist in The Eagle. She rose to greater prominence when she took the role of Roxie Hart in the 2007 production of Chicago at Det Ny Theater in Copenhagen, Denmark. Her success on the Danish stage saw her win the same part in a London production of Chicago at the Cambridge Theatre.\u3000\u3000In 2010 she came to international prominence playing the role of journalist Katrine F\u00f8nsmark, a main protagonist in the DR production Borgen. In 2013 she made a guest appearance in the BBC Three comedy drama series Bluestone 42.\n",
    "hezuo": []
}