{
    "name": "\u6bd4\u5229\u00b7\u514b\u9c81\u5fb7\u666e Billy Crudup",
    "movies": [
        "\u5b88\u671b\u8005 Watchmen",
        "\u5f02\u5f62\uff1a\u5951\u7ea6 Alien: Covenant"
    ],
    "male": "\u7537",
    "xingzuo": "\u5de8\u87f9\u5ea7",
    "birth": "1968-07-08",
    "area": "\u7f8e\u56fd,\u7ebd\u7ea6",
    "zhiye": [
        "\u6f14\u5458"
    ],
    "moreName": [
        "\u6bd4\u5229\u514b\u9c81\u767b"
    ],
    "family": [
        "Mary-Louise Parker(\u524d\u59bb)"
    ],
    "intro": "\n            \u3000\u30001968\u5e747\u67088\u65e5\u51fa\u751f\u4e8e\u7f8e\u56fd\u7ebd\u7ea6\u5dde\uff0c\u6f14\u5458\u3002\u4ee3\u8868\u4f5c\u54c1\u300a\u65b0\u90bb\u91cc\u8054\u9632\u300b\uff0c\u300a\u8bf4\u670d\u8005\u300b\uff0c\u300a\u4e71\u4e16\u6709\u60c5\u5929\u300b\uff0c\u300a\u8036\u7a23\u4e4b\u5b50\u300b\uff0c\u300a\u5927\u9c7c\u300b\uff0c\u300a\u5b88\u671b\u8005\u300b\uff0c\u300a\u789f\u4e2d\u8c0d3\u300b\u7b49\uff0c\u5e76\u5728\u7535\u5f71\u300a\u5b88\u671b\u8005\u300b\u4e2d\u626e\u6f14\u66fc\u54c8\u987f\u535a\u58eb\u3002\n    ",
    "hezuo": []
}