{
    "name": "\u6b27\u52d2\u683c\u00b7\u5854\u514b\u5854\u7f57\u592b Oleg Taktarov",
    "movies": [
        "\u65b0\u94c1\u8840\u6218\u58eb Predators"
    ],
    "male": "\u7537",
    "xingzuo": "\u5904\u5973\u5ea7",
    "birth": "1967-08-26",
    "area": "not found",
    "zhiye": [
        "\u6f14\u5458"
    ],
    "moreName": [],
    "family": [],
    "intro": "\n            \u3000\u3000\u7f85\u524e\u570b\u8457\u540d\u6851\u535a\u5927\u5e2b\u3001\u67d4\u9053\u5927\u5e2b\uff0c\u4eba\u7a31\u201c\u7f85\u524e\u718a\u201d\uff0cUFC 6 \u51a0\u8ecd\u3002\n    ",
    "hezuo": []
}