{
    "name": "\u683c\u62c9\u6c49\u59c6\u00b7\u8c22\u5c14\u65af Graham Shiels",
    "movies": [
        "\u672b\u9668\u56de\u58f0 The Recall"
    ],
    "male": "\u7537",
    "xingzuo": "\u6469\u7faf\u5ea7",
    "birth": "1970-12-26",
    "area": "\u52a0\u62ff\u5927,\u5b89\u5927\u7565\u7701,\u591a\u4f26\u591a",
    "zhiye": [
        "\u6f14\u5458",
        "\u5bfc\u6f14",
        "\u5236\u7247\u4eba",
        "\u7f16\u5267"
    ],
    "moreName": [],
    "family": [],
    "intro": "\n            \u3000\u3000\n    ",
    "hezuo": []
}