{
    "name": "\u6208\u5c14\u00b7\u7ef4\u8fbe\u5c14 Gore Vidal",
    "movies": [
        "\u5343\u94a7\u4e00\u53d1 Gattaca"
    ],
    "male": "\u7537",
    "xingzuo": "\u5929\u79e4\u5ea7",
    "birth": "not found",
    "area": "\u7f8e\u56fd,\u7ebd\u7ea6",
    "zhiye": [
        "\u7f16\u5267",
        "\u6f14\u5458",
        "\u914d\u97f3"
    ],
    "moreName": [],
    "family": [
        "Howard Ausden\uff08\u4f34\u4fa3\uff09"
    ],
    "intro": "\n            \u3000\u3000\u6208\u5c14\u00b7\u7ef4\u8fbe\u5c14 Gore Vidal \uff081925-10-03\u2014\u20142012-07-31\uff09\u662f\u4e00\u540d\u7f8e\u56fd\u4f5c\u5bb6\u3001\u516c\u5171\u77e5\u8bc6\u5206\u5b50\u3002\n    ",
    "hezuo": []
}