{
    "name": "\u6258\u5c3c\u00b7\u6208\u5fb7\u6e29 Tony Goldwyn",
    "movies": [
        "\u7b2c\u516d\u65e5 The 6th Day",
        "\u5206\u6b67\u8005\uff1a\u5f02\u7c7b\u89c9\u9192 Divergent"
    ],
    "male": "\u7537",
    "xingzuo": "\u91d1\u725b\u5ea7",
    "birth": "1960-05-20",
    "area": "\u7f8e\u56fd,\u52a0\u5229\u798f\u5c3c\u4e9a\u5dde,\u6d1b\u6749\u77f6",
    "zhiye": [
        "\u6f14\u5458",
        "\u5bfc\u6f14",
        "\u5236\u7247\u4eba",
        "\u914d\u97f3",
        "\u7f16\u5267"
    ],
    "moreName": [
        "\u6258\u5c3c\u00b7\u9ad8\u5fb7\u6e29"
    ],
    "family": [],
    "intro": "\n\u3000\u3000Anthony Howard \"Tony\" Goldwyn (born May 20, 1960) is an American actor and director. He portrayed the villain Carl Bruner in Ghost, Colonel Bagley in The Last Samurai, and the voice of the title character of the Disney animated Tarzan.\u3000\u3000Goldwyn was born in Los Angeles, California, the son of Jennifer Howard and film producer Samuel Goldwyn, Jr. Goldwyn's paternal grandparents were mogul Samuel Goldwyn and actress Frances Howard, while h...(\u5c55\u5f00\u5168\u90e8)\n\u3000\u3000Anthony Howard \"Tony\" Goldwyn (born May 20, 1960) is an American actor and director. He portrayed the villain Carl Bruner in Ghost, Colonel Bagley in The Last Samurai, and the voice of the title character of the Disney animated Tarzan.\u3000\u3000Goldwyn was born in Los Angeles, California, the son of Jennifer Howard and film producer Samuel Goldwyn, Jr. Goldwyn's paternal grandparents were mogul Samuel Goldwyn and actress Frances Howard, while his maternal grandparents were playwright Sidney Howard and actress Clare Eames. Goldwyn attended Hamilton College in Clinton, New York, Brandeis University in Waltham, Massachusetts (where he received his B.F.A), and the London Academy of Music and Dramatic Art.\n",
    "hezuo": []
}