{
    "name": "\u6258\u9a6c\u65af\u00b7F\u00b7\u5a01\u5c14\u68ee Thomas F. Wilson",
    "movies": [
        "\u56de\u5230\u672a\u6765 Back to the Future",
        "\u56de\u5230\u672a\u67652 Back to the Future Part II"
    ],
    "male": "\u7537",
    "xingzuo": "\u767d\u7f8a\u5ea7",
    "birth": "1959-04-15",
    "area": "\u7f8e\u56fd,\u5bbe\u5915\u6cd5\u5c3c\u4e9a\u5dde,\u8d39\u57ce",
    "zhiye": [
        "\u6f14\u5458",
        "\u914d\u97f3",
        "\u5236\u7247\u4eba"
    ],
    "moreName": [],
    "family": [],
    "intro": "\n            \u3000\u3000\n    ",
    "hezuo": []
}