{
    "name": "\u6851\u5a1c\u00b7\u83b1\u745f Sanaa Lathan",
    "movies": [
        "\u5f02\u5f62\u5927\u6218\u94c1\u8840\u6218\u58eb AVP: Alien vs. Predator"
    ],
    "male": "\u5973",
    "xingzuo": "\u5904\u5973\u5ea7",
    "birth": "1971-09-19",
    "area": "\u7f8e\u56fd,\u7ebd\u7ea6",
    "zhiye": [
        "\u6f14\u5458",
        "\u914d\u97f3",
        "\u5236\u7247\u4eba"
    ],
    "moreName": [],
    "family": [],
    "intro": "\n            \u3000\u3000\u6851\u5a1c\u00b7\u83b1\u745f\uff0c\u7f8e\u56fd\u6f14\u5458\uff0c\u66fe\u51fa\u6f14\u300a\u5b8c\u7f8e\u5bb6\u4f19\u300b\u300a\u5200\u950b\u6218\u58eb\u300b\u7b49\u5f71\u7247\u3002\n    ",
    "hezuo": []
}