{
    "name": "\u65af\u8482\u82ac\u00b7\u5361\u76ae\u5951\u5947 Stefan Kapi\u010di\u0107",
    "movies": [
        "\u6b7b\u4f8d2\uff1a\u6211\u7231\u6211\u5bb6 Deadpool 2",
        "\u6b7b\u4f8d Deadpool"
    ],
    "male": "\u7537",
    "xingzuo": "\u5c04\u624b\u5ea7",
    "birth": "1978-12-01",
    "area": "\u5fb7\u56fd,\u79d1\u9686",
    "zhiye": [
        "\u6f14\u5458",
        "\u914d\u97f3"
    ],
    "moreName": [],
    "family": [],
    "intro": "\n            \u3000\u3000\n    ",
    "hezuo": []
}