{
    "name": "\u65af\u8482\u82ac\u00b7\u963f\u6885\u5c14 Stephen Amell",
    "movies": [
        "8\u53f7\u8b66\u62a5 Code 8",
        "\u5fcd\u8005\u795e\u9f9f2\uff1a\u7834\u5f71\u800c\u51fa Teenage Mutant Ninja Turtles: Out of the Shadows",
        "\u4ee3\u53f78 Code 8"
    ],
    "male": "\u7537",
    "xingzuo": "\u91d1\u725b\u5ea7",
    "birth": "1981-05-08",
    "area": "\u52a0\u62ff\u5927,\u5b89\u5927\u7565\u7701,\u591a\u4f26\u591a",
    "zhiye": [
        "\u6f14\u5458",
        "\u914d\u97f3"
    ],
    "moreName": [
        "\u65af\u8482\u82ac\u00b7\u963f\u7f8e\u5c14"
    ],
    "family": [
        "Cassandra Jean\uff08\u59bb\uff09"
    ],
    "intro": "\n            \u3000\u3000\u51fa\u6f14\u8fc7\u7684\u4e3b\u8981\u4f5c\u54c1\u6709\u300a\u79c1\u4eba\u8bca\u6240\u300b\uff08Private Practice\uff09\u3001\u300a\u5927\u5668\u665a\u6210\u300b\uff08Hung\uff09\u548c\u540c\u6837\u662fCW\u7535\u89c6\u7f51\u7684\u300a\u5438\u8840\u9b3c\u65e5\u8bb0\u300b\uff08The Vampire Diaries\uff09\u300a\u7eff\u7bad\u4fa0\u300b\uff08Arrow\uff09\n    ",
    "hezuo": []
}