{
    "name": "\u67e5\u7406\u00b7\u5854\u6c49 Charlie Tahan",
    "movies": [
        "\u6211\u662f\u4f20\u5947 I Am Legend"
    ],
    "male": "\u7537",
    "xingzuo": "\u53cc\u5b50\u5ea7",
    "birth": "1998-06-11",
    "area": "\u7f8e\u56fd\uff0c\u65b0\u6cfd\u897f\u5dde\uff0c\u683c\u4f26\u7f57\u514b",
    "zhiye": [
        "\u6f14\u5458",
        "\u914d\u97f3"
    ],
    "moreName": [],
    "family": [],
    "intro": "\n            \u3000\u3000Charlie Tahan is an actor, known for I Am Legend (2007), Charlie St. Cloud (2010) and Frankenweenie (2012).\n    ",
    "hezuo": []
}