{
    "name": "\u67e5\u5fb7\u7ef4\u514b\u00b7\u535a\u65af\u66fc Chadwick Boseman",
    "movies": [
        "\u7f8e\u56fd\u961f\u957f3 Captain America: Civil War",
        "\u9ed1\u8c79 Black Panther"
    ],
    "male": "\u7537",
    "xingzuo": "\u5c04\u624b\u5ea7",
    "birth": "not found",
    "area": "\u7f8e\u56fd,\u5357\u52a0\u5dde,\u5b89\u5fb7\u68ee",
    "zhiye": [
        "\u6f14\u5458",
        "\u5236\u7247\u4eba",
        "\u7f16\u5267",
        "\u5bfc\u6f14"
    ],
    "moreName": [
        "\u67e5\u5fb7\u5a01\u514b\u00b7\u535a\u65af\u66fc"
    ],
    "family": [
        "Taylor Simone Ledward(\u5973\u53cb)"
    ],
    "intro": "\n            \u3000\u3000\u67e5\u5fb7\u7ef4\u514b\u00b7\u535a\u65af\u66fc\u662f\u4e00\u4e2a\u6f14\u5458\u517c\u5236\u7247\u4eba\uff0c\u4ee5\u300a42\u53f7\u4f20\u5947\u300b\u3001\u300a\u6fc0\u4e50\u4eba\u5fc3\u300b\u3001\u300a\u9009\u79c0\u65e5\u300b\u800c\u77e5\u540d\uff0c\u5728\u300a\u7f8e\u56fd\u961f\u957f3\u300b\u4e2d\u626e\u6f14\u9ed1\u8c79\u3002\n    ",
    "hezuo": []
}