{
    "name": "\u67e5\u5c14\u65af\u00b7\u8fbe\u987f Charles S. Dutton",
    "movies": [
        "\u5f02\u5f623 Alien\u00b3",
        "\u53d8\u79cdDNA Mimic"
    ],
    "male": "\u7537",
    "xingzuo": "\u6c34\u74f6\u5ea7",
    "birth": "1951-01-30",
    "area": "\u7f8e\u56fd,\u9a6c\u91cc\u5170",
    "zhiye": [
        "\u6f14\u5458",
        "\u5bfc\u6f14",
        "\u5236\u7247\u4eba",
        "\u7f16\u5267"
    ],
    "moreName": [],
    "family": [],
    "intro": "\n            \u3000\u3000\n    ",
    "hezuo": []
}