{
    "name": "\u67e5\u5fb7\u00b7\u591a\u7eb3\u62c9 Chad Donella",
    "movies": [
        "\u4ee3\u53f78 Code 8"
    ],
    "male": "\u7537",
    "xingzuo": "\u91d1\u725b\u5ea7",
    "birth": "1978-05-18",
    "area": "\u52a0\u62ff\u5927,\u5b89\u5927\u7565\u7701,\u591a\u4f26\u591a",
    "zhiye": [
        "\u6f14\u5458",
        "\u5176\u5b83"
    ],
    "moreName": [
        "\u624e\u5fb7.\u9053\u62c9"
    ],
    "family": [],
    "intro": "\n            \u3000\u3000\u5e05\u5446\u4e86  \u5f88\u5e05\n    ",
    "hezuo": []
}