{
    "name": "\u6cf0\u4f26\u65af\u00b7\u970d\u534e\u5fb7 Terrence Howard",
    "movies": [
        "\u94a2\u94c1\u4fa0 Iron Man"
    ],
    "male": "\u7537",
    "xingzuo": "\u53cc\u9c7c\u5ea7",
    "birth": "1969-03-11",
    "area": "\u7f8e\u56fd,\u4f0a\u5229\u8bfa\u4f0a\u5dde,\u829d\u52a0\u54e5",
    "zhiye": [
        "\u6f14\u5458",
        "\u5236\u7247\u4eba",
        "\u914d\u97f3"
    ],
    "moreName": [],
    "family": [
        "Mira Pak\uff08\u59bb\uff09",
        "Lori McCommas\uff08\u524d\u59bb\uff09",
        "Michelle Ghent\uff08\u524d\u59bb\uff09"
    ],
    "intro": "\n\u3000\u3000Howard \u51ed\u501f\u4ed6\u5728Mr. Holland's Opus (1995) \u5f15\u4eba\u5165\u80dc\u7684\u8868\u6f14\u95ef\u5165\u4eba\u4eec\u7684\u89c6\u7ebf. How ard \u7684\u6700\u503c\u5f97\u7eaa\u5ff5\u7684\u3001\u975e\u5e38\u62a2\u955c\u5934\u7684\u8868\u6f14\u6709 \u4ed6\u5728Hughes brother\u7684\u7535\u5f71Dead Presidents (1995) \u51fa\u6f14\u7684\u89d2\u8272 \"Cowboy\" \u8fd8\u6709 Malcolm D. Lee\u7684\u72ec\u7acb\u7535\u5f71 The Best Man (1999/I) \u4e2d\u7684\u89d2\u8272 \"Quentin\" .\u540e\u8005\u8fd8\u4e3a\u4ed6\u8d62\u5f97\u4e86\u56fd\u5bb6\u6709\u8272\u4eba\u79cd\u4fc3\u8fdb\u53d1\u5c55\u534f\u4f1a\u5f62\u8c61\u5956(NAACP Image Award), \u72ec\u7acb\u7cbe\u795e\u5956\u63d0\u540d(Independent Spirit Award nomination) \u548c \u829d\u52a0\u54e5\u5f71\u8bc4\u534f\u4f1a\u5956\u63d0\u540d(Chicago Film Critics Award nomination).\u3000\u3000\u4f5c...(\u5c55\u5f00\u5168\u90e8)\n\u3000\u3000Howard \u51ed\u501f\u4ed6\u5728Mr. Holland's Opus (1995) \u5f15\u4eba\u5165\u80dc\u7684\u8868\u6f14\u95ef\u5165\u4eba\u4eec\u7684\u89c6\u7ebf. How ard \u7684\u6700\u503c\u5f97\u7eaa\u5ff5\u7684\u3001\u975e\u5e38\u62a2\u955c\u5934\u7684\u8868\u6f14\u6709 \u4ed6\u5728Hughes brother\u7684\u7535\u5f71Dead Presidents (1995) \u51fa\u6f14\u7684\u89d2\u8272 \"Cowboy\" \u8fd8\u6709 Malcolm D. Lee\u7684\u72ec\u7acb\u7535\u5f71 The Best Man (1999/I) \u4e2d\u7684\u89d2\u8272 \"Quentin\" .\u540e\u8005\u8fd8\u4e3a\u4ed6\u8d62\u5f97\u4e86\u56fd\u5bb6\u6709\u8272\u4eba\u79cd\u4fc3\u8fdb\u53d1\u5c55\u534f\u4f1a\u5f62\u8c61\u5956(NAACP Image Award), \u72ec\u7acb\u7cbe\u795e\u5956\u63d0\u540d(Independent Spirit Award nomination) \u548c \u829d\u52a0\u54e5\u5f71\u8bc4\u534f\u4f1a\u5956\u63d0\u540d(Chicago Film Critics Award nomination).\u3000\u3000\u4f5c\u4e3a\u4e00\u540d\u81ea\u5b66\u6210\u624d\u7684\u97f3\u4e50\u5bb6, Howard \u5f39\u594f\u94a2\u7434\u548c\u5409\u4ed6.\u4f60\u53ef\u4ee5\u5728\u5965\u65af\u5361\u5f71\u5e1d\u6770\u7c73\u00b7\u798f\u514b (Jamie Foxx)\u7684\u7a81\u7834\u6027\u7535\u5f71\u300a\u9a9a\u7075\u4e50\u7236\u300b(Ray (2004/I))\u4e2d\u53d1\u73b0\u4ed6\u6770\u51fa\u7684\u97f3\u4e50\u5929\u8d4b.\u4f5c\u4e3a\u4e00\u4e2a\u524d\u9014\u4f3c\u9526\u7684\u4f5c\u66f2\u5bb6, Howard \u7684\u4f5c\u66f2\u5f88\u5feb\u5c31\u5f97\u5230\u4e86\u5f53\u4eca\u7684\u77e5\u540d\u827a\u672f\u5bb6\u4eec\u7684\u8d4f\u8bc6.\n",
    "hezuo": []
}