{
    "name": "\u6cf0\u4f0a\u00b7\u8c22\u91cc\u4e39 Tye Sheridan",
    "movies": [
        "\u5934\u53f7\u73a9\u5bb6 Ready Player One",
        "X\u6218\u8b66\uff1a\u9ed1\u51e4\u51f0 Dark Phoenix"
    ],
    "male": "\u7537",
    "xingzuo": "\u5929\u874e\u5ea7",
    "birth": "1996-11-11",
    "area": "\u7f8e\u56fd,\u5fb7\u514b\u8428\u65af\u5dde,\u57c3\u5c14\u514b\u54c8\u7279",
    "zhiye": [
        "\u6f14\u5458",
        "\u914d\u97f3"
    ],
    "moreName": [
        "\u6cf0\u00b7\u8c22\u91cc\u4e39"
    ],
    "family": [
        "Bryan Sheridan (\u7236)",
        "Stephaine Sheridan (\u6bcd)"
    ],
    "intro": "\n\u3000\u3000Tye Kayle Sheridan was born on November 11, 1996 in Elkhart, Texas, to Stephanie (Wright), a beauty salon owner, and Bryan Sheridan, who works for UPS. He has a younger sister, Madison. His family has lived in Elkhart for many generations.\u3000\u3000He attended the Elkhart Independent School System since kindergarten, where he excelled in academics and sports. As a small child on the pee-wee league of football and baseball; as an eighth grader, ...(\u5c55\u5f00\u5168\u90e8)\n\u3000\u3000Tye Kayle Sheridan was born on November 11, 1996 in Elkhart, Texas, to Stephanie (Wright), a beauty salon owner, and Bryan Sheridan, who works for UPS. He has a younger sister, Madison. His family has lived in Elkhart for many generations.\u3000\u3000He attended the Elkhart Independent School System since kindergarten, where he excelled in academics and sports. As a small child on the pee-wee league of football and baseball; as an eighth grader, he was the quarterback on his junior high football team and has been an awarded track runner\u3000\u3000Before his debut film had acted only in a handful of school plays before being chosen from a field of 10,000 boys to play the youngest son of Jessica Chastain and Brad Pitt in Terrence Malick's The Tree of Life. While filming the movie, he relocated with his mother and sister to Smithville for four months\u3000\u3000In 2012 he joined the cast of Mud, playing the role of Ellis. The film is directed by Jeff Nichols, candidate for the 2012 Cannes Film Festival. The film starring Matthew McConaughey and Reese Witherspoon.\u3000\u3000Sheridan also plays Gary Jones in the film Joe, which stars Nicolas Cage. For his role he has received the Marcello Mastroianni Award for best upcoming young actor at 70th Venice International Film Festival.\u3000\u3000In 2013 he joined the cast of the new film written and directed by Kyle Wilamowski, Grass Stains, along with Kaitlyn Dever. Also will play Ben in Dark Places, along with Charlize Theron, Chlo\u00eb Moretz and Nicholas Hoult and he Will Cutter in The Forger, from a script by Richard D'Ovidio, which stars John Travolta.\u3000\u3000In his spare time enjoys baseball, basketball, bow hunting and bow fishing. Also enjoys riding four-wheelers, being with friends and family, and playing video games.\n",
    "hezuo": []
}