{
    "name": "\u6cf0\u00b7\u8f9b\u666e\u91d1\u65af Ty Simpkins",
    "movies": [
        "\u94a2\u94c1\u4fa03 Iron Man 3",
        "\u4f8f\u7f57\u7eaa\u4e16\u754c Jurassic World"
    ],
    "male": "\u7537",
    "xingzuo": "\u72ee\u5b50\u5ea7",
    "birth": "2001-08-06",
    "area": "\u7f8e\u56fd,\u7ebd\u7ea6\u5dde,\u7ebd\u7ea6\u5e02",
    "zhiye": [
        "\u6f14\u5458",
        "\u914d\u97f3"
    ],
    "moreName": [],
    "family": [
        "Ryan Simpkins(\u59d0)"
    ],
    "intro": "\n\u3000\u3000He first appeared on TV when he was three weeks old. His first role was on One Life to Live where he shared the recurring role as John \"Jack\" Cramer. Simpkins soon started a recurring role as Jude Cooper Bauer on The Guiding Light, in which he went on to be \"Jude\" for about four years. Since then, he has appeared in Law & Order: CI and a handful of commercials and print ads.\u3000\u3000Simpkins's film break was in Steven Spielberg's War of the Wo...(\u5c55\u5f00\u5168\u90e8)\n\u3000\u3000He first appeared on TV when he was three weeks old. His first role was on One Life to Live where he shared the recurring role as John \"Jack\" Cramer. Simpkins soon started a recurring role as Jude Cooper Bauer on The Guiding Light, in which he went on to be \"Jude\" for about four years. Since then, he has appeared in Law & Order: CI and a handful of commercials and print ads.\u3000\u3000Simpkins's film break was in Steven Spielberg's War of the Worlds (2005).Next was a featured role in All the King's Men (2006) where he played a young Jude Law; leading up to Simpkins' most notable role to date in which he plays Aaron in the multiple-award-winning Little Children (2006).Simpkins went on to film Pride and Glory (2008), in which he and his sister, actress Ryan Simpkins, play the children of Colin Farrell. Simpkins also completed Gardens of the Night (2008) and then in Revolutionary Road (2008), in which he again starred alongside his real-life sister Ryan.\u3000\u3000Simpkins has guest-starred on CSI, Private Practice and Family of Four. In September 2009, he signed on to star as Luke in the 2010 film The Next Three Days.[6] He also played role as Dalton in the new movie Insidious. (2011)\n",
    "hezuo": []
}