{
    "name": "\u6cf0\u683c\u00b7\u683c\u5357\u5fb7\u7279 Tygo Gernandt",
    "movies": [
        "\u672b\u65e5\u91cd\u542f Kill Switch"
    ],
    "male": "\u7537",
    "xingzuo": "\u767d\u7f8a\u5ea7",
    "birth": "1974-04-07",
    "area": "\u8377\u5170,\u5317\u8377\u5170,\u963f\u59c6\u65af\u7279\u4e39",
    "zhiye": [
        "\u6f14\u5458",
        "\u914d\u97f3",
        "\u7f16\u5267"
    ],
    "moreName": [],
    "family": [],
    "intro": "\n            \u3000\u3000\n    ",
    "hezuo": []
}