{
    "name": "\u6d77\u745f\u00b7\u6d1b\u514b\u83b1\u5c14 Heather Locklear",
    "movies": [
        "\u6cbc\u6cfd\u602a\u72692 The Return of Swamp Thing"
    ],
    "male": "\u5973",
    "xingzuo": "\u5929\u79e4\u5ea7",
    "birth": "1961-09-25",
    "area": "\u7f8e\u56fd,\u52a0\u5229\u798f\u5c3c\u4e9a\u5dde,\u97e6\u65af\u7279\u4f0d\u5fb7",
    "zhiye": [
        "\u6f14\u5458",
        "\u914d\u97f3",
        "\u5236\u7247\u4eba"
    ],
    "moreName": [],
    "family": [
        "Richie Sambora\uff08\u524d\u592b\uff09",
        "Tommy Lee\uff08\u524d\u592b\uff09"
    ],
    "intro": "\n\u3000\u3000Heather Deen Locklear (born September 25, 1961)[1] is an American actress. She is known for her television role as Amanda Woodward on Melrose Place (1993\u201399), for which she received four consecutive Golden Globe nominations for Best Actress \u2013 Television Series Drama. Her other notable television roles include Sammy Jo Carrington on Dynasty (1981\u201389), Officer Stacy Sheridan on T. J. Hooker (1982\u201386), and Caitlin Moore on Spin City (1999...(\u5c55\u5f00\u5168\u90e8)\n\u3000\u3000Heather Deen Locklear (born September 25, 1961)[1] is an American actress. She is known for her television role as Amanda Woodward on Melrose Place (1993\u201399), for which she received four consecutive Golden Globe nominations for Best Actress \u2013 Television Series Drama. Her other notable television roles include Sammy Jo Carrington on Dynasty (1981\u201389), Officer Stacy Sheridan on T. J. Hooker (1982\u201386), and Caitlin Moore on Spin City (1999\u20132002), for which she earned a further two Golden Globe nominations for Best Actress \u2013 Television Series Musical or Comedy. She had a recurring role on the TV Land sitcom Hot in Cleveland and a main role on the TNT drama-comedy television series Franklin & Bash in 2013.\u3000\u3000Locklear's notable film roles include the science-fiction thriller Firestarter (1984), the action comedy Money Talks (1997), the live-action/animated comedy Looney Tunes: Back in Action (2003), and the romantic comedy The Perfect Man (2005).\n",
    "hezuo": []
}