{
    "name": "\u6d77\u62c9\u00b7\u897f\u5c14\u739b Hera Hilmar",
    "movies": [
        "\u63a0\u98df\u57ce\u5e02 Mortal Engines"
    ],
    "male": "\u5973",
    "xingzuo": "\u6469\u7faf\u5ea7",
    "birth": "1988-12-27",
    "area": "\u51b0\u5c9b",
    "zhiye": [
        "\u6f14\u5458"
    ],
    "moreName": [
        "\u8d6b\u62c9\u00b7\u5e0c\u739b\u4ec0\u591a\u7279"
    ],
    "family": [],
    "intro": "\n\u3000\u3000Born in Iceland, Hera Hilmar studied at the prestigious LAMDA in London and has appeared in a broad spectrum of projects.\u3000\u3000Television credits includes ITV\u2019s \u201cLeaving\u201d directed by Gabby Dellal, \u201cWorld Without End\u201d directed by Michael Caton-Jones, \u201cThe Cliff\u201d directed by Reynir Lyngdal, \u201cBlack Angels\u201d directed by Oskar Jonasson and \u201cWhite Death\u201d directed by Einar Heimisson.\u3000\u3000Amongst her film credits are \u201cAnna Karenina\u201d dir...(\u5c55\u5f00\u5168\u90e8)\n\u3000\u3000Born in Iceland, Hera Hilmar studied at the prestigious LAMDA in London and has appeared in a broad spectrum of projects.\u3000\u3000Television credits includes ITV\u2019s \u201cLeaving\u201d directed by Gabby Dellal, \u201cWorld Without End\u201d directed by Michael Caton-Jones, \u201cThe Cliff\u201d directed by Reynir Lyngdal, \u201cBlack Angels\u201d directed by Oskar Jonasson and \u201cWhite Death\u201d directed by Einar Heimisson.\u3000\u3000Amongst her film credits are \u201cAnna Karenina\u201d directed by highly-acclaimed director Joe Wright, \u201cWe Are The Freaks\u201d directed by Justin Edgar, \u201cUndercurrent\u201d directed by Arni Oli Asgeirsson, \u201cThe Quiet Storm\u201d directed by Gudny Halldorsdottir, for which she was nominated in the Best Actress category at the Iceland Edda Academy Awards, and \u201cTwo Birds,\u201d directed by Runar Runarsson which was nominated for the Palme D\u2019Or award at the Cannes Film Festival for Best Short Film.\n",
    "hezuo": []
}