{
    "name": "\u6c64\u59c6\u00b7\u5a01\u5c14\u91d1\u68ee Tom Wilkinson",
    "movies": [
        "\u8759\u8760\u4fa0\uff1a\u4fa0\u5f71\u4e4b\u8c1c Batman Begins",
        "\u8d85\u80fd\u6cf0\u5766 The Titan"
    ],
    "male": "\u7537",
    "xingzuo": "\u6c34\u74f6\u5ea7",
    "birth": "1948-02-05",
    "area": "\u82f1\u56fd,\u82f1\u683c\u5170,\u897f\u7ea6\u514b\u90e1,\u5229\u5179",
    "zhiye": [
        "\u6f14\u5458",
        "\u914d\u97f3"
    ],
    "moreName": [
        "\u6e6f\u00b7\u97cb\u5805\u905c(\u6e2f)"
    ],
    "family": [],
    "intro": "\n            \u3000\u3000\u53d7\u8fc7\u821e\u53f0\u8bad\u7ec3\u7684\u82f1\u56fd\u6027\u683c\u6f14\u5458\u6c64\u59c6-\u5a01\u5c14\u91d1\u68ee(Tom Wilkinson)\uff0c\u81ea\u4ece70\u5e74\u4ee3\u4e2d\u671f\u4ee5\u6765\u5c31\u5f00\u59cb\u6d3b\u8dc3\u4e8e\u82f1\u56fd\u5f71\u89c6\u5708\u3002\u4ed6\u64c5\u957f\u4e8e\u9970\u6f14\u90a3\u4e9b\u611f\u60c5\u4e0a\u53d7\u5230\u538b\u6291\u6216\u8005\u81ea\u547d\u4e0d\u51e1\u7684\u7537\u4eba\u30021997\u5e74\u7684\u300a\u4e00\u8131\u5230\u5e95\u300b(\u201cThe Full Monty\u201d)\u8ba9\u4ed6\u6590\u58f0\u56fd\u9645\u5f71\u575b\u3002\n    ",
    "hezuo": []
}