{
    "name": "\u6c64\u59c6\u00b7\u9ea6\u5361\u9521 Tom McCarthy",
    "movies": [
        "2012"
    ],
    "male": "\u7537",
    "xingzuo": "\u53cc\u5b50\u5ea7",
    "birth": "1966-06-07",
    "area": "\u7f8e\u56fd,\u65b0\u6cfd\u897f\u5dde",
    "zhiye": [
        "\u6f14\u5458",
        "\u7f16\u5267",
        "\u5bfc\u6f14",
        "\u5236\u7247\u4eba"
    ],
    "moreName": [],
    "family": [],
    "intro": "\n            \u3000\u3000\u6258\u9a6c\u65af\u00b7\u9ea6\u5361\u9521\uff0c\u7f8e\u56fd\u6f14\u5458\u3001\u7f16\u5267\uff0c\u66fe\u51fa\u6f14\u300a2012\u300b\u300a\u50cf\u7d20\u5927\u6218\u300b\u7b49\u5f71\u7247\u3002\n    ",
    "hezuo": []
}