{
    "name": "\u6c64\u59c6\u00b7\u827e\u5f17\u745e\u7279\u00b7\u65af\u79d1\u7279 Tom Everett Scott",
    "movies": [
        "\u9b54\u9b3c\u5c71\u5386\u9669\u8bb0 Race to Witch Mountain"
    ],
    "male": "\u7537",
    "xingzuo": "\u5904\u5973\u5ea7",
    "birth": "1970-09-07",
    "area": "\u7f8e\u56fd,\u9a6c\u8428\u8bf8\u585e\u5dde,\u4e1c\u5e03\u91cc\u5947\u6c83\u7279",
    "zhiye": [
        "\u6f14\u5458",
        "\u914d\u97f3",
        "\u5bfc\u6f14",
        "\u5236\u7247\u4eba",
        "\u7f16\u5267"
    ],
    "moreName": [],
    "family": [],
    "intro": "\n            \u3000\u3000\n    ",
    "hezuo": []
}