{
    "name": "\u6c64\u59c6\u00b7\u65af\u51ef\u91cc\u7279 Tom Skerritt",
    "movies": [
        "\u5f02\u5f62 Alien"
    ],
    "male": "\u7537",
    "xingzuo": "\u5904\u5973\u5ea7",
    "birth": "1933-08-25",
    "area": "\u7f8e\u56fd,\u5bc6\u6b47\u6839\u5dde,\u5e95\u7279\u5f8b",
    "zhiye": [
        "\u6f14\u5458",
        "\u5bfc\u6f14",
        "\u914d\u97f3",
        "\u7f16\u5267"
    ],
    "moreName": [
        "\u6c64\u59c6\u00b7\u65af\u683c\u96f7\u7279"
    ],
    "family": [],
    "intro": "\n            \u3000\u3000\n    ",
    "hezuo": []
}