{
    "name": "\u96f7\u666e\u00b7\u6c64\u6069 Rip Torn",
    "movies": [
        "\u9ed1\u8863\u4eba Men in Black",
        "\u9ed1\u8863\u4eba2 Men in Black II"
    ],
    "male": "\u7537",
    "xingzuo": "\u6c34\u74f6\u5ea7",
    "birth": "not found",
    "area": "\u7f8e\u56fd,\u5f97\u514b\u8428\u65af\u5dde,\u5bfa",
    "zhiye": [
        "\u6f14\u5458",
        "\u914d\u97f3",
        "\u5236\u7247\u4eba",
        "\u5bfc\u6f14"
    ],
    "moreName": [],
    "family": [],
    "intro": "\n            \u3000\u3000\n    ",
    "hezuo": []
}