{
    "name": "\u96ea\u62c9\u00b7\u6e25\u5fb7 Sela Ward",
    "movies": [
        "\u540e\u5929 The Day After Tomorrow",
        "\u72ec\u7acb\u65e52\uff1a\u5377\u571f\u91cd\u6765 Independence Day: Resurgence"
    ],
    "male": "\u5973",
    "xingzuo": "\u5de8\u87f9\u5ea7",
    "birth": "1956-07-11",
    "area": "\u7f8e\u56fd,\u5bc6\u897f\u897f\u6bd4",
    "zhiye": [
        "\u6f14\u5458",
        "\u914d\u97f3",
        "\u5236\u7247\u4eba"
    ],
    "moreName": [
        "\u745f\u62c9\u00b7\u6c83\u5fb7"
    ],
    "family": [],
    "intro": "\n            \u3000\u3000\n    ",
    "hezuo": []
}