{
    "name": "\u91cc\u5fb7\u00b7\u65af\u79d1\u7279 Reid Scott",
    "movies": [
        "\u6bd2\u6db2\uff1a\u81f4\u547d\u5b88\u62a4\u8005 Venom"
    ],
    "male": "\u7537",
    "xingzuo": "\u5929\u874e\u5ea7",
    "birth": "1977-11-19",
    "area": "\u7f8e\u56fd,\u7ebd\u7ea6,\u5965\u5c14\u5df4\u5c3c",
    "zhiye": [
        "\u6f14\u5458",
        "\u914d\u97f3",
        "\u5bfc\u6f14"
    ],
    "moreName": [
        "\u91cc\u5fb7\u00b7\u65af\u79d1\u7279\u00b7\u5a01\u7eb3(\u51fa\u751f\u540d)"
    ],
    "family": [
        "Elspeth Keller(\u59bb)",
        "Conrad & Damon Leif Scott(\u5b50)",
        "Kathleen & Neil Weiner(\u7236\u6bcd)",
        "Katianna Weiner(\u59b9)",
        "Elizabeth Anne Petrazzolo(\u524d\u59bb)"
    ],
    "intro": "\n            \u3000\u3000\u91cc\u5fb7\u00b7\u65af\u79d1\u7279\u662f\u4e00\u4f4d\u7f8e\u56fd\u7537\u6f14\u5458\uff0c \u66fe\u51fa\u6f14\u7684\u77e5\u540d\u89d2\u8272\u6709TBS\u559c\u5267\u300a\u6211\u5bb6\u7684\u7537\u5b69\u4eec\u300b\u4e2d\u7684\u5e03\u5170\u767b\u00b7\u591a\u5c14\u592b\u3001HBO\u559c\u5267\u300a\u526f\u603b\u7edf\u300b\u4e2d\u7684\u526f\u603b\u7edf\u529e\u516c\u5ba4\u901a\u8baf\u8054\u7edc\u526f\u4e3b\u4efb\u4e39\u00b7\u4f0a\u6839\u548cCBS\u9ed1\u8272\u559c\u5267\u300a\u81f4\u547d\u5973\u4eba\u300b\u4e2d\u76842019\u5e74\u7f16\u5267\u4e08\u592b\u4f0a\u83b1\u00b7\u79d1\u6069\u3002\n    ",
    "hezuo": []
}