{
    "name": "\u9053\u683c\u62c9\u65af\u00b7M\u00b7\u683c\u91cc\u82ac Douglas M. Griffin",
    "movies": [
        "\u5e7b\u4e16\u8ffd\u8e2a Vice",
        "\u79d1\u6d1b\u5f17\u905310\u53f7 10 Cloverfield Lane"
    ],
    "male": "\u7537",
    "xingzuo": "\u5929\u874e\u5ea7",
    "birth": "1966-11-17",
    "area": "\u7f8e\u56fd,\u8def\u6613\u65af\u5b89\u90a3\u5dde,\u65b0\u5965\u5c14\u826f",
    "zhiye": [
        "\u6f14\u5458"
    ],
    "moreName": [],
    "family": [],
    "intro": "\n            \u3000\u3000\n    ",
    "hezuo": []
}