{
    "name": "\u963f\u4e3d\u590f\u00b7\u7ef4\u52a0 Alexa Vega",
    "movies": [
        "\u975e\u5e38\u5c0f\u7279\u52a12 Spy Kids 2: Island of Lost Dreams"
    ],
    "male": "\u5973",
    "xingzuo": "\u5904\u5973\u5ea7",
    "birth": "1988-08-27",
    "area": "\u7f8e\u56fd,\u4f5b\u7f57\u91cc\u8fbe\u5dde,\u8fc8\u963f\u5bc6",
    "zhiye": [
        "\u6f14\u5458",
        "\u914d\u97f3"
    ],
    "moreName": [
        "\u827e\u8389\u838e\u00b7\u7ef4\u5609",
        "\u963f\u5386\u514b\u590f\u00b7\u7ef4\u52a0",
        "\u4e9a\u5386\u514b\u65af\u00b7\u7ef4\u52a0"
    ],
    "family": [],
    "intro": "\n            \u3000\u3000\u963f\u4e3d\u590f\u00b7\u7ef4\u52a0\u8eab\u517c\u6b4c\u624b\u3001\u6f14\u5458\u548c\u753b\u5bb6\u4e09\u79cd\u8eab\u4efd\uff0c\u4f1a\u8bf4\u6d41\u5229\u7684\u897f\u73ed\u7259\u8bed\uff0c\u559c\u7231\u4f53\u64cd\u8fd0\u52a8\uff0c\u4fe1\u4ef0\u57fa\u7763\u6559\u3002\u59791988\u5e748\u670827\u65e5\u751f\u4e8e\u8fc8\u963f\u5bc6\uff0c\u7236\u4eb2\u662f\u54e5\u4f26\u6bd4\u4e9a\u4eba\uff0c\u800c\u6bcd\u4eb2\u662f\u4e00\u540d\u804c\u4e1a\u6a21\u7279\u3002 2010\u5e7410\u6708\u963f\u4e3d\u590f\u4e0e\u5236\u7247\u4ebaSean Covel\u7ed3\u5a5a\u3002\n    ",
    "hezuo": []
}