{
    "name": "\u963f\u5229\u5b89\u00b7\u5df4\u514b\u745e Ariyon Bakare",
    "movies": [
        "\u5f02\u661f\u89c9\u9192 Life"
    ],
    "male": "\u7537",
    "xingzuo": "not found",
    "birth": "1971",
    "area": "London",
    "zhiye": [
        "\u6f14\u5458"
    ],
    "moreName": [],
    "family": [],
    "intro": "\n            \u3000\u3000Ariyon Bakare was born in 1971 in London, England as Ariyon Debo Bakare. He is an actor and director, known for Doctors (2000), The Dark Knight (2008) and Jupiter Ascending (2015).\n    ",
    "hezuo": []
}