{
    "name": "\u963f\u4e3d\u897f\u4e1d\u00b7\u7d22\u666e Alexis Thorpe",
    "movies": [
        "\u8fd9\u4e2a\u7537\u4eba\u6765\u81ea\u5730\u7403 The Man from Earth"
    ],
    "male": "\u5973",
    "xingzuo": "\u767d\u7f8a\u5ea7",
    "birth": "1980-04-19",
    "area": "\u7f8e\u56fd,\u52a0\u5229\u798f\u5c3c\u4e9a\u5dde,\u65b0\u6e2f\u6ee9",
    "zhiye": [
        "\u6f14\u5458",
        "\u914d\u97f3"
    ],
    "moreName": [],
    "family": [
        "Corey Pearson\uff08\u524d\u592b\uff09"
    ],
    "intro": "\n\u3000\u3000Alexis Ann Thorpe (born April 19, 1980), is an American actress. The eldest of four children, she grew up in Yorba Linda, California. Her first professional role was at the Canyon Lake Theatre as Wendy in Peter Pan.[1] She is best known as Cassie Brady on the American television daytime drama Days of Our Lives, which she played on contract from July 2002 through November 2003 when her character was believed to have been murdered by the Sal...(\u5c55\u5f00\u5168\u90e8)\n\u3000\u3000Alexis Ann Thorpe (born April 19, 1980), is an American actress. The eldest of four children, she grew up in Yorba Linda, California. Her first professional role was at the Canyon Lake Theatre as Wendy in Peter Pan.[1] She is best known as Cassie Brady on the American television daytime drama Days of Our Lives, which she played on contract from July 2002 through November 2003 when her character was believed to have been murdered by the Salem Stalker. She made guest appearances on the show in 2004 and 2005[2] when the character turned up alive. Before coming to Days in 2002, for two years she starred as Rianna Miner on The Young and the Restless. In 2003, she made a cameo appearance on Friends.\n",
    "hezuo": []
}