{
    "name": "\u963f\u9686\u00b7\u827e\u5e03\u62c9\u59c6\u65af Aaron Abrams",
    "movies": [
        "8\u53f7\u8b66\u62a5 Code 8",
        "\u4ee3\u53f78 Code 8"
    ],
    "male": "\u7537",
    "xingzuo": "\u91d1\u725b\u5ea7",
    "birth": "1978-05-12",
    "area": "\u52a0\u62ff\u5927,\u5b89\u5927\u7565\u7701,\u591a\u4f26\u591a",
    "zhiye": [
        "\u6f14\u5458",
        "\u7f16\u5267",
        "\u914d\u97f3",
        "\u5236\u7247\u4eba"
    ],
    "moreName": [],
    "family": [],
    "intro": "\n            \u3000\u3000\n    ",
    "hezuo": []
}