{
    "name": "\u963f\u5fb7\u91cc\u5a05\u00b7\u963f\u970d\u7eb3 Adria Arjona",
    "movies": [
        "\u73af\u592a\u5e73\u6d0b\uff1a\u96f7\u9706\u518d\u8d77 Pacific Rim: Uprising"
    ],
    "male": "\u5973",
    "xingzuo": "\u91d1\u725b\u5ea7",
    "birth": "1992-04-25",
    "area": "\u5371\u5730\u9a6c\u62c9",
    "zhiye": [
        "\u6f14\u5458"
    ],
    "moreName": [
        "\u4e9a\u5fb7\u91cc\u4e9a\u00b7\u970d\u7eb3"
    ],
    "family": [
        "Ricardo Arjona\uff08\u7236\uff09",
        "Leslie Torres\uff08\u6bcd\uff09"
    ],
    "intro": "\n\u3000\u3000Adria Arjona\u662f\u4e00\u4e2a\u5371\u5730\u9a6c\u62c9/\u963f\u6839\u5ef7\u5973\u6f14\u5458\uff0c\u662f\u5371\u5730\u9a6c\u62c9\u7684\u5531\u4f5c\u578b\u6b4c\u624bRicardo Arjona\u7684\u5973\u513f\uff0c\u6bcd\u4eb2\u662fLeslie Torres. \u56e0\u51fa\u6f14\u8fc7\u7591\u72af\u8ffd\u8e2a\uff08Person of Interest\uff09\u91cc\u7684Dani Silva\u3001\u771f\u63a2\uff08True Detective\uff09\u91cc\u7684Emily\u800c\u51fa\u540d\u3002\u3000\u3000Adria Arjona is a New York based actress. After studying for a year at the Miami Acting Studio and working in commercials she decided to make the move to The Big Apple. Adria moved to New York in 2011 to study at the very famous Lee Strasb...(\u5c55\u5f00\u5168\u90e8)\n\u3000\u3000Adria Arjona\u662f\u4e00\u4e2a\u5371\u5730\u9a6c\u62c9/\u963f\u6839\u5ef7\u5973\u6f14\u5458\uff0c\u662f\u5371\u5730\u9a6c\u62c9\u7684\u5531\u4f5c\u578b\u6b4c\u624bRicardo Arjona\u7684\u5973\u513f\uff0c\u6bcd\u4eb2\u662fLeslie Torres. \u56e0\u51fa\u6f14\u8fc7\u7591\u72af\u8ffd\u8e2a\uff08Person of Interest\uff09\u91cc\u7684Dani Silva\u3001\u771f\u63a2\uff08True Detective\uff09\u91cc\u7684Emily\u800c\u51fa\u540d\u3002\u3000\u3000Adria Arjona is a New York based actress. After studying for a year at the Miami Acting Studio and working in commercials she decided to make the move to The Big Apple. Adria moved to New York in 2011 to study at the very famous Lee Strasberg Theater and Film Institute Two Year Conservatory Program. In those two years she grew as an actor and worked in short films and is now currently filming a feature film. Soon after graduating Adria got signed by Phoenix Artist Agency and is currently working with them. Adria's ultimate need as an actor is to make the audience connect to every character she plays. She likes to convince herself the word \"Acting\" isn't in the dictionary and that instead its called re-experiencing. \" People feed my creativity it's where I get the energy to be creative. They are my best resource. They are my Method. As an actor I believe that the art of observing is as important as the art of creating\". - Adria Arjona.\n",
    "hezuo": []
}