{
    "name": "\u97e6\u65af\u00b7\u672c\u7279\u5229 Wes Bentley",
    "movies": [
        "\u9965\u997f\u6e38\u620f The Hunger Games"
    ],
    "male": "\u7537",
    "xingzuo": "\u5904\u5973\u5ea7",
    "birth": "1978-09-04",
    "area": "\u7f8e\u56fd,\u963f\u80af\u8272\u5dde,\u743c\u65af\u4f2f\u52d2",
    "zhiye": [
        "\u6f14\u5458",
        "\u5236\u7247\u4eba"
    ],
    "moreName": [
        "\u7ef4\u65af\u00b7\u5df4\u7279\u5229"
    ],
    "family": [
        "Jacqui Swedberg(\u59bb)",
        "Jennifer Quanz(\u524d\u59bb)"
    ],
    "intro": "\n            \u3000\u3000\u97e6\u65af\u00b7\u672c\u7279\u5229\uff0c\u7f8e\u56fd\u6f14\u5458\uff0c\u66fe\u51fa\u6f14\u300a\u661f\u9645\u7a7f\u8d8a\u300b\u300a\u7f8e\u56fd\u4e3d\u4eba\u300b\u300a\u9965\u997f\u6e38\u620f\u300b\u7b49\u5f71\u7247\u3002\n    ",
    "hezuo": []
}