{
    "name": "\u97e6\u65af\u00b7\u67e5\u7279\u59c6 Wes Chatham",
    "movies": [
        "\u82cd\u7a79\u6d69\u701a \u7b2c\u56db\u5b63 The Expanse Season 4"
    ],
    "male": "\u7537",
    "xingzuo": "\u5929\u79e4\u5ea7",
    "birth": "1978-10-11",
    "area": "\u7f8e\u56fd,\u4f50\u6cbb\u4e9a\u5dde,\u5317\u4f50\u6cbb\u4e9a",
    "zhiye": [
        "\u6f14\u5458",
        "\u5bfc\u6f14"
    ],
    "moreName": [
        "\u7ea6\u7ff0\u00b7\u97e6\u65af\u5229\u00b7\u67e5\u7279\u59c6(\u5168\u540d)"
    ],
    "family": [],
    "intro": "\n            \u3000\u3000on\n    ",
    "hezuo": []
}