{
    "name": "\u9a6c\u4e01\u00b7\u65af\u5854\u5c14 Martin Starr",
    "movies": [
        "\u8718\u86db\u4fa0\uff1a\u82f1\u96c4\u8fdc\u5f81 Spider-Man: Far from Home"
    ],
    "male": "\u7537",
    "xingzuo": "\u72ee\u5b50\u5ea7",
    "birth": "1982-07-30",
    "area": "\u7f8e\u56fd,\u52a0\u5229\u798f\u5c3c\u4e9a,\u5723\u83ab\u5c3c\u5361",
    "zhiye": [
        "\u6f14\u5458",
        "\u914d\u97f3"
    ],
    "moreName": [],
    "family": [],
    "intro": "\n            \u3000\u3000\u9a6c\u4e01\u00b7\u65af\u5854\u5c14\uff08Martin Starr\uff09\uff0c\u7f8e\u56fd\u6f14\u5458\u3001\u7f16\u5267\uff0c\u66fe\u51fa\u6f14\u7535\u5f71\u300a\u6211\u4eec\u68a6\u4e2d\u89c1\u300b\u3002\n    ",
    "hezuo": []
}