{
    "name": "\u9a6c\u514b\u00b7\u6469\u65af Mark Moses",
    "movies": [
        "\u5929\u5730\u5927\u51b2\u649e Deep Impact"
    ],
    "male": "\u7537",
    "xingzuo": "\u53cc\u9c7c\u5ea7",
    "birth": "1958-02-24",
    "area": "\u7f8e\u56fd,\u7ebd\u7ea6",
    "zhiye": [
        "\u6f14\u5458"
    ],
    "moreName": [],
    "family": [],
    "intro": "\n\u3000\u3000Mark Moses was born in New York City and grew up in Evanston, Illinois. He played quarterback for his high school in Evanston, and went on to play another year at Ithaca College, in upstate New York, where he majored in English before dropping out and traveling abroad. Mark then got into NYU's Tisch School of the Arts grad program and graduated with a degree in theater. Audiences know Mark from numerous television shows. He played Duck Phi...(\u5c55\u5f00\u5168\u90e8)\n\u3000\u3000Mark Moses was born in New York City and grew up in Evanston, Illinois. He played quarterback for his high school in Evanston, and went on to play another year at Ithaca College, in upstate New York, where he majored in English before dropping out and traveling abroad. Mark then got into NYU's Tisch School of the Arts grad program and graduated with a degree in theater. Audiences know Mark from numerous television shows. He played Duck Philips in the Emmy Award winning Mad Men, Dennis Boyd in the Emmy Award winning Homeland, Paul Young in the Golden Globe winning and Emmy nominated Desperate Housewives, President Jeffrey Mitchner in The Last Ship, Colonel Alden Cox in Manhattan, Lt. Erik Carlson in The Killing, Mr. Robot, Berlin Station, Law and Order, Blue Bloods, Incorporated, Key and Peele, The Single Guy, Man Seeking Woman, Criminal Minds and many others. He is married to actress/playwright Annie LaRussa and they have two sons, Walker and Zane.\n",
    "hezuo": []
}