{
    "name": "\u9a6c\u514b\u00b7\u4f0d\u987f Marc Wootton",
    "movies": [
        "\u6709\u5173\u65f6\u95f4\u65c5\u884c\u7684\u70ed\u95e8\u95ee\u9898 Frequently Asked Questions About Time Travel"
    ],
    "male": "\u7537",
    "xingzuo": "\u6469\u7faf\u5ea7",
    "birth": "1975-01-01",
    "area": "\u82f1\u56fd\uff0c\u6c49\u666e\u90e1\u6734\u6b21\u8305\u65af",
    "zhiye": [
        "\u6f14\u5458",
        "\u7f16\u5267",
        "\u914d\u97f3"
    ],
    "moreName": [],
    "family": [],
    "intro": "\n\u3000\u3000\u5f88\u5947\u602a\uff0c\u57fa\u672c\u4e0a\u627e\u4e0d\u5230\u4ed6\u7684\u8d44\u6599\u3002\u7ef4\u57fa\u767e\u79d1\u4e0a\u8d44\u6599\u4e5f\u4e0d\u7b97\u591a\u3002\u51fa\u6f14\u8fc7\u300a\u5173\u4e8e\u65f6\u95f4\u65c5\u884c\u7684\u70ed\u95e8\u8bdd\u9898\u300b\u3001\u300a\u5723\u516c\u4f1a\u4e3b\u5b66\u5802\u300b\u3001\u300a\u6210\u540d\u4e4b\u8def\u300b\u7b49\u4e3a\u4f17\u4eba\u6240\u77e5\u7684\u7535\u5f71\u3002\u3000\u3000Wootton previously starred in the Channel 4 comedy show The Eleven O'Clock Show, BBC Three show Cyderdelic the Channel 4 comedy gameshow My New Best Friend, in which contestants had to convince their closest friends and relatives that the most awful of people (played by Wootton) were their new best ...(\u5c55\u5f00\u5168\u90e8)\n\u3000\u3000\u5f88\u5947\u602a\uff0c\u57fa\u672c\u4e0a\u627e\u4e0d\u5230\u4ed6\u7684\u8d44\u6599\u3002\u7ef4\u57fa\u767e\u79d1\u4e0a\u8d44\u6599\u4e5f\u4e0d\u7b97\u591a\u3002\u51fa\u6f14\u8fc7\u300a\u5173\u4e8e\u65f6\u95f4\u65c5\u884c\u7684\u70ed\u95e8\u8bdd\u9898\u300b\u3001\u300a\u5723\u516c\u4f1a\u4e3b\u5b66\u5802\u300b\u3001\u300a\u6210\u540d\u4e4b\u8def\u300b\u7b49\u4e3a\u4f17\u4eba\u6240\u77e5\u7684\u7535\u5f71\u3002\u3000\u3000Wootton previously starred in the Channel 4 comedy show The Eleven O'Clock Show, BBC Three show Cyderdelic the Channel 4 comedy gameshow My New Best Friend, in which contestants had to convince their closest friends and relatives that the most awful of people (played by Wootton) were their new best friends for a prize of \u00a310,000, E4 comedy The Pilot Show and the BBC Two Sitcom Thin Ice. He also wrote and starred in the BBC Three sketch show, Marc Wootton Exposed, the first series of which started on 13 January and finished on 25 February 2008.[2]\u3000\u3000Wootton played the role of a softly spoken dating agent, Gary Furze (Lasso The Moon agency)in the first series of Julia Davis' Nighty Night, in the second series he played Dennis, Linda's aggressive husband.\u3000\u3000He also played a small role in the 2006 Debbie Isitt wedding film Confetti as a best man, Snoopy, and has completed filming Frequently Asked Questions About Time Travel, a science fiction comedy film with Chris O'Dowd, Dean Lennox Kelly and Anna Faris, which was released in UK cinemas on 24 April 2009. The DVD was released in the UK on 7 September 2009.\u3000\u3000In Autumn 2008 he completed filming Nativity in the role of Mister Poppy. Nativity was released on 27 November 2009, and was directed by Debbie Isitt.\u3000\u3000Wootton made a cameo appearance as Duncan in series 2 episode 4 of Gavin and Stacey on BBC Three broadcast on 30 March 2008 and starred alongside Tom Basden in the BBC Three comedy Brave Young Men broadcast 22 March 2009.\u3000\u3000His new 6 part show La La Land premiered on the Showtime USA network on 25 January 2010 and premiered on BBC Three on 27 April 2010.\n",
    "hezuo": []
}