{
    "name": "\u9ea6\u80af\u5a1c\u00b7\u683c\u745e\u4e1d Mckenna Grace",
    "movies": [
        "\u60ca\u5947\u961f\u957f Captain Marvel"
    ],
    "male": "\u5973",
    "xingzuo": "\u5de8\u87f9\u5ea7",
    "birth": "2006-06-25",
    "area": "\u7f8e\u56fd,\u5fb7\u514b\u8428\u65af\u5dde,\u8fbe\u62c9\u65af",
    "zhiye": [
        "\u6f14\u5458",
        "\u914d\u97f3"
    ],
    "moreName": [
        "\u9ea6\u9ea6\uff08\u6635\u79f0\uff09"
    ],
    "family": [],
    "intro": "\n            \u3000\u3000\u9ea6\u80af\u5a1c\u00b7\u683c\u745e\u4e1d\uff08Mckenna Grace\uff09\u662f\u4e00\u4f4d\u6f14\u5458\uff0c\u56e0 \u300aGoodbye World\u300b\uff08\u4e16\u754c\u518d\u89c1\uff09\u548c\u300aR\u300b\u4e3a\u4eba\u6240\u77e5\u3002\n    ",
    "hezuo": []
}