{
    "name": "\u9ea6\u5361\u00b7\u68a6\u9732 Maika Monroe",
    "movies": [
        "\u72ec\u7acb\u65e52\uff1a\u5377\u571f\u91cd\u6765 Independence Day: Resurgence",
        "\u667a\u6167\u56da\u5c4b Tau"
    ],
    "male": "\u5973",
    "xingzuo": "\u53cc\u5b50\u5ea7",
    "birth": "1993-05-29",
    "area": "\u7f8e\u56fd,\u52a0\u5dde,\u5723\u5df4\u5df4\u62c9",
    "zhiye": [
        "\u6f14\u5458",
        "\u914d\u97f3"
    ],
    "moreName": [],
    "family": [
        "Joe Keery\uff08\u7537\u53cb\uff09"
    ],
    "intro": "\n            \u3000\u3000\n    ",
    "hezuo": []
}