{
    "name": "\u9ea6\u80af\u5179\u00b7\u6234\u7ef4\u65af Mackenzie Davis",
    "movies": [
        "\u94f6\u7ffc\u6740\u624b2049 Blade Runner 2049",
        "\u7ec8\u7ed3\u8005\uff1a\u9ed1\u6697\u547d\u8fd0 Terminator: Dark Fate"
    ],
    "male": "\u5973",
    "xingzuo": "\u767d\u7f8a\u5ea7",
    "birth": "1987-04-01",
    "area": "\u52a0\u62ff\u5927,\u6e29\u54e5\u534e",
    "zhiye": [
        "\u6f14\u5458"
    ],
    "moreName": [],
    "family": [
        "Lotte & John Davis(\u7236\u6bcd)"
    ],
    "intro": "\n            \u3000\u3000\u9ea6\u80af\u5179\u00b7\u6234\u7ef4\u65af\u5728\u6e29\u54e5\u534e\u51fa\u751f\u957f\u5927\uff0c\u4ece\u8499\u7279\u5229\u5c14\u7684\u9ea6\u5409\u5c14\u5927\u5b66\u6bd5\u4e1a\u3002\u5728\u4ece\u4e8b\u4e86\u77ed\u671f\u7684\u6a21\u7279\u4e8b\u4e1a\u540e\u524d\u5f80\u7ebd\u7ea6\u7684The Neighborhood Playhouse School of the Theatre\u8fdb\u4fee\u8868\u6f14\u3002\u4ece\u6b64\u5f00\u59cb\u4e86\u6f14\u5458\u751f\u6daf\u3002\n    ",
    "hezuo": []
}