{
    "name": "\u9ea6\u514b\u601d\u00b7\u660e\u683c\u62c9 Max Minghella",
    "movies": [
        "\u81f3\u6697\u4e4b\u65f6 The Darkest Hour"
    ],
    "male": "\u7537",
    "xingzuo": "\u5904\u5973\u5ea7",
    "birth": "1985-09-16",
    "area": "\u82f1\u56fd,\u4f26\u6566,\u6c49\u666e\u65af\u7279\u5fb7",
    "zhiye": [
        "\u6f14\u5458",
        "\u5bfc\u6f14",
        "\u7f16\u5267"
    ],
    "moreName": [
        "\u9ea6\u514b\u65af\u00b7\u660e\u683c\u62c9"
    ],
    "family": [
        "Anthony Minghella\uff08\u7236\uff09"
    ],
    "intro": "\n            \u3000\u3000cinematic royalty!\n    ",
    "hezuo": []
}