{
    "name": "\u56fe\u5a03\u00b7\u8bfa\u6c83\u59ae Tuva Novotny",
    "movies": [
        "\u6e6e\u706d Annihilation"
    ],
    "male": "\u5973",
    "xingzuo": "\u5c04\u624b\u5ea7",
    "birth": "1979-12-21",
    "area": "\u745e\u5178,\u65af\u5fb7\u54e5\u5c14\u6469",
    "zhiye": [
        "\u6f14\u5458",
        "\u5bfc\u6f14",
        "\u914d\u97f3",
        "\u7f16\u5267"
    ],
    "moreName": [],
    "family": [],
    "intro": "\n            \u3000\u3000She was born in Stockholm but grew up in the small town of \u00c5motfors. Tuva is the daughter of Czech movie director David Novotny and actress Barbro Hedstr\u00f6m. She is currently living in Copenhagen in Denmark. She has the legendary Swedish actress Ingrid Bergman as a role model.\n    ",
    "hezuo": []
}