{
    "name": "\u5b89\u5fb7\u96f7\u00b7\u672c\u6770\u660e Andr\u00e9 Benjamin",
    "movies": [
        "\u592a\u7a7a\u751f\u6d3b High Life"
    ],
    "male": "\u7537",
    "xingzuo": "\u53cc\u5b50\u5ea7",
    "birth": "1975-05-27",
    "area": "\u7f8e\u56fd,\u4f50\u6cbb\u4e9a\u5dde,\u4e9a\u7279\u5170\u5927",
    "zhiye": [
        "\u6f14\u5458",
        "\u5236\u7247\u4eba",
        "\u914d\u97f3"
    ],
    "moreName": [],
    "family": [],
    "intro": "\n            \u3000\u3000\n    ",
    "hezuo": []
}