{
    "name": "\u5b89\u5a1c\u00b7\u5e15\u6ce2\u7ef4\u5c14 Anna Popplewell",
    "movies": [
        "\u5149\u66554\uff1a\u822a\u5411\u9ece\u660e\u53f7 Halo 4: Forward Unto Dawn"
    ],
    "male": "\u5973",
    "xingzuo": "\u5c04\u624b\u5ea7",
    "birth": "1988-12-16",
    "area": "\u82f1\u56fd,\u4f26\u6566",
    "zhiye": [
        "\u6f14\u5458"
    ],
    "moreName": [],
    "family": [],
    "intro": "\n            \u3000\u3000\u5b89\u5a1c\u00b7\u5e15\u6ce2\u7ef4\u5c14\uff0c\u82f1\u56fd\u8457\u540d\u5f71\u661f\uff0c\u4ee3\u8868\u4f5c\u300a\u7eb3\u5c3c\u4e9a\u4f20\u5947\u300b\n    ",
    "hezuo": []
}