{
    "name": "\u5b89\u5a1c\u00b7\u94b1\u65af\u52d2 Anna Chancellor",
    "movies": [
        "\u94f6\u6cb3\u7cfb\u6f2b\u6e38\u6307\u5357 The Hitchhiker's Guide to the Galaxy"
    ],
    "male": "\u5973",
    "xingzuo": "\u91d1\u725b\u5ea7",
    "birth": "1965-04-27",
    "area": "\u82f1\u56fd,\u8428\u91cc,\u91cc\u58eb\u6ee1",
    "zhiye": [
        "\u6f14\u5458"
    ],
    "moreName": [],
    "family": [
        "Redha Debbah\uff08\u592b\uff09",
        "Nigel Willoughby\uff08\u524d\u592b\uff09"
    ],
    "intro": "\n\u3000\u3000Chancellor was born in Richmond, London, England, the daughter of the Hon. Mary Alice Jolliffe (daughter of William Jolliffe, 4th Baron Hylton) and John Paget Chancellor. Through her mother's mother, Lady Perdita Rose Mary Asquith, Chancellor is the great-granddaughter of Raymond Asquith and the great-great-granddaughter of Prime Minister H. H. Asquith,[1] and through her father, she is the great-great-granddaughter of the 12th Earl of Win...(\u5c55\u5f00\u5168\u90e8)\n\u3000\u3000Chancellor was born in Richmond, London, England, the daughter of the Hon. Mary Alice Jolliffe (daughter of William Jolliffe, 4th Baron Hylton) and John Paget Chancellor. Through her mother's mother, Lady Perdita Rose Mary Asquith, Chancellor is the great-granddaughter of Raymond Asquith and the great-great-granddaughter of Prime Minister H. H. Asquith,[1] and through her father, she is the great-great-granddaughter of the 12th Earl of Winchilsea and Nottingham (a descendant of Thomas Cecil, 1st Earl of Exeter and William Cecil, 1st Baron Burghley). She is a second cousin, once removed of actress Helena Bonham Carter, through her mother's side. Her uncle is journalist Alexander Chancellor, the father of model Cecilia Chancellor, her eight-times great-aunt was author Jane Austen, herself a great-niece of James Brydges, 1st Duke of Chandos, and her second cousin six times removed was poet Lord Byron. She is also twice a descendant of Mary Boleyn and once of Richard Rich, 1st Baron Rich and John Churchill, 1st Duke of Marlborough.\u3000\u3000Chancellor was accepted into the London Academy of Music and Dramatic Art, but in her third year she became pregnant and dropped out.[citation needed] Her daughter with Scots poet Jock Scott, Poppy Chancellor, was born in 1988. When their relationship ended, she then married a cameraman, Nigel Willoughby, whom she had met in 1993 while shooting a Boddington's advertisement. However, they divorced in 1998.[citation needed] She is now married to Redha Debbah.\n",
    "hezuo": []
}