{
    "name": "\u5170\u65af\u00b7E\u00b7\u5c3c\u514b\u5c14\u65af Lance E. Nichols",
    "movies": [
        "\u795e\u5947\u56db\u4fa02015 Fantastic Four"
    ],
    "male": "\u7537",
    "xingzuo": "\u5de8\u87f9\u5ea7",
    "birth": "1955-07-13",
    "area": "\u7f8e\u56fd,\u8def\u6613\u65af\u5b89\u90a3\u5dde,\u65b0\u5965\u5c14\u826f",
    "zhiye": [
        "\u6f14\u5458"
    ],
    "moreName": [],
    "family": [],
    "intro": "\n            \u3000\u3000\u5170\u65af\u00b7E\u00b7\u5c3c\u514b\u5c14\u65af\uff0c\u7f8e\u56fd\u6f14\u5458\uff0c\u66fe\u51fa\u6f14\u300aK\u661f\u5f02\u5ba2\u300b\u300a\u673a\u68b0\u5e08\u300b\u300a\u8fd4\u8001\u8fd8\u7ae5\u300b\u7b49\u5f71\u7247\u3002\n    ",
    "hezuo": []
}