{
    "name": "\u514b\u91cc\u65af\u00b7\u5e15\u62c9\u7279 Chris Pratt",
    "movies": [
        "\u94f6\u6cb3\u62a4\u536b\u961f Guardians of the Galaxy",
        "\u590d\u4ec7\u8005\u8054\u76df3\uff1a\u65e0\u9650\u6218\u4e89 Avengers: Infinity War",
        "\u94f6\u6cb3\u62a4\u536b\u961f2 Guardians of the Galaxy Vol. 2",
        "\u4f8f\u7f57\u7eaa\u4e16\u754c2 Jurassic World: Fallen Kingdom",
        "\u4f8f\u7f57\u7eaa\u4e16\u754c Jurassic World"
    ],
    "male": "\u7537",
    "xingzuo": "\u53cc\u5b50\u5ea7",
    "birth": "1979-06-21",
    "area": "\u7f8e\u56fd,\u660e\u5c3c\u82cf\u8fbe\u5dde,\u5f17\u5409\u5c3c\u4e9a",
    "zhiye": [
        "\u6f14\u5458",
        "\u914d\u97f3"
    ],
    "moreName": [
        "\u514b\u91cc\u65af\u00b7\u666e\u62c9\u7279",
        "\u661f\u7235(\u6635\u79f0)",
        "\u5e15\u5e15(\u6635\u79f0)"
    ],
    "family": [
        "Katherine Schwarzenegger(\u59bb)",
        "Anna Faris(\u524d\u59bb)",
        "Jack Pratt(\u513f\u5b50)"
    ],
    "intro": "\n            \u3000\u3000\u514b\u91cc\u65af\u00b7\u5e15\u62c9\u7279\uff08Chris Pratt\uff09\uff0c1979\u5e746\u670821\u65e5\u51fa\u751f\u5728\u7f8e\u56fd\u660e\u5c3c\u82cf\u8fbe\u5dde\uff0c\u7f8e\u56fd\u5f71\u89c6\u6f14\u5458\u3002\u3000\u30002000\u5e74\uff0c\u514b\u91cc\u65af\u00b7\u5e15\u62c9\u7279\u51fa\u6f14\u6050\u6016\u7535\u5f71\u300aCursed Part 3\u300b\uff0c\u4ece\u6b64\u5f00\u59cb\u6f14\u827a\u751f\u6daf\u30022002\u5e74\u7684\u300aEverwood\u300b\u5219\u79f0\u4e3a\u514b\u91cc\u65af\u00b7\u5e15\u62c9\u7279\u7684\u6210\u540d\u4f5c\u30022012\u5e74\uff0c\u4ed6\u51fa\u6f14\u7684\u300a\u523a\u6740\u672c\u00b7\u62c9\u767b\u300b\u4e0a\u6620\u30022014\u5e74\uff0c\u4ed6\u4e3a\u300a\u4e50\u9ad8\u5927\u7535\u5f71\u300b\u914d\u97f3\uff0c\u5e76\u5728\u540c\u5e748\u67081\u65e5\u4e0a\u6620\u7684\u300a\u94f6\u6cb3\u62a4\u536b\u961f\u300b\u4e2d\u9970\u6f14\u201c\u661f\u7235\u201d\u5f7c\u5f97\u00b7\u594e\u5c14\u3002\n    ",
    "hezuo": []
}