{
    "name": "\u514b\u91cc\u65af\u6258\u5f17\u00b7\u6d1b\u4f0a\u5fb7 Christopher Lloyd",
    "movies": [
        "\u56de\u5230\u672a\u6765 Back to the Future",
        "\u56de\u5230\u672a\u67652 Back to the Future Part II"
    ],
    "male": "\u7537",
    "xingzuo": "\u5929\u79e4\u5ea7",
    "birth": "1938-10-22",
    "area": "\u7f8e\u56fd,\u5eb7\u6d85\u72c4\u683c\u5dde\u65af\u5766\u798f\u5fb7",
    "zhiye": [
        "\u6f14\u5458",
        "\u914d\u97f3",
        "\u7f16\u5267"
    ],
    "moreName": [
        "\u514b\u91cc\u65af\u6258\u5f17\u00b7\u52b3\u57c3\u5fb7"
    ],
    "family": [],
    "intro": "\n            \u3000\u3000\u7f8e\u56fd\u6f14\u5458\u3002\u53c2\u6f14\u7535\u5f71\u300a\u98de\u8d8a\u75af\u4eba\u9662\u300b\u300a\u6e38\u4fa0\u4f20\u5947\u300b\u300a\u8c01\u9677\u5bb3\u4e86\u5154\u5b50\u7f57\u6770\u300b\u300a\u56de\u5230\u672a\u6765\u300b\u4e09\u90e8\u66f2\u7b49\n    ",
    "hezuo": []
}