{
    "name": "\u514b\u83b1\u5c14\u00b7\u9648 Claire Tran",
    "movies": [
        "\u8d85\u4f53 Lucy",
        "\u592a\u7a7a\u751f\u6d3b High Life"
    ],
    "male": "\u5973",
    "xingzuo": "not found",
    "birth": "not found",
    "area": "not found",
    "zhiye": [
        "\u6f14\u5458"
    ],
    "moreName": [],
    "family": [],
    "intro": "\n            \u3000\u3000Claire Tran is an actress, known for Lucy (2014), Clouds of Sils Maria (2014) and Valerian and the City of a Thousand Planets (2017).\n    ",
    "hezuo": []
}