{
    "name": "\u514b\u5170\u897f\u00b7\u5e03\u6717 Clancy Brown",
    "movies": [
        "\u661f\u6cb3\u6218\u961f Starship Troopers"
    ],
    "male": "\u7537",
    "xingzuo": "\u6469\u7faf\u5ea7",
    "birth": "1959-01-05",
    "area": "\u7f8e\u56fd,\u4fc4\u4ea5\u4fc4\u5dde,\u5384\u5df4\u7eb3",
    "zhiye": [
        "\u6f14\u5458",
        "\u914d\u97f3",
        "\u5236\u7247\u4eba"
    ],
    "moreName": [],
    "family": [
        "Jeanne Johnson(\u59bb)"
    ],
    "intro": "\n\u3000\u3000Clarence J. \"Clancy\" Brown III (born January 5, 1959)[1] is an American actor and voice actor known for his roles as the Kurgan in the fantasy film Highlander (1986), Captain Byron Hadley in the prison drama film The Shawshank Redemption (1994), Career Sergeant Charles Zim in the sci-fi film Starship Troopers (1997) and Brother Justin Crowe in the television series Carniv\u00e0le (2003\u201305). He has also provided his voice to films, television ...(\u5c55\u5f00\u5168\u90e8)\n\u3000\u3000Clarence J. \"Clancy\" Brown III (born January 5, 1959)[1] is an American actor and voice actor known for his roles as the Kurgan in the fantasy film Highlander (1986), Captain Byron Hadley in the prison drama film The Shawshank Redemption (1994), Career Sergeant Charles Zim in the sci-fi film Starship Troopers (1997) and Brother Justin Crowe in the television series Carniv\u00e0le (2003\u201305). He has also provided his voice to films, television series, and video games, including Mr. Krabs in SpongeBob SquarePants (1999\u2013present), Lex Luthor in various media, Doctor Neo Cortex in the Crash Bandicoot video games (1997\u20132003), Parallax in Green Lantern (2011), Surtur in Thor: Ragnarok (2017) and Lt. Hank Anderson in Detroit: Become Human (2018).\n",
    "hezuo": []
}