{
    "name": "\u514b\u91cc\u65af\u6258\u5f17\u00b7\u5361\u6bd4 Christopher Kirby",
    "movies": [
        "\u9ed1\u5ba2\u5e1d\u56fd3\uff1a\u77e9\u9635\u9769\u547d The Matrix Revolutions",
        "\u524d\u76ee\u7684\u5730 Predestination",
        "\u5347\u7ea7 Upgrade"
    ],
    "male": "\u7537",
    "xingzuo": "not found",
    "birth": "not found",
    "area": "not found",
    "zhiye": [
        "\u6f14\u5458"
    ],
    "moreName": [],
    "family": [],
    "intro": "\n            \u3000\u3000\n    ",
    "hezuo": []
}