{
    "name": "\u5170\u65af\u00b7\u4ea8\u5229\u514b\u68ee Lance Henriksen",
    "movies": [
        "\u7ec8\u7ed3\u8005 The Terminator",
        "\u5f02\u5f62\u5927\u6218\u94c1\u8840\u6218\u58eb AVP: Alien vs. Predator",
        "\u5f02\u5f622 Aliens"
    ],
    "male": "\u7537",
    "xingzuo": "\u91d1\u725b\u5ea7",
    "birth": "1940-05-05",
    "area": "\u7f8e\u56fd,\u7ebd\u7ea6",
    "zhiye": [
        "\u6f14\u5458",
        "\u914d\u97f3"
    ],
    "moreName": [],
    "family": [],
    "intro": "\n            \u3000\u3000\u5170\u65af\u00b7\u4ea8\u5229\u514b\u68ee(Lance Henriksen)\u662f\u7f8e\u56fd\u8457\u540d\u5f71\u89c6\u6f14\u5458\uff0c\u517c\u914d\u97f3\u6f14\u5458\uff0c1940\u5e745\u67085\u65e5\u51fa\u751f\u4e8e\u7f8e\u56fd\u7ebd\u7ea6\uff0c\u4ed6\u4ee5\u51fa\u6f14\u591a\u90e8\u79d1\u5e7b\u5f71\u89c6\u4f5c\u54c1\u800c\u51fa\u540d\uff0c\u4ed6\u51fa\u6f14\u7684\u6700\u8457\u540d\u7684\u5f71\u7247\u662f\u300a\u7ec8\u7ed3\u8005\u300b\u548c\u300a\u5f02\u5f622\u300b\uff0c\u6700\u8457\u540d\u7684\u7535\u89c6\u5267\u662f\u300a\u5343\u5e74\u8ffd\u51f6\u300b\u3002\n    ",
    "hezuo": []
}