{
    "name": "\u514b\u52b3\u8fea\u5a05\u00b7\u97e6\u5c14\u65af Claudia Wells",
    "movies": [
        "\u56de\u5230\u672a\u6765 Back to the Future"
    ],
    "male": "\u5973",
    "xingzuo": "\u5de8\u87f9\u5ea7",
    "birth": "1966-07-05",
    "area": "\u9a6c\u6765\u897f\u4e9a,\u5409\u9686\u5761",
    "zhiye": [
        "\u6f14\u5458"
    ],
    "moreName": [],
    "family": [],
    "intro": "\n            \u3000\u3000\u514b\u52b3\u8fea\u5a05\u00b7\u683c\u96f7\u65af\u00b7\u5a01\u5c14\u65af\uff081966\u5e74\u51fa\u751f\uff09\u662f\u4e00\u4f4d\u7f8e\u56fd\u5973\u6f14\u5458\u548c\u5973\u5546\u4eba\uff0c\u5979\u5728\u7535\u5f71\u300a\u56de\u5230\u672a\u6765\u300b\u4e2d\u626e\u6f14\u7684\u8a79\u59ae\u5f17\u00b7\u5e15\u514b\u6700\u4e3a\u8457\u540d\u3002\n    ",
    "hezuo": []
}