{
    "name": "\u514b\u91cc\u65af\u00b7\u514b\u91cc\u65af\u6258\u4f5b\u68ee Kris Kristofferson",
    "movies": [
        "\u51b3\u6218\u7329\u7403 Planet of the Apes"
    ],
    "male": "\u7537",
    "xingzuo": "\u5de8\u87f9\u5ea7",
    "birth": "1936-06-22",
    "area": "\u7f8e\u56fd,\u5f97\u514b\u8428\u65af\u5dde,\u5e03\u6717\u65af\u7ef4\u5c14",
    "zhiye": [
        "\u6f14\u5458",
        "\u97f3\u4e50",
        "\u914d\u97f3",
        "\u7f16\u5267"
    ],
    "moreName": [],
    "family": [
        "Lisa Meyers\uff08\u59bb\uff09",
        "Frances Beer\uff08\u524d\u59bb\uff09",
        "Rita Coolidge\uff08\u524d\u59bb\uff09"
    ],
    "intro": "\n\u3000\u3000Kristoffer Kristofferson (born June 22, 1936) is an American singer-songwriter, musician, and actor. He wrote and recorded the songs \"Me and Bobby McGee\", \"For the Good Times\", \"Sunday Mornin' Comin' Down\", and \"Help Me Make It Through the Night\". Kristofferson composed his own songs and collaborated with Nashville songwriters such as Shel Silverstein.[1] In 1985, Kristofferson joined fellow country artists Waylon Jennings, Willie Nelson, ...(\u5c55\u5f00\u5168\u90e8)\n\u3000\u3000Kristoffer Kristofferson (born June 22, 1936) is an American singer-songwriter, musician, and actor. He wrote and recorded the songs \"Me and Bobby McGee\", \"For the Good Times\", \"Sunday Mornin' Comin' Down\", and \"Help Me Make It Through the Night\". Kristofferson composed his own songs and collaborated with Nashville songwriters such as Shel Silverstein.[1] In 1985, Kristofferson joined fellow country artists Waylon Jennings, Willie Nelson, and Johnny Cash in forming the country music supergroup The Highwaymen, and formed a key creative force in the Outlaw country music movement that eschewed the Nashville music machine in favor of independent songwriting and producing. In 2004, Kristofferson was inducted into the Country Music Hall of Fame. He is also known for his starring roles in Alice Doesn't Live Here Anymore, Heaven's Gate, and A Star Is Born, the latter of which earned him a Golden Globe Award for Best Actor.\n",
    "hezuo": []
}