{
    "name": "\u514b\u91cc\u65af\u00b7\u6d3e\u6069 Chris Pine",
    "movies": [
        "\u661f\u9645\u8ff7\u822a2\uff1a\u6697\u9ed1\u65e0\u754c Star Trek Into Darkness",
        "\u661f\u9645\u8ff7\u822a Star Trek",
        "\u661f\u9645\u8ff7\u822a3\uff1a\u8d85\u8d8a\u661f\u8fb0 Star Trek Beyond"
    ],
    "male": "\u7537",
    "xingzuo": "\u5904\u5973\u5ea7",
    "birth": "1980-08-26",
    "area": "\u7f8e\u56fd,\u52a0\u5229\u798f\u5c3c\u4e9a\u5dde,\u6d1b\u6749\u77f6",
    "zhiye": [
        "\u6f14\u5458",
        "\u914d\u97f3",
        "\u7f16\u5267"
    ],
    "moreName": [
        "\u514b\u91cc\u65af\u6258\u5f17\u00b7\u6000\u7279\u6d1b\u00b7\u6d3e\u6069(\u672c\u540d)",
        "\u57fa\u65af\u00b7\u6d3e\u6069(\u6e2f)",
        "\u514b\u91cc\u65af\u00b7\u6f58\u6069(\u53f0)"
    ],
    "family": [
        "Robert Pine(\u7236)",
        "Gwynne Gilford(\u6bcd)",
        "Anne Gwynne(\u5916\u7956\u6bcd)",
        "Max M. Gilford(\u5916\u7956\u7236)",
        "Katherine Pine(\u59d0)"
    ],
    "intro": "\n            \u3000\u3000\u514b\u91cc\u65af\u00b7\u6d3e\u6069 \uff08Chris Pine\uff091980\u5e748\u670826\u65e5\u51fa\u751f\u4e8e\u7f8e\u56fd\u52a0\u5229\u798f\u5c3c\u4e9a\u7684\u6d1b\u6749\u77f6\uff0c\u4ed6\u51fa\u751f\u5728\u4e00\u4e2a\u6f14\u827a\u4e16\u5bb6\u91cc\uff0c\u7236\u4eb2\u662f\u8001\u724c\u5f71\u661f\u7f57\u4f2f\u7279\u00b7\u6d3e\u6069\uff08Robert Pine\uff09\uff0c\u6bcd\u4eb2\u662f\u7535\u89c6\u660e\u661f\u845b\u6587\u00b7\u57fa\u5c14\u798f\u7279\uff08Gwynne Gilford\uff09\uff0c\u4ed6\u7684\u5916\u7956\u6bcd\u662f\u597d\u83b1\u575e\u6f14\u5458Anne Gywnne\uff0c\u5916\u7956\u7236\u662f\u597d\u83b1\u575e\u5f8b\u5e08Max M. Gliford\u3002\u59d0\u59d0\u51ef\u745f\u7433\u00b7\u6d3e\u6069\u4e5f\u53c2\u4e0e\u8fc7\u5f71\u89c6\u6f14\u51fa\uff012009\u5e74\u5728\u300a\u661f\u9645\u8ff7\u822a\u300b\u91cc\u626e\u6f14\u5bc7\u514b\u8239\u957f\u4e00\u89d2\uff01\u514b\u91cc\u65af\u5728\u5723\u8d39\u5c14\u5357\u591a\u8c37\uff08San Fernando Valley\uff09\u957f\u5927\uff0c\u5728\u52a0\u5dde\u5927\u5b66\u4f2f\u5229\u514b\u4e3b\u4fee\u82f1\u8bed\u4e13\u4e1a\u3002\n    ",
    "hezuo": []
}