{
    "name": "\u5185\u68ee\u00b7\u83f2\u5229\u5b89 Nathan Fillion",
    "movies": [
        "\u51b2\u51fa\u5b81\u9759\u53f7 Serenity",
        "\u6495\u88c2\u4eba Slither"
    ],
    "male": "\u7537",
    "xingzuo": "\u767d\u7f8a\u5ea7",
    "birth": "1971-03-27",
    "area": "\u52a0\u62ff\u5927,\u963f\u5c14\u4f2f\u5854\u7701,\u57c3\u5fb7\u8499\u987f",
    "zhiye": [
        "\u6f14\u5458",
        "\u914d\u97f3"
    ],
    "moreName": [],
    "family": [],
    "intro": "\n            \u3000\u3000\u5185\u68ee\u00b7\u83f2\u5229\u5b89\uff08Nathan Fillion \uff09\uff1a\u52a0\u62ff\u5927\u6f14\u5458 \uff0c1971\u5e743\u670827\u65e5\u51fa\u751f\u4e8e\u52a0\u62ff\u5927\u963f\u5c14\u4f2f\u8fbe\u7701\uff0c\u7236\u6bcd\u662f\u4e2d\u5b66\u8001\u5e08\uff0c\u4ed6\u81ea\u5df1\u5c0f\u65f6\u7684\u7406\u60f3\u4e5f\u662f\u6210\u4e3a\u6559\u5e08\u3002\u4e0a\u5927\u5b66\u65f6\u5076\u7136\u7684\u4ed6\u840c\u53d1\u4e86\u5bf9\u8868\u6f14\u7684\u5174\u8da3\uff0c\u5185\u68ee\u65e9\u5e74\u66fe\u5728\u300aBlast from the Past\u300b \u300a\u62ef\u6551\u5927\u5175\u745e\u6069\u300b\u4e2d\u9970\u6f14\u8fc7\u5c0f\u89d2\u8272\u3002\u540e\u6765\u7ed3\u8bc6\u4e86\u5bfc\u6f14Joss Whedon\uff0c\u51fa\u6f14\u4e86\u4ed6\u7684\u7cfb\u5217\u5267\"Buffy the Vampire Slayer\"\u3002\n    ",
    "hezuo": []
}