{
    "name": "\u51ef\u4f26\u00b7\u76ae\u65af\u6258\u91cc\u65af Caren Pistorius",
    "movies": [
        "\u63a0\u98df\u57ce\u5e02 Mortal Engines"
    ],
    "male": "\u5973",
    "xingzuo": "not found",
    "birth": "1990",
    "area": "\u5357\u975e",
    "zhiye": [
        "\u6f14\u5458"
    ],
    "moreName": [],
    "family": [],
    "intro": "\n            \u3000\u3000Caren Pistorius is a South African-born New Zealand actress best known for portraying Rose in the movie Slow West.\n    ",
    "hezuo": []
}