{
    "name": "\u51ef\u745e\u00b7\u798f\u514b\u65af Kerry Fox",
    "movies": [
        "\u5c0f\u5c0f\u4e54 Little Joe"
    ],
    "male": "\u5973",
    "xingzuo": "\u72ee\u5b50\u5ea7",
    "birth": "1966-07-30",
    "area": "\u65b0\u897f\u5170,\u60e0\u7075\u987f",
    "zhiye": [
        "\u6f14\u5458",
        "\u914d\u97f3",
        "\u7f16\u5267"
    ],
    "moreName": [],
    "family": [],
    "intro": "\n            \u3000\u3000\u51ef\u745e\u00b7\u798f\u514b\u65af1966\u5e747\u670830\u65e5\u51fa\u751f\uff0c\u662f\u4e00\u540d\u65b0\u897f\u5170\u5973\u6f14\u5458\u30022001\u5e74\uff0c\u5979\u56e0\u7535\u5f71\u300a\u4eb2\u5bc6\u300b\u83b7\u5f97\u7b2c\u4e94\u5341\u4e00\u5c4a\u67cf\u6797\u7535\u5f71\u8282\u6700\u4f73\u5973\u4e3b\u89d2\u5956\u3002\n    ",
    "hezuo": []
}