{
    "name": "\u51ef\u6587\u00b7G\u00b7\u65bd\u5bc6\u7279 Kevin G. Schmidt",
    "movies": [
        "\u8774\u8776\u6548\u5e94 The Butterfly Effect"
    ],
    "male": "\u7537",
    "xingzuo": "\u72ee\u5b50\u5ea7",
    "birth": "1988-08-16",
    "area": "\u7f8e\u56fd,\u582a\u8428\u65af\u5dde,\u5b89\u591a\u5f17",
    "zhiye": [
        "\u6f14\u5458",
        "\u7f16\u5267",
        "\u5bfc\u6f14",
        "\u914d\u97f3",
        "\u5236\u7247\u4eba"
    ],
    "moreName": [],
    "family": [],
    "intro": "\n            \u3000\u3000\n    ",
    "hezuo": []
}