{
    "name": "\u52b3\u62c9\u00b7\u54c8\u5fb7\u514b Laura Haddock",
    "movies": [
        "\u53d8\u5f62\u91d1\u521a5\uff1a\u6700\u540e\u7684\u9a91\u58eb Transformers: The Last Knight"
    ],
    "male": "\u5973",
    "xingzuo": "\u72ee\u5b50\u5ea7",
    "birth": "1985-08-21",
    "area": "\u82f1\u56fd,\u82f1\u683c\u5170",
    "zhiye": [
        "\u6f14\u5458",
        "\u914d\u97f3"
    ],
    "moreName": [
        "\u52b3\u62c9\u00b7\u7b80\u00b7\u54c8\u5fb7\u514b(\u5168\u540d)"
    ],
    "family": [
        "Sam Claflin(\u524d\u592b)"
    ],
    "intro": "\n            \u3000\u3000Laura Jane Haddock (born 21 August 1985) is an English actress. She is best known for portraying Kacie Carter in Honest, Lucrezia in Da Vinci's Demons, Meredith Quill in Guardians of the Galaxy and its sequel Guardians of the Galaxy Vol. 2, Alison in The Inbetweeners Movie and Viviane Wembly in Transformers: The Last Knight.\n    ",
    "hezuo": []
}