{
    "name": "\u52b3\u4f26\u65af\u00b7\u83f2\u4ec0\u4f2f\u6069 Laurence Fishburne",
    "movies": [
        "\u9ed1\u5ba2\u5e1d\u56fd The Matrix",
        "\u9ed1\u5ba2\u5e1d\u56fd2\uff1a\u91cd\u88c5\u4e0a\u9635 The Matrix Reloaded",
        "\u9ed1\u5ba2\u5e1d\u56fd3\uff1a\u77e9\u9635\u9769\u547d The Matrix Revolutions",
        "\u795e\u5947\u56db\u4fa02 Fantastic 4: Rise of the Silver Surfer",
        "\u65b0\u94c1\u8840\u6218\u58eb Predators",
        "\u8d85\u4eba\uff1a\u94a2\u94c1\u4e4b\u8eaf Man of Steel",
        "\u8759\u8760\u4fa0\u5927\u6218\u8d85\u4eba\uff1a\u6b63\u4e49\u9ece\u660e Batman v Superman: Dawn of Justice"
    ],
    "male": "\u7537",
    "xingzuo": "\u72ee\u5b50\u5ea7",
    "birth": "1961-07-30",
    "area": "\u7f8e\u56fd,\u4f50\u6cbb\u4e9a\u5dde,\u5965\u53e4\u65af\u5854",
    "zhiye": [
        "\u6f14\u5458",
        "\u5236\u7247\u4eba",
        "\u914d\u97f3",
        "\u5bfc\u6f14",
        "\u7f16\u5267"
    ],
    "moreName": [
        "\u52de\u502b\u65af\u00b7\u8cbb\u8a31\u670b(\u53f0)",
        "\u7f85\u862d\u58eb\u00b7\u8cbb\u65af\u8cd3\uff08\u6e2f)"
    ],
    "family": [
        "Gina Torres\uff08\u59bb\uff09"
    ],
    "intro": "\n            \u3000\u300010\u5c81\u5c31\u5f00\u59cb\u6f14\u51fa\uff0c12\u5c81\u65f6\u5c31\u5728\u300aCornbread\uff0cEarl And Me\u300b\u4e2d\u62c5\u4efb\u4e3b\u89d2\uff0c\u5e76\u548c\u53f2\u5339\u5821\u7b49\u5927\u724c\u5bfc\u6f14\u5408\u4f5c\uff0c\u540e\u6765\u8fd8\u83b7\u5f97\u5965\u65af\u5361\u63d0\u540d\uff0c\u662f\u597d\u83b1\u575e\u4e3a\u6570\u4e0d\u591a\u7684\u8457\u540d\u9ed1\u4eba\u5f71\u661f\u4e4b\u4e00\u30021982\u5e74\u4ed6\u83b7\u5f97TONY\u5956\uff0c\u5176\u4f5c\u54c1\u300a\u9ed1\u5ba2\u5e1d\u56fd\u300b\u56ca\u62ec\u4e863\u9879MTV\u5927\u5956\u3002\n    ",
    "hezuo": []
}