{
    "name": "\u5409\u65af\u00b7\u8212\u5c14\u817e\u00b7\u8303\u00b7\u827e\u67e5\u7279 Gijs Scholten van Aschat",
    "movies": [
        "\u672b\u65e5\u91cd\u542f Kill Switch"
    ],
    "male": "not found",
    "xingzuo": "\u5904\u5973\u5ea7",
    "birth": "1959-09-16",
    "area": "\u8377\u5170,\u4e4c\u5f97\u52d2\u652f,Doorn",
    "zhiye": [
        "\u6f14\u5458",
        "\u914d\u97f3"
    ],
    "moreName": [],
    "family": [],
    "intro": "\n            \u3000\u3000\n    ",
    "hezuo": []
}