{
    "name": "\u5229\u4e9a\u59c6\u00b7\u6d77\u59c6\u65af\u6c83\u65af Liam Hemsworth",
    "movies": [
        "\u9965\u997f\u6e38\u620f2\uff1a\u661f\u706b\u71ce\u539f The Hunger Games: Catching Fire",
        "\u9965\u997f\u6e38\u620f The Hunger Games",
        "\u9965\u997f\u6e38\u620f3\uff1a\u5632\u7b11\u9e1f(\u4e0a) The Hunger Games: Mockingjay - Part 1",
        "\u9965\u997f\u6e38\u620f3\uff1a\u5632\u7b11\u9e1f(\u4e0b) The Hunger Games: Mockingjay - Part 2",
        "\u72ec\u7acb\u65e52\uff1a\u5377\u571f\u91cd\u6765 Independence Day: Resurgence"
    ],
    "male": "\u7537",
    "xingzuo": "\u6469\u7faf\u5ea7",
    "birth": "1990-01-13",
    "area": "\u6fb3\u5927\u5229\u4e9a,\u7ef4\u591a\u5229\u4e9a,\u58a8\u5c14\u672c",
    "zhiye": [
        "\u6f14\u5458"
    ],
    "moreName": [
        "\u8fde\u59c6\u00b7\u6d77\u83ab\u65af\u6c83\u65af",
        "\u9524\u5f1f"
    ],
    "family": [
        "\u514b\u91cc\u65af\u00b7\u6d77\u59c6\u65af\u6c83\u65af(\u5144)",
        "\u5362\u514b\u00b7\u6d77\u59c6\u65af\u6c83\u65af(\u5144)",
        "\u9ea6\u8389\u00b7\u8d5b\u52d2\u65af(\u524d\u59bb)"
    ],
    "intro": "\n            \u3000\u3000\u5229\u4e9a\u59c6\u00b7\u6d77\u59c6\u65af\u6c83\u65af\uff0c\u6fb3\u6d32\u5f71\u89c6\u6f14\u5458\u3002\u56e0\u51fa\u6f14\u6fb3\u5927\u5229\u4e9a\u7684\u80a5\u7682\u5267\u300aNeighbours,Home and Awa\u300b\u4ee5\u53ca\u5267\u96c6\u300a\u5927\u8c61\u516c\u4e3b\u300b\uff08Elephant Princess\uff09\u800c\u5728\u6fb3\u5927\u5229\u4e9a\u5bb6\u55bb\u6237\u6653\uff0c\u4e0eMiley Cyrus\u51fa\u6f14\u300a\u6700\u540e\u4e00\u652f\u6b4c\u300b\uff0c\u4e24\u4eba\u56e0\u7535\u5f71\u8d70\u5230\u4e00\u8d77\uff0c\u73b0\u4e3a\u604b\u4eba\u3002 \u4ed6\u7684\u4f5c\u54c1\u8fd8\u67092009\u5e74\u51fa\u6f14\u7684\u7535\u5f71\u300a\u5148\u77e5\u300b\uff0c2010\u5e74\u5728\u300a\u6050\u6016\u6e38\u8f6e\u300b\u5ba2\u4e32\u9970\u6f14Victor\u30022012\u5e74\u5728\u7535\u5f71\u300a\u9965\u997f\u6e38\u620f\u300b\u4e2d\u9970\u6f14\u7537\u4e8c\u53f7\u76d6\u5c14\u00b7\u970d\u7d22\u6069\n    ",
    "hezuo": []
}