{
    "name": "\u5361\u8389\u00b7\u53f2\u6d3e\u59ae Cailee Spaeny",
    "movies": [
        "\u73af\u592a\u5e73\u6d0b\uff1a\u96f7\u9706\u518d\u8d77 Pacific Rim: Uprising"
    ],
    "male": "\u5973",
    "xingzuo": "\u72ee\u5b50\u5ea7",
    "birth": "1997-07-24",
    "area": "\u7f8e\u56fd,\u5bc6\u82cf\u91cc\u5dde,\u65af\u666e\u6797\u83f2\u5c14\u5fb7",
    "zhiye": [
        "\u6f14\u5458"
    ],
    "moreName": [],
    "family": [],
    "intro": "\n            \u3000\u3000\u5361\u8389\u00b7\u53f2\u6d3e\u59ae\uff0c\u6f14\u5458\uff0c\u4ee3\u8868\u4f5c\u54c1\u300a\u73af\u592a\u5e73\u6d0b2\u300b\u3002\n    ",
    "hezuo": []
}