{
    "name": "\u5361\u5c14\u00b7\u97e6\u745f\u65af Carl Weathers",
    "movies": [
        "\u94c1\u8840\u6218\u58eb Predator"
    ],
    "male": "\u7537",
    "xingzuo": "\u6469\u7faf\u5ea7",
    "birth": "1948-01-14",
    "area": "\u7f8e\u56fd,\u8def\u6613\u65af\u5b89\u90a3\u5dde,\u65b0\u5965\u5c14\u826f",
    "zhiye": [
        "\u6f14\u5458",
        "\u5bfc\u6f14",
        "\u914d\u97f3",
        "\u5236\u7247\u4eba"
    ],
    "moreName": [],
    "family": [],
    "intro": "\n            \u3000\u3000\u5361\u5c14\u00b7\u97e6\u745f\u65af\uff0c\u7537\uff0c\u751f\u4e8e1948\u5e741\u670814\u65e5 \uff0c\u7f8e\u56fd\u8def\u6613\u65af\u5b89\u90a3\u5dde\u65b0\u5965\u5c14\u826f\uff0c\u6a44\u6984\u7403\u8fd0\u52a8\u5458\u51fa\u8eab\uff0c\u9000\u5f79\u540e\u8fdb\u5165\u597d\u83b1\u575e\uff0c\u56e0\u51fa\u6f14\u8fc7\u300a\u6d1b\u5947\u300b\u7cfb\u5217\u548c\u300a\u94c1\u8840\u6218\u58eb\u300b\u7b49\u591a\u90e8\u5f71\u7247\u800c\u88ab\u5f71\u8ff7\u6240\u719f\u77e5\u3002\n    ",
    "hezuo": []
}