{
    "name": "\u5361\u65af\u5e15\u00b7\u51e1\u00b7\u8fea\u6069 Casper Van Dien",
    "movies": [
        "\u661f\u6cb3\u6218\u961f Starship Troopers",
        "\u661f\u6cb3\u6218\u961f3\uff1a\u63a0\u593a\u8005 Starship Troopers 3: Marauder"
    ],
    "male": "\u7537",
    "xingzuo": "\u5c04\u624b\u5ea7",
    "birth": "1968-12-18",
    "area": "\u7f8e\u56fd,\u4f5b\u7f57\u91cc\u8fbe\u5dde,\u7c73\u5c14\u987f",
    "zhiye": [
        "\u6f14\u5458",
        "\u5236\u7247\u4eba",
        "\u5bfc\u6f14",
        "\u914d\u97f3"
    ],
    "moreName": [],
    "family": [
        "Catherine Oxenberg\uff08\u59bb\uff09",
        "Carrie Mitchum\uff08\u524d\u59bb\uff09"
    ],
    "intro": "\n            \u3000\u3000\u5361\u65af\u6d3e\u00b7\u8303\u00b7\u6234\u6069\u51fa\u751f\u5728\u7f8e\u56fd\u7684\u4e00\u4e2a\u519b\u4eba\u4e16\u5bb6\u4e2d\uff0c\u6bd5\u4e1a\u4e8e\u4f5b\u7f57\u91cc\u8fbe\u8230\u961f\u53f8\u4ee4\u5b66\u9662\u548c\u4f5b\u7f57\u91cc\u8fbe\u5dde\u7acb\u5927\u5b66\u3002\u6bd5 \u4e1a\u540e\uff0c\u4ed6\u79fb\u5c45\u81f3\u6d1b\u6749\u77f6\uff0c\u5f00\u59cb\u5176\u6f14\u827a\u751f\u6daf\uff0c\u901a\u8fc7\u51fa\u6f14\u5927\u91cf\u7684\u7535\u89c6\u7cfb\u5217\u5267\u548c\u7535\u89c6\u7535\u5f71\u4f5c\u54c1\u800c\u88ab\u4eba\u4eec\u5173\u6ce8\u3002\u4ed6\u5177\u6709\u7a81\u7834\u6027\u7684\u8868\u6f14\u662f\u5728\u300a\u661f\u6cb3\u8230\u961f\u300b\u4e2d\uff0c\u8fd9\u90e8\u7535\u5f71\u4e1a\u6210\u4e3a1997\u5e74\u88ab\u8bc4\u8bba\u6b21\u6570\u6700\u591a\u7684\u5f71\u7247\u4e4b\u4e00\uff0c\u800c\u5361\u65af\u6d3e\u00b7\u8303\u00b7\u6234\u6069\u4e5f\u56e0\u6b64\u62e5\u6709\u4f17\u591a\u5fe0\u5b9e\u5f71\u8ff7\u3002(\u8f6c\u81ea\u767e\u5ea6\u767e\u79d1)\n    ",
    "hezuo": []
}