{
    "name": "\u591a\u7eb3\u5854\u65af\u00b7\u5df4\u5c3c\u5965\u5c3c\u65af Donatas Banionis",
    "movies": [
        "\u98de\u5411\u592a\u7a7a \u0421\u043e\u043b\u044f\u0440\u0438\u0441"
    ],
    "male": "\u7537",
    "xingzuo": "\u91d1\u725b\u5ea7",
    "birth": "not found",
    "area": "\u7acb\u9676\u5b9b,\u8003\u7eb3\u65af",
    "zhiye": [
        "\u6f14\u5458",
        "\u5bfc\u6f14"
    ],
    "moreName": [],
    "family": [],
    "intro": "\n            \u3000\u3000\n    ",
    "hezuo": []
}