{
    "name": "\u5927\u536b\u00b7\u9c8d\u7f57\u65af David Prowse",
    "movies": [
        "\u661f\u7403\u5927\u6218 Star Wars",
        "\u661f\u7403\u5927\u62182\uff1a\u5e1d\u56fd\u53cd\u51fb\u6218 Star Wars: Episode V - The Empire Strikes Back"
    ],
    "male": "\u7537",
    "xingzuo": "\u5de8\u87f9\u5ea7",
    "birth": "1935-07-01",
    "area": "\u82f1\u56fd,\u82f1\u683c\u5170,\u5e03\u91cc\u65af\u6258\u5c14",
    "zhiye": [
        "\u6f14\u5458",
        "\u914d\u97f3"
    ],
    "moreName": [
        "\u5927\u536b\u00b7\u666e\u52b3\u65af"
    ],
    "family": [],
    "intro": "\n            \u3000\u3000\u661f\u7403\u5927\u6218\u4e2d\u9ed1\u52cb\u7235\uff0c\u8fbe\u65af\u00b7\u7ef4\u8fbe\u7684\u626e\u6f14\u8005\u3002\u3000\u3000\u201c\u6211\u662f\u4f60\u7238\u7238\uff01\u201d\n    ",
    "hezuo": []
}