{
    "name": "\u5927\u536b\u00b7\u4e39\u66fc David Denman",
    "movies": [
        "\u91cd\u8fd4\u5730\u7403 After Earth"
    ],
    "male": "\u7537",
    "xingzuo": "\u72ee\u5b50\u5ea7",
    "birth": "1973-07-25",
    "area": "\u7f8e\u56fd,\u52a0\u5229\u798f\u5c3c\u4e9a\u5dde,\u65b0\u6e2f\u6ee9",
    "zhiye": [
        "\u6f14\u5458"
    ],
    "moreName": [],
    "family": [],
    "intro": "\n            \u3000\u3000\u5927\u536b\u00b7\u4e39\u66fc\uff0c\u7f8e\u56fd\u6f14\u5458\uff0c\u66fe\u51fa\u6f14\u300a\u4f2a\u88c5\u8005\u300b\u300a\u793c\u7269\u300b\u7b49\u5f71\u89c6\u5267\u3002\n    ",
    "hezuo": []
}