{
    "name": "\u591a\u7c73\u59ae\u514b\u00b7\u9ea6\u514b\u827e\u4e3d\u6208\u7279 Dominique McElligott",
    "movies": [
        "\u6708\u7403 Moon"
    ],
    "male": "\u5973",
    "xingzuo": "\u6469\u7faf\u5ea7",
    "birth": "1986-01-01",
    "area": "\u7231\u5c14\u5170,\u90fd\u67cf\u6797",
    "zhiye": [
        "\u6f14\u5458"
    ],
    "moreName": [],
    "family": [],
    "intro": "\n            \u3000\u3000\u591a\u7c73\u59ae\u514b\u00b7\u9ea6\u514b\u827e\u4e3d\u6208\u7279\u662f\u4e00\u4f4d\u7231\u5c14\u5170\u6f14\u5458\uff0c\u51fa\u6f14\u8fc7\u4e0d\u5c11\u72ec\u7acb\u7535\u5f71\u3002\u4e3b\u8981\u4f5c\u54c1\u6709\u300a\u6708\u7403\u300b\u3001\u300a\u574f\u5b88\u536b\u300b\u3001\u300a\u95f0\u5e74\u300b\uff0c\u4ee5\u53ca\u7f8e\u5267\u300a\u5730\u72f1\u4e4b\u8f6e\u300b\n    ",
    "hezuo": []
}