{
    "name": "\u5927\u536b\u00b7\u8fbe\u65af\u9a6c\u9f50\u8fde David Dastmalchian",
    "movies": [
        "\u8681\u4eba Ant-Man",
        "\u8681\u4eba2\uff1a\u9ec4\u8702\u5973\u73b0\u8eab Ant-Man and the Wasp"
    ],
    "male": "\u7537",
    "xingzuo": "\u5de8\u87f9\u5ea7",
    "birth": "1977-07-21",
    "area": "\u7f8e\u56fd\uff0c\u582a\u8428\u65af\u5dde",
    "zhiye": [
        "\u6f14\u5458",
        "\u7f16\u5267"
    ],
    "moreName": [],
    "family": [
        "Evelyn Leigh(\u59bb)"
    ],
    "intro": "\n\u3000\u3000David Dastmalchian is originally from Kansas. He moved to Chicago, IL, to study acting at The Theatre School, DePaul University. After college, David worked as a professional fisherman in Alaska, a circus performer, movie theatre usher and playwright. He is an ensemble member of Shattered Globe Theatre Company and Caffeine Theatre in Chicago.\u3000\u3000David Dastmalchian was preparing to play college football on the east coast when he received a...(\u5c55\u5f00\u5168\u90e8)\n\u3000\u3000David Dastmalchian is originally from Kansas. He moved to Chicago, IL, to study acting at The Theatre School, DePaul University. After college, David worked as a professional fisherman in Alaska, a circus performer, movie theatre usher and playwright. He is an ensemble member of Shattered Globe Theatre Company and Caffeine Theatre in Chicago.\u3000\u3000David Dastmalchian was preparing to play college football on the east coast when he received an unexpected scholarship to study acting in Chicago.\n",
    "hezuo": []
}