{
    "name": "\u54c8\u7f57\u5fb7\u00b7\u96f7\u7c73\u65af Harold Ramis",
    "movies": [
        "\u6349\u9b3c\u6562\u6b7b\u961f2 Ghostbusters II",
        "\u6349\u9b3c\u6562\u6b7b\u961f Ghostbusters"
    ],
    "male": "\u7537",
    "xingzuo": "\u5929\u874e\u5ea7",
    "birth": "not found",
    "area": "\u7f8e\u56fd,\u4f0a\u5229\u8bfa\u4f0a\u5dde,\u829d\u52a0\u54e5",
    "zhiye": [
        "\u7f16\u5267",
        "\u6f14\u5458",
        "\u5bfc\u6f14",
        "\u5236\u7247\u4eba",
        "\u914d\u97f3"
    ],
    "moreName": [
        "\u54c8\u7f57\u5fb7\u00b7\u62c9\u7c73\u65af"
    ],
    "family": [],
    "intro": "\n            \u3000\u3000\n    ",
    "hezuo": []
}