{
    "name": "\u54c8\u91cc\u00b7\u52b3\u57c3\u5fb7 Harry Lloyd",
    "movies": [
        "\u76f8\u5bf9\u5b87\u5b99 \u7b2c\u4e8c\u5b63 Counterpart Season 2"
    ],
    "male": "\u7537",
    "xingzuo": "\u5929\u874e\u5ea7",
    "birth": "1983-11-17",
    "area": "\u82f1\u56fd,\u4f26\u6566",
    "zhiye": [
        "\u6f14\u5458",
        "\u914d\u97f3"
    ],
    "moreName": [
        "\u9f99\u54e5/\u4e8c\u54e5"
    ],
    "family": [],
    "intro": "\n            \u3000\u3000Harry Lloyd\u662f\u7ef4\u591a\u5229\u4e9a\u4f5c\u5bb6\u72c4\u66f4\u65af\uff08\u4ed6\u7684\u6bcd\u4eb2\uff0c\u513f\u7ae5\u7684\u51fa\u7248\u5546\u9a6c\u91cc\u6602\u72c4\u66f4\u65af\uff0c\u5f7c\u5f97\u72c4\u66f4\u65afRN\u4e0a\u5c09\u7684\u5973\u513f\uff09\u7684\u5927\u7384\u5b59\u3002\u3000\u3000\u66fe\u5c31\u8bfb\u4e8e\u4f0a\u987f\u516c\u5b66\uff0c\u4e8eChrist Church, Oxford\u4e3b\u4feeEnglish, upper second degree\u6bd5\u4e1a\u3002\n    ",
    "hezuo": []
}