{
    "name": "\u57c3\u5c14\u767b\u00b7\u6c49\u68ee Elden Henson",
    "movies": [
        "\u8774\u8776\u6548\u5e94 The Butterfly Effect"
    ],
    "male": "\u7537",
    "xingzuo": "\u5904\u5973\u5ea7",
    "birth": "1977-08-30",
    "area": "\u7f8e\u56fd,\u9a6c\u91cc\u5170\u5dde,\u7f57\u514b\u7ef4\u5c14",
    "zhiye": [
        "\u6f14\u5458"
    ],
    "moreName": [],
    "family": [
        "Kira Sternbach\uff08\u59bb\uff09"
    ],
    "intro": "\n\u3000\u3000Elden Henson (formerly billed as Elden Ratliff and Elden Ryan Ratliff) got his start in the business at age two, as a baby model. By the time he was six, he was appearing in numerous commercials; by age ten, he was on his way to becoming a successful child actor. By the time he started high school, John Burroughs High School in Burbank, California, he got his big break, starring in the three The Mighty Ducks (1992) movies as enforcer Fulto...(\u5c55\u5f00\u5168\u90e8)\n\u3000\u3000Elden Henson (formerly billed as Elden Ratliff and Elden Ryan Ratliff) got his start in the business at age two, as a baby model. By the time he was six, he was appearing in numerous commercials; by age ten, he was on his way to becoming a successful child actor. By the time he started high school, John Burroughs High School in Burbank, California, he got his big break, starring in the three The Mighty Ducks (1992) movies as enforcer Fulton Reed. From there, he went on to get rave reviews as Max Kane, the seemingly slow-witted giant in Miramax's The Mighty (1998). Elden has since starred in Idle Hands (1999), She's All That (1999), and Showtime's A Gift of Love: The Daniel Huffman Story (1999).\n",
    "hezuo": []
}