{
    "name": "\u57c3\u6587\u00b7\u5f7c\u5f97\u65af Evan Peters",
    "movies": [
        "X\u6218\u8b66\uff1a\u9006\u8f6c\u672a\u6765 X-Men: Days of Future Past",
        "X\u6218\u8b66\uff1a\u5929\u542f X-Men: Apocalypse",
        "X\u6218\u8b66\uff1a\u9ed1\u51e4\u51f0 Dark Phoenix"
    ],
    "male": "\u7537",
    "xingzuo": "\u6c34\u74f6\u5ea7",
    "birth": "1987-01-20",
    "area": "\u7f8e\u56fd,\u5bc6\u82cf\u91cc\u5dde,\u5723\u8def\u6613\u65af\u5e02",
    "zhiye": [
        "\u6f14\u5458"
    ],
    "moreName": [
        "\u4f0a\u4e07\u00b7\u5f7c\u5f97\u65af",
        "\u5c0f\u5929\u4f7f(\u6635\u79f0)"
    ],
    "family": [],
    "intro": "\n            \u3000\u3000\u4f0a\u4e07\u00b7\u5f7c\u5f97\u65af\uff08Evan Peters\uff09\uff0c1987\u5e741\u670820\u65e5\u51fa\u751f\u4e8e\u5bc6\u82cf\u91cc\u5dde\u5723\u8def\u6613\u65af\u5e02\uff0c\u7f8e\u56fd\u5f71\u89c6\u6f14\u5458\u3002\u3000\u30002011\u5e74\uff0c\u4f0a\u4e07\u00b7\u5f7c\u5f97\u65af\u56e0\u51fa\u6f14\u300a\u7f8e\u56fd\u6050\u6016\u6545\u4e8b\u300b\u800c\u88ab\u719f\u77e5\u30022013\u5e74\uff0c\u4ed6\u52a0\u76df\u300aX\u6218\u8b66\uff1a\u672a\u6765\u6614\u65e5\u300b\uff0c\u9970\u6f14\u4e07\u78c1\u738b\u7684\u513f\u5b50\u5feb\u94f6\u30022014\u5e741\u67086\u65e5\uff0c\u5411\u4ea4\u5f80\u4e00\u5e74\u7684\u5973\u53cb\u827e\u739b\u00b7\u7f57\u4f2f\u8328\u6c42\u5a5a\uff0c\u53cc\u65b9\u987a\u5229\u8ba2\u5a5a\u3002\n    ",
    "hezuo": []
}