{
    "name": "\u4fdd\u7f57\u00b7\u96f7\u745f Paul Reiser",
    "movies": [
        "\u5f02\u5f622 Aliens"
    ],
    "male": "\u7537",
    "xingzuo": "\u767d\u7f8a\u5ea7",
    "birth": "1957-03-30",
    "area": "\u7f8e\u56fd,\u7ebd\u7ea6",
    "zhiye": [
        "\u6f14\u5458",
        "\u7f16\u5267",
        "\u5236\u7247\u4eba"
    ],
    "moreName": [],
    "family": [
        "Paula Ravets\uff08\u59bb\uff09"
    ],
    "intro": "\n\u3000\u3000Paul Reiser (born March 30, 1957) is an American comedian, actor, television personality and writer, author and musician. He is best known for his roles as Michael Taylor in the 1980s sitcom My Two Dads, Paul Buchman in the 1990s TV sitcom Mad About You, Carter Burke in the 1986 film Aliens, and more recently as Doug Getty in the Amazon TV series Red Oaks. He is ranked 77th on Comedy Central's 2004 list of the \"100 Greatest Stand-ups of Al...(\u5c55\u5f00\u5168\u90e8)\n\u3000\u3000Paul Reiser (born March 30, 1957) is an American comedian, actor, television personality and writer, author and musician. He is best known for his roles as Michael Taylor in the 1980s sitcom My Two Dads, Paul Buchman in the 1990s TV sitcom Mad About You, Carter Burke in the 1986 film Aliens, and more recently as Doug Getty in the Amazon TV series Red Oaks. He is ranked 77th on Comedy Central's 2004 list of the \"100 Greatest Stand-ups of All Time\".[1] The name of Reiser's production company, Nuance Productions, is inspired by one of his lines in the film Diner (1982), in which his character explains his discomfort with the word \"nuance\". He currently portrays Sam Owens in the Netflix supernatural-horror series Stranger Things.\n",
    "hezuo": []
}