{
    "name": "\u4e54\u7eb3\u68ee\u00b7\u65af\u5361\u5947 Johnathon Schaech",
    "movies": [
        "\u5e7b\u4e16\u8ffd\u8e2a Vice"
    ],
    "male": "\u7537",
    "xingzuo": "\u5904\u5973\u5ea7",
    "birth": "1969-09-10",
    "area": "\u7f8e\u56fd,\u9a6c\u91cc\u5170,\u57c3\u5947\u4f0d\u5fb7",
    "zhiye": [
        "\u6f14\u5458",
        "\u7f16\u5267",
        "\u5236\u7247\u4eba",
        "\u5bfc\u6f14"
    ],
    "moreName": [],
    "family": [],
    "intro": "\n            \u3000\u3000\n    ",
    "hezuo": []
}