{
    "name": "\u4f0a\u6069\u00b7\u9ea6\u514b\u8fea\u963f\u6885\u5fb7 Ian McDiarmid",
    "movies": [
        "\u661f\u7403\u5927\u6218\u524d\u4f201\uff1a\u5e7d\u7075\u7684\u5a01\u80c1 Star Wars: Episode I - The Phantom Menace",
        "\u661f\u7403\u5927\u6218\u524d\u4f202\uff1a\u514b\u9686\u4eba\u7684\u8fdb\u653b Star Wars: Episode II - Attack of the Clones",
        "\u661f\u7403\u5927\u62183\uff1a\u7edd\u5730\u5f52\u6765 Star Wars: Episode VI - Return of the Jedi",
        "\u661f\u7403\u5927\u62189\uff1a\u5929\u884c\u8005\u5d1b\u8d77 Star Wars: The Rise of Skywalker"
    ],
    "male": "\u7537",
    "xingzuo": "\u72ee\u5b50\u5ea7",
    "birth": "1944-08-11",
    "area": "\u82f1\u56fd,\u82cf\u683c\u5170,\u6cf0\u8d5b\u5fb7,\u5361\u6d1b\u65af\u8482",
    "zhiye": [
        "\u6f14\u5458"
    ],
    "moreName": [],
    "family": [],
    "intro": "\n            \u3000\u3000Ian McDiarmid (/m\u0259k\u02c8d\u025c\u02d0rm\u026ad/; born 11 August 1944) is a Scottish actor and director best known for portraying Emperor Palpatine in the Star Wars film series.[1] He has received an Olivier Award for Best Actor and a Tony Award for Best Featured Actor in a Play for his performances.\n    ",
    "hezuo": []
}