{
    "name": "\u5f7c\u5fb7\u00b7\u6885\u72b9 Peter Mayhew",
    "movies": [
        "\u661f\u7403\u5927\u6218 Star Wars",
        "\u661f\u7403\u5927\u62182\uff1a\u5e1d\u56fd\u53cd\u51fb\u6218 Star Wars: Episode V - The Empire Strikes Back",
        "\u661f\u7403\u5927\u62183\uff1a\u7edd\u5730\u5f52\u6765 Star Wars: Episode VI - Return of the Jedi"
    ],
    "male": "\u7537",
    "xingzuo": "\u91d1\u725b\u5ea7",
    "birth": "not found",
    "area": "\u82f1\u56fd,\u5df4\u6069\u65af",
    "zhiye": [
        "\u6f14\u5458",
        "\u914d\u97f3"
    ],
    "moreName": [
        "\u5f7c\u7279\u00b7\u6885\u9765",
        "\u5f7c\u5fb7\u00b7\u6885\u4f11"
    ],
    "family": [
        "Angie Luker\uff08\u59bb\uff09"
    ],
    "intro": "\n            \u3000\u3000Peter Mayhew (born 19 May 1944)[1] is an English/American actor who holds American citizenship and is best known for playing Chewbacca in the Star Wars film series.\n    ",
    "hezuo": []
}