{
    "name": "\u4f0a\u83b1\u4e9a\u65af\u00b7\u79d1\u6cf0\u65af Elias Koteas",
    "movies": [
        "\u5343\u94a7\u4e00\u53d1 Gattaca",
        "\u706b\u661f\u4e0a\u7684\u6700\u540e\u65f6\u65e5 The Last Days on Mars"
    ],
    "male": "\u7537",
    "xingzuo": "\u53cc\u9c7c\u5ea7",
    "birth": "1961-03-11",
    "area": "\u52a0\u62ff\u5927,\u9b41\u5317\u514b\u7701,\u8499\u7279\u5229\u5c14",
    "zhiye": [
        "\u6f14\u5458",
        "\u914d\u97f3"
    ],
    "moreName": [],
    "family": [],
    "intro": "\n            \u3000\u3000\n    ",
    "hezuo": []
}