{
    "name": "\u4e4c\u5c14\u91cc\u5947\u00b7\u6c64\u59c6\u68ee Ulrich Thomsen",
    "movies": [
        "\u76f8\u5bf9\u5b87\u5b99 \u7b2c\u4e8c\u5b63 Counterpart Season 2"
    ],
    "male": "\u7537",
    "xingzuo": "\u5c04\u624b\u5ea7",
    "birth": "1963-12-06",
    "area": "\u4e39\u9ea6,\u6b27\u767b\u585e",
    "zhiye": [
        "\u6f14\u5458",
        "\u5236\u7247\u4eba",
        "\u5bfc\u6f14",
        "\u7f16\u5267"
    ],
    "moreName": [
        "\u4e4c\u5c14\u91cc\u514b\u00b7\u6c64\u59c6\u68ee",
        "\u5c24\u745e\u5947\u00b7\u6c64\u59c6\u751f"
    ],
    "family": [],
    "intro": "\n            \u3000\u3000\n    ",
    "hezuo": []
}