{
    "name": "\u5e93\u5c14\u7279\u00b7\u62c9\u5e03 Kurt Raab",
    "movies": [
        "\u4e16\u754c\u65e6\u5915\u4e4b\u95f4 Welt am Draht"
    ],
    "male": "\u7537",
    "xingzuo": "\u5de8\u87f9\u5ea7",
    "birth": "not found",
    "area": "\u6377\u514b,Bergreichenstein",
    "zhiye": [
        "\u6f14\u5458",
        "\u7f8e\u672f",
        "\u7f16\u5267",
        "\u526f\u5bfc\u6f14",
        "\u5bfc\u6f14"
    ],
    "moreName": [],
    "family": [],
    "intro": "\n            \u3000\u3000\n    ",
    "hezuo": []
}