{
    "name": "\u4e39\u5c3c\u65af\u00b7\u6d77\u65af\u4f2f\u7279 Dennis Haysbert",
    "movies": [
        "\u5f02\u6b21\u5143\u9a87\u5ba2 The Thirteenth Floor"
    ],
    "male": "\u7537",
    "xingzuo": "\u53cc\u5b50\u5ea7",
    "birth": "1954-06-02",
    "area": "\u7f8e\u56fd,\u52a0\u5229\u798f\u5c3c\u4e9a\u5dde,\u5723\u9a6c\u7279\u5965",
    "zhiye": [
        "\u6f14\u5458",
        "\u914d\u97f3",
        "\u5236\u7247\u4eba",
        "\u5bfc\u6f14"
    ],
    "moreName": [
        "\u4e39\u5c3c\u65af\u00b7\u6d77\u65af\u4f2f",
        "\u4e39\u5c3c\u65af\u00b7\u5e0c\u58eb\u6bd5"
    ],
    "family": [],
    "intro": "\n\u3000\u3000Overview (3)\u3000\u3000Born\tJune 2, 1954 in San Mateo, California, USA\u3000\u3000Birth Name\tDennis Dexter Haysbert\u3000\u3000Height\t6' 4\u00be\" (1.95 m)\u3000\u3000Mini Bio (1)\u3000\u3000Dennis Haysbert was born on June 2, 1954 in San Mateo, California, USA as Dennis Dexter Haysbert. He is an actor and producer, known for Far from Heaven (2002), 24 (2001) and Heat (1995). He was previously married to Lynn Griffith and Elena Simms.\u3000\u3000Spouse (2)\u3000\u3000Lynn Griffith\t(1989 - ...(\u5c55\u5f00\u5168\u90e8)\n\u3000\u3000Overview (3)\u3000\u3000Born\tJune 2, 1954 in San Mateo, California, USA\u3000\u3000Birth Name\tDennis Dexter Haysbert\u3000\u3000Height\t6' 4\u00be\" (1.95 m)\u3000\u3000Mini Bio (1)\u3000\u3000Dennis Haysbert was born on June 2, 1954 in San Mateo, California, USA as Dennis Dexter Haysbert. He is an actor and producer, known for Far from Heaven (2002), 24 (2001) and Heat (1995). He was previously married to Lynn Griffith and Elena Simms.\u3000\u3000Spouse (2)\u3000\u3000Lynn Griffith\t(1989 - 2001) ( divorced) ( 2 children)\u3000\u3000Elena Simms\t(13 April 1980 - 17 August 1984) ( divorced)\u3000\u3000Trade Mark (3)\u3000\u3000Deep resonant voice\u3000\u3000Towering height\u3000\u3000Muscular physique\u3000\u3000Trivia (14)\u3000\u3000Has two children with Lynn Griffith: Charles Haysbert and Katharine Haysbert.\u3000\u3000He was a defensive end on his high school football team.\u3000\u3000Attended and graduated from San Mateo High School in San Mateo, California in 1972.\u3000\u3000Attended and graduated from the American Academy of Dramatic Arts (AADA).\u3000\u3000(August 7, 2005) Grand marshal of the \"Allstate 400 at the Brickyard\" auto race at the Indianapolis Motor Speedway.\u3000\u3000Is also a certified Deep Sea diver per Discovery Channel's Secrets of Pearl Harbor (2004), that he hosts, narrates and stars in. [June 2008]\u3000\u3000His parents were married for 51 years before his father's death.\u3000\u3000When he first moved to Los Angeles, he worked in a grocery store and took classes at the American Academy of Dramatic Arts. When he was not in class or working at the store, Haysbert says, he consumed any self-help book he could get his hands on, including \"How to Visualize What You Want\" and \"The Power of Positive Thinking\".\u3000\u3000Enjoys golf, tennis and scuba diving in his spare time.\u3000\u3000Is the eighth of nine children of Charles Whitney Sr. and Gladys Haysbert.\u3000\u3000In the photo caption for his San Mateo, California, high school yearbook, he cited having his face on the cover of Ebony and TV Guide as life goals, both of which he later achieved.\u3000\u3000Shares two roles with the late Michael Clarke Duncan: Green Lantern, Kilowog and Manute in the \"Sin City\" films.\u3000\u3000Has appeared with Charlie Sheen in three films: M\n",
    "hezuo": []
}