{
    "name": "\u4f0d\u5fb7\u00b7\u54c8\u91cc\u65af Wood Harris",
    "movies": [
        "\u8681\u4eba Ant-Man",
        "\u7279\u8b66\u5224\u5b98 Dredd"
    ],
    "male": "\u7537",
    "xingzuo": "\u5929\u79e4\u5ea7",
    "birth": "1969-10-17",
    "area": "\u7f8e\u56fd,\u4f0a\u5229\u8bfa\u4f0a\u5dde,\u829d\u52a0\u54e5",
    "zhiye": [
        "\u6f14\u5458",
        "\u5236\u7247\u4eba"
    ],
    "moreName": [],
    "family": [],
    "intro": "\n            \u3000\u3000\u4f0d\u5fb7\u00b7\u54c8\u745e\u65af\uff0c\u7f8e\u56fd\u6f14\u5458\u3002\u4ed6\u6700\u51fa\u540d\u7684\u89d2\u8272\u662f\u5728HBO\u7535\u89c6\u5267\u300a\u706b\u7ebf\u300b\u4e2d\u9970\u6f14\u7684\u4f0a\u65fa\u00b7\u5df4\u514b\u65af\u6234\u5c14\u4ee5\u53ca\u5728\u4f53\u80b2\u7535\u5f71\u300a\u51b2\u950b\u9677\u9635\u300b\u4e2d\u9970\u6f14\u7684\u6731\u5229\u65af\u00b7\u574e\u8d1d\u5c14\u3002\n    ",
    "hezuo": []
}