{
    "name": "\u5e15\u6885\u62c9\u00b7\u963f\u5fb7\u9f99 Pamela Adlon",
    "movies": [
        "\u5927\u9ec4\u8702 Bumblebee"
    ],
    "male": "\u5973",
    "xingzuo": "\u5de8\u87f9\u5ea7",
    "birth": "1966-07-09",
    "area": "\u7f8e\u56fd,\u7ebd\u7ea6",
    "zhiye": [
        "\u6f14\u5458",
        "\u914d\u97f3",
        "\u7f16\u5267",
        "\u5bfc\u6f14"
    ],
    "moreName": [],
    "family": [],
    "intro": "\n\u3000\u3000Overview (3)\u3000\u3000Born\tJuly 9, 1966 in New York City, New York, USA\u3000\u3000Birth Name\tPamela Fionna Segall\u3000\u3000Height\t5' (1.52 m)\u3000\u3000Mini Bio (1)\u3000\u3000Pamela Adlon comes from an acting family and began her career in television in 1983. She has appeared in many popular TV shows, including as a voice actress in a number of animated TV series including, most famously, King of the Hill (1997) for which she won an Emmy for her role as Bobby Hill....(\u5c55\u5f00\u5168\u90e8)\n\u3000\u3000Overview (3)\u3000\u3000Born\tJuly 9, 1966 in New York City, New York, USA\u3000\u3000Birth Name\tPamela Fionna Segall\u3000\u3000Height\t5' (1.52 m)\u3000\u3000Mini Bio (1)\u3000\u3000Pamela Adlon comes from an acting family and began her career in television in 1983. She has appeared in many popular TV shows, including as a voice actress in a number of animated TV series including, most famously, King of the Hill (1997) for which she won an Emmy for her role as Bobby Hill.\u3000\u3000- IMDb Mini Biography By: Anonymous\u3000\u3000Spouse (1)\u3000\u3000Felix O. Adlon\t(1996 - 2010) ( divorced) ( 3 children)\u3000\u3000Trade Mark (2)\u3000\u3000Deep raspy voice\u3000\u3000Frequently does the voice of young boys or tomboys\u3000\u3000Trivia (11)\u3000\u3000Former daughter-in-law of Percy Adlon and Eleonore Adlon.\u3000\u3000Mother of Gideon Adlon, Odessa A\u2019zion and Rocky Adlon.\u3000\u3000In 2008, co-wrote a pilot with Louis C.K. for CBS but it was not picked up.\u3000\u3000Daughter of Don Segall.\u3000\u3000She splits her time between Manhattan, New York and Los Angeles, California.\u3000\u3000Father is American and mother is English.\u3000\u3000Her father was of Russian Jewish and Ukrainian Jewish descent. Her mother, originally an Episcopalian, converted to Judaism.\u3000\u3000Nominated for the 2018 Emmy Award in the Lead Actress in a Comedy Series category for her role as Sam Fox in Better Things (2016), but lost to Rachel Brosnahan from The Marvelous Mrs. Maisel (2017).\u3000\u3000Formerly a close friend of Louis CK who appeared often on his show \"Louie\" and wrote the first 2 seasons of her series \"Better Things\" with him. After news of CK's sexual harrassment emerged in November 2017, Adlon cut ties with him and fired her former manager (who had also managed CK). In the runup to Season 3 of \"Better Things\", Adlon confirmed in a profile in The New Yorker that he had not any contact with CK in a very long time, and that she was trying to not mention or reference him during the show's production.\u3000\u3000Older sister of Penina Segall.\u3000\u3000As a U.S citizen, in January 2020 registered as a British citizen (possible due to her mother being British), so now is a dual US and British national.\u3000\u3000Personal Quotes (\n",
    "hezuo": []
}