{
    "name": "\u4e9a\u91cc\u5b89\u59ae\u00b7\u62c9\u8d1d\u5fb7 Ariane Labed",
    "movies": [
        "\u523a\u5ba2\u4fe1\u6761 Assassin's Creed"
    ],
    "male": "\u5973",
    "xingzuo": "\u91d1\u725b\u5ea7",
    "birth": "1984-05-08",
    "area": "\u5e0c\u814a,\u96c5\u5178",
    "zhiye": [
        "\u6f14\u5458"
    ],
    "moreName": [],
    "family": [
        "Yorgos Lanthimos(\u592b)"
    ],
    "intro": "\n            \u3000\u3000\u4e9a\u91cc\u5b89\u59ae\u00b7\u62c9\u8d1d\u5fb7\u662f\u4e00\u4f4d\u6cd5\u56fd\u5973\u6f14\u5458\uff0c1984\u5e745\u67088\u65e5\u51fa\u751f\u4e8e\u5e0c\u814a\u96c5\u5178\uff0c\u7236\u6bcd\u90fd\u662f\u6cd5\u56fd\u4eba\u3002\u5979\u4ece\u5c0f\u8f97\u8f6c\u4e8e\u5e0c\u814a\u3001\u5fb7\u56fd\u548c\u6cd5\u56fd\u957f\u5927\u3002\u62c9\u8d1d\u5fb7\u513f\u65f6\u66fe\u5b66\u4e60\u4e8610\u5e74\u821e\u8e48\uff0c\u540e\u6765\u5728\u666e\u7f57\u65fa\u65af\u5927\u5b66\u5b66\u4e60\u620f\u5267\u3002 2010\u5e74\uff0c\u5979\u8363\u83b7\u4e86\u7b2c67\u5c4a\u5a01\u5c3c\u65af\u56fd\u9645\u7535\u5f71\u8282\u6700\u4f73\u5973\u4e3b\u89d2\u5956\u3002\n    ",
    "hezuo": []
}