{
    "name": "\u4f0a\u591a\u00b7\u6208\u5fb7\u5821 Iddo Goldberg",
    "movies": [
        "\u533f\u540d\u8005 Anon"
    ],
    "male": "\u7537",
    "xingzuo": "\u72ee\u5b50\u5ea7",
    "birth": "1975-08-05",
    "area": "\u4ee5\u8272\u5217,\u7279\u62c9\u7ef4\u592b",
    "zhiye": [
        "\u6f14\u5458",
        "\u914d\u97f3",
        "\u5236\u7247\u4eba"
    ],
    "moreName": [],
    "family": [
        "\u963f\u4ec0\u4e3d\u00b7\u66fc\u5fb7\u8587(\u59bb)"
    ],
    "intro": "\n\u3000\u3000Iddo Goldberg (Hebrew: \u05e2\u05d3\u05d5 \u05d2\u05d5\u05dc\u05d3\u05d1\u05e8\u05d2; born 5 August 1975) is an English-Israeli actor.\u3000\u3000Goldberg was born in Haifa, Israel.[1] He has had several notable roles, including playing Ben on the television show Secret Diary of a Call Girl. He also appeared in the 2008 war film Defiance, starring Daniel Craig and Liev Schreiber.\u3000\u3000Filmography\u3000\u3000Actor\u3000\u3000Film\u3000\u3000Year\tFilm\tRole\tNotes\u3000\u30001998\tFast Food\tJunkie...(\u5c55\u5f00\u5168\u90e8)\n\u3000\u3000Iddo Goldberg (Hebrew: \u05e2\u05d3\u05d5 \u05d2\u05d5\u05dc\u05d3\u05d1\u05e8\u05d2; born 5 August 1975) is an English-Israeli actor.\u3000\u3000Goldberg was born in Haifa, Israel.[1] He has had several notable roles, including playing Ben on the television show Secret Diary of a Call Girl. He also appeared in the 2008 war film Defiance, starring Daniel Craig and Liev Schreiber.\u3000\u3000Filmography\u3000\u3000Actor\u3000\u3000Film\u3000\u3000Year\tFilm\tRole\tNotes\u3000\u30001998\tFast Food\tJunkie\u3000\u30001999\tJesus\tSeth\tMade-for-TV film\u3000\u30002001\tUprising\tZygmunt Frydrych\tMade-for-TV film\u3000\u30002002\tL'Auberge espagnole\tAlistair\u3000\u30002004\tDead Fish\tThief\u3000\u3000Suzie Gold\tAnthony Silver\u3000\u3000The Defender\tScripts\u3000\u30002005\tA Little Trip to Heaven\tRussle\u3000\u30002006\tBye Bye Harry!\tIan\u3000\u3000Are You Ready for Love?\tBenjamin\u3000\u3000Withdrawal\tFreddie\u3000\u30002007\tI Could Never Be Your Woman\tDirector\u3000\u3000Run Fatboy Run\tNews Reporter\u3000\u3000The Relief of Belsen\tEmmanuel Fisher\tMade-for-TV film\u3000\u30002008\tDefiance\tYitzchak Shulman\u3000\u30002009\tUnmade Beds\tMike\u3000\u3000Fused\tDanny\u3000\u3000The Courageous Heart of Irena Sendler\tJakub Rozenfeld\tMade-for-TV film\u3000\u3000The Tournament\tTech Rob\u3000\u30002010\tThe Tourist\tJones' Assistant Whitfield\u3000\u3000Christopher and His Kind\tWilfred Landauer\tMade-for-TV film\u3000\u3000Television\u3000\u3000Year\tTitle\tRole\tNotes\u3000\u30002000\tHolby City\tSimon Martin\tEpisode: \"Letting Go\"\u3000\u3000The Bill\tWayne Stevens\tEpisode: \"Beyond Conviction\"\u3000\u30002004\tLittle Britain\t\tSeries 2, episode 5\u3000\u30002005\tLast Rights\tSol\u3000\u3000Nathan Barley\t15Peter20\tEpisodes: \"Pilot\", episode 4, episode 5\u3000\u30002007\tSkins\tWilliam\tEpisode: \"Jal\"\u3000\u30002007\u20132011\tSecret Diary of a Call Girl\tBen\t31 episodes\u3000\u3000[edit]Producer\u3000\u3000The Mascot (2005)\n",
    "hezuo": []
}