{
    "name": "\u5e03\u9c81\u65af\u00b7\u6234\u7ef4\u68ee Bruce Davison",
    "movies": [
        "X\u6218\u8b66 X-Men"
    ],
    "male": "\u7537",
    "xingzuo": "\u5de8\u87f9\u5ea7",
    "birth": "1946-06-28",
    "area": "\u7f8e\u56fd,\u5bbe\u5915\u6cd5\u5c3c\u4e9a\u5dde,\u8d39\u57ce",
    "zhiye": [
        "\u6f14\u5458",
        "\u914d\u97f3",
        "\u5bfc\u6f14",
        "\u5236\u7247\u4eba"
    ],
    "moreName": [],
    "family": [],
    "intro": "\n            \u3000\u3000\n    ",
    "hezuo": []
}