{
    "name": "\u5f7c\u5f97\u00b7\u8d39\u5965\u591a\u7f57\u592b Pyotr Fyodorov",
    "movies": [
        "\u81f3\u6697\u4e4b\u65f6 The Darkest Hour",
        "\u524d\u54e8\u57fa\u5730 \u0410\u0432\u0430\u043d\u043f\u043e\u0441\u0442"
    ],
    "male": "\u7537",
    "xingzuo": "\u91d1\u725b\u5ea7",
    "birth": "1982-04-21",
    "area": "\u4fc4\u7f57\u65af,\u83ab\u65af\u79d1",
    "zhiye": [
        "\u6f14\u5458",
        "\u7f16\u5267"
    ],
    "moreName": [
        "\u76ae\u6b27\u7279\u00b7\u8d39\u5965\u591a\u7f57\u592b"
    ],
    "family": [],
    "intro": "\n            \u3000\u3000\n    ",
    "hezuo": []
}