{
    "name": "\u4f0a\u745f\u5c14\u00b7\u5e03\u7f57\u8428\u5fb7 Israel Broussard",
    "movies": [
        "\u706d\u7edd Extinction"
    ],
    "male": "\u7537",
    "xingzuo": "\u72ee\u5b50\u5ea7",
    "birth": "1994-08-22",
    "area": "\u7f8e\u56fd,\u5bc6\u897f\u897f\u6bd4,\u683c\u5c14\u592b\u6ce2\u7279",
    "zhiye": [
        "\u6f14\u5458"
    ],
    "moreName": [],
    "family": [],
    "intro": "\n            \u3000\u3000Israel Broussard is an American actor. He was born Isaiah Israel Broussard on August 22, 1994 in Gulfport, Mississippi to Angela (Clapp) and Lawrence Clayton Adams. His biological father passed away when he was four, and he was raised in Saucier, Mississippi by his mother and stepfather, Gil Broussard, who adopted him and his older sister, Aubrey.\n    ",
    "hezuo": []
}