{
    "name": "\u4f0a\u5fb7\u91cc\u65af\u00b7\u827e\u5c14\u5df4 Idris Elba",
    "movies": [
        "\u73af\u592a\u5e73\u6d0b Pacific Rim",
        "\u666e\u7f57\u7c73\u4fee\u65af Prometheus",
        "\u60ca\u53d828\u5468 28 Weeks Later",
        "\u661f\u9645\u8ff7\u822a3\uff1a\u8d85\u8d8a\u661f\u8fb0 Star Trek Beyond"
    ],
    "male": "\u7537",
    "xingzuo": "\u5904\u5973\u5ea7",
    "birth": "1972-09-06",
    "area": "\u82f1\u56fd,\u4f26\u6566,\u54c8\u514b\u5c3c",
    "zhiye": [
        "\u6f14\u5458",
        "\u914d\u97f3",
        "\u5236\u7247\u4eba",
        "\u7f16\u5267",
        "\u5bfc\u6f14"
    ],
    "moreName": [
        "\u4f0a\u5fb7\u745e\u65af\u00b7\u827e\u5c14\u5df4"
    ],
    "family": [
        "Sabrina Dhowre(\u59bb)"
    ],
    "intro": "\n            \u3000\u3000\u4f0a\u5fb7\u745e\u65af\u00b7\u827e\u5c14\u5df4\uff0c\u82f1\u6587\u540dIdris Elba\uff0c\u82f1\u56fd\u7537\u6f14\u5458\uff0c\u5236\u7247\u4eba\u30021972\u5e7409\u670806\u65e5\u51fa\u751f\u4e8e\u82f1\u56fd\u4f26\u6566\u3002\u66fe\u53c2\u6f14\u7535\u5f71\u300a\u666e\u7f57\u7c73\u4fee\u65af\u300b\u3001\u300a\u73af\u592a\u5e73\u6d0b\u300b\u7b49\u3002\n    ",
    "hezuo": []
}