{
    "name": "\u4e54\u00b7\u5f17\u83b1\u5f7b Jon Fletcher",
    "movies": [
        "\u5ac1\u63a5\u8005 The Rook"
    ],
    "male": "\u7537",
    "xingzuo": "not found",
    "birth": "not found",
    "area": "not found",
    "zhiye": [
        "\u6f14\u5458",
        "\u5176\u5b83"
    ],
    "moreName": [],
    "family": [],
    "intro": "\n            \u3000\u3000Jon Fletcher is an actor and writer, known for The Messengers (2015), April Flowers (2017) and Between the Black.\n    ",
    "hezuo": []
}