{
    "name": "\u4e39\u00b7\u798f\u52d2 Dan Fogler",
    "movies": [
        "\u6b27\u7f57\u5df4\u62a5\u544a Europa Report"
    ],
    "male": "\u7537",
    "xingzuo": "\u5929\u79e4\u5ea7",
    "birth": "1976-10-20",
    "area": "\u7f8e\u56fd,\u7ebd\u7ea6,\u5e03\u9c81\u514b\u6797",
    "zhiye": [
        "\u6f14\u5458",
        "\u914d\u97f3",
        "\u5bfc\u6f14",
        "\u7f16\u5267",
        "\u5236\u7247\u4eba"
    ],
    "moreName": [],
    "family": [],
    "intro": "\n            \u3000\u3000\n    ",
    "hezuo": []
}