{
    "name": "\u4e54\u5b89\u5a1c\u00b7\u5361\u897f\u8fea Joanna Cassidy",
    "movies": [
        "\u94f6\u7ffc\u6740\u624b Blade Runner"
    ],
    "male": "\u5973",
    "xingzuo": "\u72ee\u5b50\u5ea7",
    "birth": "1945-08-02",
    "area": "\u7f8e\u56fd,\u65b0\u6cfd\u897f\u5dde,\u54c8\u767b\u83f2\u5c14\u5fb7",
    "zhiye": [
        "\u6f14\u5458",
        "\u914d\u97f3"
    ],
    "moreName": [],
    "family": [
        "Kennard C. Kobrin\uff08\u524d\u592b\uff09"
    ],
    "intro": "\n            \u3000\u3000Joanna Cassidy is an American actress. She is known for her roles as the replicant Zhora Salome in Blade Runner and Dolores in Who Framed Roger Rabbit. She has won a Golden Globe Award, was nominated for three Emmy Awards and also was nominated for a Saturn Award and Screen Actors Guild Awards.\n    ",
    "hezuo": []
}