{
    "name": "\u5e03\u83b1\u6069\u00b7\u683c\u6d1b\u5f17 Brian Glover",
    "movies": [
        "\u5f02\u5f623 Alien\u00b3"
    ],
    "male": "\u7537",
    "xingzuo": "\u767d\u7f8a\u5ea7",
    "birth": "not found",
    "area": "\u82f1\u56fd,\u82f1\u683c\u5170,\u5357\u7ea6\u514b\u90e1,\u8c22\u83f2\u5c14\u5fb7",
    "zhiye": [
        "\u6f14\u5458",
        "\u7f16\u5267",
        "\u914d\u97f3"
    ],
    "moreName": [],
    "family": [],
    "intro": "\n            \u3000\u3000\n    ",
    "hezuo": []
}