{
    "name": "\u5f17\u5170\u79d1\u00b7\u54e5\u4f26\u5e03 Franco Columbu",
    "movies": [
        "\u7ec8\u7ed3\u8005 The Terminator"
    ],
    "male": "\u7537",
    "xingzuo": "\u72ee\u5b50\u5ea7",
    "birth": "not found",
    "area": "\u610f\u5927\u5229,\u6492\u4e01\u5c9b,Ollolai",
    "zhiye": [
        "\u6f14\u5458",
        "\u5236\u7247\u4eba",
        "\u7f16\u5267",
        "\u5bfc\u6f14"
    ],
    "moreName": [
        "\u5f17\u5170\u79d1\u00b7\u5361\u62c9\u95e8\u5e03"
    ],
    "family": [],
    "intro": "\n            \u3000\u3000\n    ",
    "hezuo": []
}