{
    "name": "\u4e54\u8389\u00b7\u7406\u67e5\u5fb7\u68ee Joely Richardson",
    "movies": [
        "\u5ac1\u63a5\u8005 The Rook"
    ],
    "male": "\u5973",
    "xingzuo": "\u6469\u7faf\u5ea7",
    "birth": "1965-01-09",
    "area": "\u82f1\u56fd,\u4f26\u6566",
    "zhiye": [
        "\u6f14\u5458"
    ],
    "moreName": [
        "\u6731\u8389\u00b7\u7406\u67e5\u5fb7\u68ee"
    ],
    "family": [
        "\u74e6\u59ae\u838e\u00b7\u96f7\u5fb7\u683c\u745e\u592b(\u6bcd\u4eb2)",
        "\u5a1c\u5854\u838e\u00b7\u7406\u67e5\u5fb7\u68ee(\u59d0)"
    ],
    "intro": "\n            \u3000\u3000Joely Kim Richardson (born 9 January 1965) is an English actress, known for her role as Queen Catherine Parr in the Showtime television show The Tudors and Julia McNamara in the television drama Nip/Tuck. She also appeared in films such as 101 Dalmatians (1996), Event Horizon (1997), The Patriot (2000), Anonymous (2011), and the Hollywood film adaptation The Girl with the Dragon Tattoo (2011).\n    ",
    "hezuo": []
}