{
    "name": "\u4e54\u8fea\u00b7\u5df4\u5c14\u5f17 Jodi Balfour",
    "movies": [
        "\u4e3a\u5168\u4eba\u7c7b \u7b2c\u4e00\u5b63 For All Mankind Season 1"
    ],
    "male": "\u5973",
    "xingzuo": "\u5929\u874e\u5ea7",
    "birth": "1987-10-29",
    "area": "\u5357\u975e,\u5f00\u666e\u6566",
    "zhiye": [
        "\u6f14\u5458",
        "\u5236\u7247\u4eba"
    ],
    "moreName": [],
    "family": [],
    "intro": "\n\u3000\u3000Overview (1)\u3000\u3000Height\t 5' 7\" (1.7 m)\u3000\u3000Mini Bio (1)\u3000\u3000Born and raised in South Africa, Jodi Balfour spent her early youth working in Cape Town's theatre and television industry.\u3000\u3000In 2009 she graduated with a BA in Theatre and Performance from the University of Cape Town. Upon graduating, Balfour landed a coveted role in the BAFTA nominated BBC mini-series The Sinking of the Laconia, and decided to explore international opportuniti...(\u5c55\u5f00\u5168\u90e8)\n\u3000\u3000Overview (1)\u3000\u3000Height\t 5' 7\" (1.7 m)\u3000\u3000Mini Bio (1)\u3000\u3000Born and raised in South Africa, Jodi Balfour spent her early youth working in Cape Town's theatre and television industry.\u3000\u3000In 2009 she graduated with a BA in Theatre and Performance from the University of Cape Town. Upon graduating, Balfour landed a coveted role in the BAFTA nominated BBC mini-series The Sinking of the Laconia, and decided to explore international opportunities.\u3000\u3000Jodi is best known for her portrayal as Gladys Witham on the critically acclaimed Canadian war-time series, Bomb Girls.\n",
    "hezuo": []
}