{
    "name": "\u5e15\u7279\u00b7\u4ea8\u683c\u5c14 Pat Hingle",
    "movies": [
        "\u8759\u8760\u4fa0\u4e0e\u7f57\u5bbe Batman & Robin"
    ],
    "male": "\u7537",
    "xingzuo": "\u5de8\u87f9\u5ea7",
    "birth": "not found",
    "area": "\u7f8e\u56fd,\u4f5b\u7f57\u91cc\u8fbe\u5dde,\u8fc8\u963f\u5bc6",
    "zhiye": [
        "\u6f14\u5458",
        "\u5236\u7247\u4eba",
        "\u914d\u97f3"
    ],
    "moreName": [],
    "family": [],
    "intro": "\n            \u3000\u3000\n    ",
    "hezuo": []
}