{
    "name": "\u4e39\u00b7\u827e\u514b\u7f57\u4f0a\u5fb7 Dan Aykroyd",
    "movies": [
        "\u50cf\u7d20\u5927\u6218 Pixels",
        "\u8d85\u80fd\u6562\u6b7b\u961f Ghostbusters",
        "\u6349\u9b3c\u6562\u6b7b\u961f2 Ghostbusters II",
        "\u6349\u9b3c\u6562\u6b7b\u961f Ghostbusters"
    ],
    "male": "\u7537",
    "xingzuo": "\u5de8\u87f9\u5ea7",
    "birth": "1952-07-01",
    "area": "\u52a0\u62ff\u5927,\u5b89\u5927\u7565\u7701,\u6e25\u592a\u534e",
    "zhiye": [
        "\u6f14\u5458",
        "\u7f16\u5267",
        "\u5236\u7247\u4eba",
        "\u914d\u97f3",
        "\u5bfc\u6f14"
    ],
    "moreName": [],
    "family": [
        "Donna Dixon\uff08\u59bb\uff09"
    ],
    "intro": "\n            \u3000\u3000\u4e39\u00b7\u827e\u514b\u7f57\u4f0a\u5fb7\uff0c\u52a0\u62ff\u5927\u88d4\u7f8e\u56fd\u6f14\u5458\u3001\u5267\u4f5c\u5bb6\u4e0e\u97f3\u4e50\u5bb6\uff0c\u540c\u65f6\u4e5f\u662f\u4e00\u4f4dUFO\u4e13\u5bb6\u3002\u66fe\u7ecf\u83b7\u5f97\u827e\u7f8e\u5956\u3002\n    ",
    "hezuo": []
}