{
    "name": "\u5e03\u5170\u7279\u59ae\u00b7\u4e39\u5c3c\u5c14 Brittany Daniel",
    "movies": [
        "\u5929\u9645\u6d69\u52ab Skyline"
    ],
    "male": "\u5973",
    "xingzuo": "\u53cc\u9c7c\u5ea7",
    "birth": "1976-03-17",
    "area": "\u7f8e\u56fd,\u4f5b\u7f57\u91cc\u8fbe\u5dde,\u76d6\u6069\u65af\u7ef4\u5c14",
    "zhiye": [
        "\u6f14\u5458"
    ],
    "moreName": [
        "\u5e03\u91cc\u5854\u5c3c\u00b7\u4e39\u5c3c\u5c14",
        "\u5e03\u5170\u59ae\u00b7\u4e39\u5c3c\u5c14"
    ],
    "family": [
        "Adam Touni\uff08\u592b\uff09"
    ],
    "intro": "\n            \u3000\u3000Brittany Ann Daniel (born March 17, 1976) is an American television and film actress. She is the twin sister of former actress and photographer Cynthia Daniel. She is best known for her role as Jessica Wakefield on the 1990s syndicated teen drama Sweet Valley High and her portrayal of Kelly Pitts on the CW/BET comedy-drama series The Game.\n    ",
    "hezuo": []
}