{
    "name": "\u4e39\u5c3c\u00b7\u5e93\u514b\u585e Danny Cooksey",
    "movies": [
        "\u7ec8\u7ed3\u80052\uff1a\u5ba1\u5224\u65e5 Terminator 2: Judgment Day"
    ],
    "male": "\u7537",
    "xingzuo": "\u5929\u874e\u5ea7",
    "birth": "1975-11-02",
    "area": "\u7f8e\u56fd,\u4fc4\u514b\u62c9\u8377\u9a6c\u5dde,\u6469\u5c14",
    "zhiye": [
        "\u6f14\u5458",
        "\u914d\u97f3"
    ],
    "moreName": [],
    "family": [],
    "intro": "\n            \u3000\u3000\n    ",
    "hezuo": []
}