{
    "name": "\u5c3c\u53e4\u62c9\u00b7\u683c\u6797\u79d1 Nikolai Grinko",
    "movies": [
        "\u98de\u5411\u592a\u7a7a \u0421\u043e\u043b\u044f\u0440\u0438\u0441",
        "\u6f5c\u884c\u8005 \u0421\u0442\u0430\u043b\u043a\u0435\u0440"
    ],
    "male": "\u7537",
    "xingzuo": "\u53cc\u5b50\u5ea7",
    "birth": "not found",
    "area": "\u82cf\u8054, \u4e4c\u514b\u5170, \u8d6b\u5c14\u677e",
    "zhiye": [
        "\u6f14\u5458"
    ],
    "moreName": [],
    "family": [],
    "intro": "\n            \u3000\u3000\n    ",
    "hezuo": []
}