{
    "name": "\u76d6\u00b7\u76ae\u5c14\u65af Guy Pearce",
    "movies": [
        "\u94a2\u94c1\u4fa03 Iron Man 3",
        "\u65f6\u95f4\u673a\u5668 The Time Machine",
        "\u592a\u7a7a\u4e00\u53f7 Lockout",
        "\u666e\u7f57\u7c73\u4fee\u65af Prometheus"
    ],
    "male": "\u7537",
    "xingzuo": "\u5929\u79e4\u5ea7",
    "birth": "1967-10-05",
    "area": "\u82f1\u56fd,\u5251\u6865,\u4f0a\u5229",
    "zhiye": [
        "\u6f14\u5458",
        "\u5bfc\u6f14"
    ],
    "moreName": [
        "\u4f73\u00b7\u76ae\u96c5\u65af(\u6e2f)",
        "\u4f73\u6bd4\u4e9a\u65af"
    ],
    "family": [
        "Kate Mestitz\uff08\u524d\u59bb\uff09"
    ],
    "intro": "\n            \u3000\u3000\u751f\u4e8e\u82f1\u683c\u5170\u5251\u6865\u90e1\uff0c\u4e09\u5c81\u65f6\u4e3e\u5bb6\u8fc1\u5f80\u6fb3\u5927\u5229\u4e9a\u3002\u81ea\u5e7c\u559c\u7231\u8868\u6f14\uff0c\u5927\u94f6\u5e55\u4e0a\u7684\u7a81\u7834\u662f1994\u5e74\u7684\u300a\u6c99\u6f20\u5996\u59ec\u300b\uff0c\u540e\u8ddf\u6fb3\u6d32\u540c\u4e61\u7f57\u7d20\u00b7\u514b\u6d1b\u4e00\u9f50\u51fa\u6f14\u300a\u6d1b\u57ce\u673a\u5bc6\u300b\u30022000\u5e74\u4ee5\u5931\u5fc6\u75c7\u4e3a\u9898\u6750\u7684\u53e6\u7c7b\u4f73\u4f5c\u300a\u8bb0\u5fc6\u788e\u7247\u300b\uff0c\u5176\u8868\u6f14\u6781\u5177\u9707\u64bc\u529b\uff0c\u524d\u666f\u770b\u597d\u3002\n    ",
    "hezuo": []
}