{
    "name": "\u7b80\u00b7\u4e9a\u5386\u5c71\u5927 Jane Alexander",
    "movies": [
        "\u7ec8\u7ed3\u80052018 Terminator Salvation"
    ],
    "male": "\u5973",
    "xingzuo": "\u5929\u874e\u5ea7",
    "birth": "1939-10-28",
    "area": "\u7f8e\u56fd,\u9a6c\u8428\u8bf8\u585e\u5dde,\u6ce2\u58eb\u987f",
    "zhiye": [
        "\u6f14\u5458",
        "\u5236\u7247\u4eba"
    ],
    "moreName": [],
    "family": [
        "Edwin Sherin(\u592b)",
        "Robert Alexander(\u524d\u592b)"
    ],
    "intro": "\n\u3000\u3000Jane Alexander (born October 28, 1939) is an American author, actress, and former director of the National Endowment for the Arts. She is a Tony Award winner and two-time Emmy Award winner.\u3000\u3000Alexander made her Broadway debut in 1968 in The Great White Hope and won the 1969 Tony Award for Best Featured Actress in a Play. Other Broadway credits include, 6 Rms Riv Vu (1972), The Night of the Iguana (1988), The Sisters Rosensweig (1993) and...(\u5c55\u5f00\u5168\u90e8)\n\u3000\u3000Jane Alexander (born October 28, 1939) is an American author, actress, and former director of the National Endowment for the Arts. She is a Tony Award winner and two-time Emmy Award winner.\u3000\u3000Alexander made her Broadway debut in 1968 in The Great White Hope and won the 1969 Tony Award for Best Featured Actress in a Play. Other Broadway credits include, 6 Rms Riv Vu (1972), The Night of the Iguana (1988), The Sisters Rosensweig (1993) and Honour (1998). She has received a total of seven Tony Award nominations and was inducted into the American Theater Hall of Fame in 1994.[1]\u3000\u3000She went on to star in the film version of The Great White Hope in 1970 and received the first of four Academy Award nominations for her performance. Her subsequent Oscar nominations were for All the President's Men (1976), Kramer vs Kramer (1979), and Testament (1983). An eight-time Emmy nominee, she received her first nomination for playing Eleanor Roosevelt in Eleanor and Franklin (1976), a role that required her to age from 18 to 60. She has won two Emmys for Outstanding Supporting Actress in a Miniseries or Movie for Playing for Time (1980) and Warm Springs (2005).\n",
    "hezuo": []
}