{
    "name": "\u79d1\u6797\u00b7\u8428\u8499 Colin Salmon",
    "movies": [
        "\u5f02\u5f62\u5927\u6218\u94c1\u8840\u6218\u58eb AVP: Alien vs. Predator",
        "\u751f\u5316\u5371\u673a Resident Evil",
        "\u751f\u5316\u5371\u673a5\uff1a\u60e9\u7f5a Resident Evil: Retribution",
        "\u63a0\u98df\u57ce\u5e02 Mortal Engines"
    ],
    "male": "\u7537",
    "xingzuo": "\u53cc\u5b50\u5ea7",
    "birth": "1962-06-10",
    "area": "\u82f1\u56fd,\u82f1\u683c\u5170,\u5362\u987f",
    "zhiye": [
        "\u6f14\u5458",
        "\u914d\u97f3",
        "\u7f16\u5267"
    ],
    "moreName": [],
    "family": [],
    "intro": "\n            \u3000\u3000\n    ",
    "hezuo": []
}