{
    "name": "\u79d1\u7518-\u8fc8\u514b\u5c14\u00b7\u51ef Keegan-Michael Key",
    "movies": [
        "\u660e\u65e5\u4e16\u754c Tomorrowland"
    ],
    "male": "\u7537",
    "xingzuo": "\u767d\u7f8a\u5ea7",
    "birth": "1971-03-22",
    "area": "\u7f8e\u56fd,\u5bc6\u6b47\u6839\u5dde,\u5357\u83f2\u5c14\u5fb7",
    "zhiye": [
        "\u6f14\u5458",
        "\u914d\u97f3",
        "\u7f16\u5267"
    ],
    "moreName": [],
    "family": [
        "Elisa Pugliese(\u59bb)",
        "Cynthia Blaise(\u524d\u59bb)"
    ],
    "intro": "\n            \u3000\u3000\u79d1\u7518\u00b7\u8fc8\u514b\u5c14\u00b7\u51ef\uff0c\u7f8e\u56fd\u6f14\u5458\uff0c\u4ee3\u8868\u4f5c\uff1a\u7f8e\u5267\u300a\u57fa\u548c\u76ae\u5c14\u300b\u3002\n    ",
    "hezuo": []
}