{
    "name": "\u739b\u4e3d\u00b7\u9ea6\u514b\u5510\u7eb3 Mary McDonnell",
    "movies": [
        "\u72ec\u7acb\u65e5 Independence Day"
    ],
    "male": "\u5973",
    "xingzuo": "\u91d1\u725b\u5ea7",
    "birth": "1952-04-28",
    "area": "\u7f8e\u56fd,\u5bbe\u5915\u6cd5\u5c3c\u4e9a\u5dde,\u5a01\u5c14\u514b\u65af\u5df4\u91cc",
    "zhiye": [
        "\u6f14\u5458"
    ],
    "moreName": [
        "\u9a6c\u91cc\u00b7\u9ea6\u514b\u987f\u5185\u5c14"
    ],
    "family": [],
    "intro": "\n            \u3000\u3000Dances with Wolves \uff081990\u5e74\uff09\u9970\u6f14 Stands With A Fist\u3000\u3000Battlestar Galactica (2003-2006) \u9970\u6f14 President Laura Roslin\n    ",
    "hezuo": []
}