{
    "name": "\u739b\u4e3d\u00b7\u857e\u5207\u5c14\u00b7\u8fbe\u5fb7\u5229 Mary Rachel Dudley",
    "movies": [
        "\u795e\u5947\u56db\u4fa02015 Fantastic Four"
    ],
    "male": "\u5973",
    "xingzuo": "\u767d\u7f8a\u5ea7",
    "birth": "1963-03-23",
    "area": "\u7f8e\u56fd,\u9a6c\u8428\u8bf8\u585e\u5dde,\u5207\u5c14\u897f",
    "zhiye": [
        "\u6f14\u5458"
    ],
    "moreName": [],
    "family": [],
    "intro": "\n            \u3000\u3000\u739b\u4e3d\u00b7\u857e\u5207\u5c14\u00b7\u8fbe\u5fb7\u5229\uff0c\u7f8e\u56fd\u5973\u6f14\u5458\uff0c\u66fe\u51fa\u6f14\u300a\u5206\u624b\u4fe1\u300b\u300a\u795e\u5947\u56db\u4fa0 2015\u300b\u7b49\u5f71\u7247\u3002\n    ",
    "hezuo": []
}