{
    "name": "\u745e\u5b89\u00b7\u65bd\u5bc6\u7279 Wrenn Schmidt",
    "movies": [
        "\u4e3a\u5168\u4eba\u7c7b \u7b2c\u4e00\u5b63 For All Mankind Season 1"
    ],
    "male": "\u5973",
    "xingzuo": "not found",
    "birth": "not found",
    "area": "\u7f8e\u56fd,\u5357\u5361\u7f57\u6765\u7eb3\u5dde,\u5217\u514b\u661f\u6566",
    "zhiye": [
        "\u6f14\u5458"
    ],
    "moreName": [],
    "family": [],
    "intro": "\n            \u3000\u3000Wrenn Schmidt\u6bd5\u4e1a\u4e8e\u5357\u5361\u7f57\u6765\u7eb3\u5dde\u5927\u7684\u827a\u672f\u4e0e\u4eba\u6587\u79d1\u5b66\u7cfb\uff0c\u5979\u7684\u6f14\u827a\u751f\u6daf\u59cb\u4e8e\u767e\u8001\u6c47\u7684\u821e\u53f0\u8868\u6f14\uff0c\u5728\u7ebd\u7ea6\uff0c\u5979\u4e0d\u65ad\u5730\u78e8\u783a\u7740\u81ea\u5df1\u7684\u6f14\u6280\uff0c\u4e5f\u53c2\u6f14\u4e86\u4e00\u7cfb\u5217\u7684\u5f71\u89c6\u4f5c\u54c1\u3002\u5982\u4eca\u7684Wrenn Schmidt\u5b9a\u5c45\u5728\u5e03\u9c81\u514b\u6797\u3002\n    ",
    "hezuo": []
}