{
    "name": "\u7406\u67e5\u5fb7\u00b7\u5fb7\u83b1\u798f\u65af Richard Dreyfuss",
    "movies": [
        "\u7b2c\u4e09\u7c7b\u63a5\u89e6 Close Encounters of the Third Kind"
    ],
    "male": "\u7537",
    "xingzuo": "\u5929\u874e\u5ea7",
    "birth": "1947-10-29",
    "area": "\u7f8e\u56fd,\u7ebd\u7ea6,\u5e03\u9c81\u514b\u6797",
    "zhiye": [
        "\u6f14\u5458",
        "\u5236\u7247\u4eba",
        "\u914d\u97f3"
    ],
    "moreName": [
        "\u7406\u67e5\u5fb7\u00b7\u5fb7\u83b1\u5f17\u65af"
    ],
    "family": [
        "Svetlana Erokhin\uff08\u59bb\uff09",
        "Jeramie Rain\uff08\u524d\u59bb\uff09",
        "Janelle Lacey\uff08\u524d\u59bb\uff09"
    ],
    "intro": "\n            \u3000\u3000\u7406\u67e5\u5fb7\u00b7\u5fb7\u83b1\u798f\u65af\uff0c\u5965\u65af\u5361\u5f71\u5e1d\u3002\u4ed6\u5927\u5b66\u53ea\u5ff5\u4e86\u4e00\u5e74\u4fbf\u5230\u533b\u9662\u5f53\u804c\u5458\uff0c\u572860\u5e74\u4ee3\u540e\u671f\u81f370\u5e74\u4ee3\u521d\u5230\u5904\u6d41\u6d6a\u5bfb\u627e\u5404\u79cd\u6f14\u51fa\u673a\u4f1a\uff0c1973\u5e74\u7684\u300a\u7f8e\u56fd\u98ce\u60c5\u753b\u300b\u5d2d\u9732\u5934\u89d2\uff0c\u5176\u540e\u4fbf\u5f00\u59cb\u6210\u540d\uff0c\u4e00\u751f\u53c2\u6f14\u5f71\u7247\u5f88\u591a\u3002\n    ",
    "hezuo": []
}