{
    "name": "\u7279\u6d1b\u4f0a\u00b7\u683c\u96f7\u63d0 Troy Garity",
    "movies": [
        "\u592a\u9633\u6d69\u52ab Sunshine"
    ],
    "male": "\u7537",
    "xingzuo": "\u5de8\u87f9\u5ea7",
    "birth": "1973-07-07",
    "area": "\u7f8e\u56fd,\u52a0\u5229\u798f\u5c3c\u4e9a\u5dde,\u6d1b\u6749\u77f6",
    "zhiye": [
        "\u6f14\u5458",
        "\u914d\u97f3"
    ],
    "moreName": [
        "\u7279\u6d1b\u4f0a\u00b7\u52a0\u91cc\u8482"
    ],
    "family": [
        "Jane Fonda(\u6bcd)",
        "Tom Hayden(\u7236)"
    ],
    "intro": "\n            \u3000\u3000on\n    ",
    "hezuo": []
}