{
    "name": "\u7279\u91cc\u65af\u5766\u00b7\u4e4c\u7f57\u963f Trist\u00e1n Ulloa",
    "movies": [
        "\u7ec8\u7ed3\u8005\uff1a\u9ed1\u6697\u547d\u8fd0 Terminator: Dark Fate"
    ],
    "male": "\u7537",
    "xingzuo": "\u91d1\u725b\u5ea7",
    "birth": "1970-05-06",
    "area": "\u6cd5\u56fd,\u5965\u5c14\u826f",
    "zhiye": [
        "\u6f14\u5458",
        "\u5bfc\u6f14",
        "\u7f16\u5267"
    ],
    "moreName": [],
    "family": [
        "David Ulloa\uff08\u5144\uff09"
    ],
    "intro": "\n\u3000\u3000Naci\u00f3 en Orleans (Francia) en 1970 pero es de familia gallega.Tras licenciarse en Empresariales prefiri\u00f3 dejar la econom\u00eda de lado y canalizar su confesada introversi\u00f3n haciendo teatro.Una decisi\u00f3n tan acertada que le abri\u00f3 las puertas de cine en pel\u00edculas como 'Mensaka' (Salvador Garc\u00eda Ruiz,1998) por el que fue nominado como actor revelaci\u00f3n; 'Abre los ojos' (Alejandro Amen\u00e1bar,1997); 'Los sin nombre (Jaume Balaguer\u00f3,1999) o '...(\u5c55\u5f00\u5168\u90e8)\n\u3000\u3000Naci\u00f3 en Orleans (Francia) en 1970 pero es de familia gallega.Tras licenciarse en Empresariales prefiri\u00f3 dejar la econom\u00eda de lado y canalizar su confesada introversi\u00f3n haciendo teatro.Una decisi\u00f3n tan acertada que le abri\u00f3 las puertas de cine en pel\u00edculas como 'Mensaka' (Salvador Garc\u00eda Ruiz,1998) por el que fue nominado como actor revelaci\u00f3n; 'Abre los ojos' (Alejandro Amen\u00e1bar,1997); 'Los sin nombre (Jaume Balaguer\u00f3,1999) o 'Kilometro 0'(Juan Luis Iborra y Yolanda Garcia Serrano,2000).Tras estos peque\u00f1os pero importantes papeles en cine\u3000\u3000y series de televisi\u00f3n (El comisario,La vida en el aire,se dio a conocer al gran p\u00fablico de la mano de Lorenzo,el protagonista masculino de 'Lucia y el sexo'. Desde entonces la carrera de este joven de aspecto blandito por dentro y por fuera,encantador,educado,introvertido,afable y buen chico,no ha dejado de crecer.\n",
    "hezuo": []
}