{
    "name": "\u7279\u91cc\u7279\u00b7\u5a01\u5ec9\u65af Treat Williams",
    "movies": [
        "\u6781\u5ea6\u6df1\u5bd2 Deep Rising"
    ],
    "male": "\u7537",
    "xingzuo": "\u5c04\u624b\u5ea7",
    "birth": "1951-12-01",
    "area": "\u7f8e\u56fd,\u5eb7\u6d85\u72c4\u683c\u5dde,Rowayton",
    "zhiye": [
        "\u6f14\u5458",
        "\u914d\u97f3",
        "\u5bfc\u6f14",
        "\u5236\u7247\u4eba"
    ],
    "moreName": [],
    "family": [],
    "intro": "\n            \u3000\u3000\n    ",
    "hezuo": []
}