{
    "name": "\u76ae\u7279\u00b7\u5f17\u96f7\u5fb7\u66fc Peter Friedman",
    "movies": [
        "\u8bb0\u5fc6\u88c2\u75d5 Paycheck"
    ],
    "male": "\u7537",
    "xingzuo": "\u91d1\u725b\u5ea7",
    "birth": "1949-04-24",
    "area": "\u7f8e\u56fd,\u7ebd\u7ea6",
    "zhiye": [
        "\u6f14\u5458",
        "\u914d\u97f3"
    ],
    "moreName": [],
    "family": [
        "Joan Allen\uff08\u524d\u59bb\uff09",
        "Sadie Friedman(\u5973)"
    ],
    "intro": "\n            \u3000\u3000Peter Friedman (born April 24, 1949) is an American stage, film, and television actor.\n    ",
    "hezuo": []
}