{
    "name": "\u7d22\u5c3c\u5938\u00b7\u9a6c\u4e01-\u683c\u6797 Sonequa Martin-Green",
    "movies": [
        "\u661f\u9645\u8ff7\u822a\uff1a\u53d1\u73b0\u53f7 \u7b2c\u4e8c\u5b63 Star Trek: Discovery Season 2"
    ],
    "male": "\u5973",
    "xingzuo": "\u767d\u7f8a\u5ea7",
    "birth": "1985-03-21",
    "area": "\u7f8e\u56fd\uff0c\u963f\u62c9\u5df4\u9a6c\u5dde\uff0c\u62c9\u585e\u5c14\u7ef4\u5c14",
    "zhiye": [
        "\u6f14\u5458"
    ],
    "moreName": [],
    "family": [
        "Kenric Green\uff08\u592b\uff09"
    ],
    "intro": "\n            \u3000\u3000\n    ",
    "hezuo": []
}