{
    "name": "\u7ea6\u7ff0\u00b7\u8fea\u5c14 John Diehl",
    "movies": [
        "\u4f8f\u7f57\u7eaa\u516c\u56ed3 Jurassic Park III"
    ],
    "male": "\u7537",
    "xingzuo": "\u91d1\u725b\u5ea7",
    "birth": "1950-05-01",
    "area": "\u7f8e\u56fd,\u4fc4\u4ea5\u4fc4\u5dde,\u8f9b\u8f9b\u90a3\u63d0",
    "zhiye": [
        "\u6f14\u5458",
        "\u5236\u7247\u4eba",
        "\u7f16\u5267"
    ],
    "moreName": [],
    "family": [],
    "intro": "\n            \u3000\u3000\n    ",
    "hezuo": []
}