{
    "name": "\u7f57\u831c\u00b7\u6c49\u4e01\u987f-\u60e0\u7279\u8389 Rosie Huntington-Whiteley",
    "movies": [
        "\u53d8\u5f62\u91d1\u521a3 Transformers: Dark of the Moon"
    ],
    "male": "\u5973",
    "xingzuo": "\u767d\u7f8a\u5ea7",
    "birth": "1987-04-18",
    "area": "\u82f1\u56fd,\u82f1\u683c\u5170,\u5fb7\u6587\u90e1",
    "zhiye": [
        "\u6f14\u5458",
        "\u526f\u5bfc\u6f14"
    ],
    "moreName": [
        "\u90ed\u8fbe\u5ac2"
    ],
    "family": [
        "\u6770\u68ee\u00b7\u65af\u5766\u68ee(\u592b)",
        "Jack Oscar(\u513f\u5b50)"
    ],
    "intro": "\n            \u3000\u3000\u7f57\u831c\u00b7\u6c49\u4e01\u987f-\u60e0\u7279\u8389\uff0c\u82f1\u56fd\u540d\u6a21\uff0c\u201c\u7ef4\u591a\u5229\u4e9a\u7684\u79d8\u5bc6\u201d\u5fa1\u7528\u8d85\u6a21\u3002\u4ee3\u8868\u4f5c\u54c1\u6709\u7535\u5f71\u300a\u53d8\u5f62\u91d1\u521a3\u300b\u7b49\u3002\u4e0d\u4ec5\u4ec5\u5728\u4f26\u6566\u65f6\u88c5\u5468\u4e3aBesty Johnson\u7b49\u8bbe\u8ba1\u5e08\u8d70\u79c0\uff0c\u62c5\u4efb\u6c64\u7c73\u00b7\u5e0c\u5c14\u8d39\u683c (Tommy Hilfiger) \u3001\u65af\u5b9d\u9ea6\u65af (Sportmax) \u7b49\u5e74\u8f7b\u54c1\u724c\u7684\u6a21\u7279\uff0c\u8fd8\u51fa\u73b0\u5728\u897f\u73ed\u7259\u7248\u300aVogue\u300b\u6742\u5fd7\u4e0e\u300aWallpaper\u300b\u6742\u5fd7\u7684\u5c01\u9762\u4e0a\uff0c\u4f5c\u4e3a\u4e00\u4e2a\u521a\u521a\u5d2d\u9732\u5934\u89d2\u7684\u65b0\u4eba\uff0c\u8fd9\u4efd\u7ecf\u5386\u5df2\u7b97\u96be\u5f97\uff0c\u7f57\u897f\u00b7\u6c49\u4e01\u987f-\u60e0\u7279\u8389 (Rosie Huntington-Whiteley) \u7684\u6f5c\u529b\u4f7f\u5f97\u5a92\u4f53\u7eb7\u7eb7\u8c03\u6574\u89c6\u7ebf\uff0c\u5173\u6ce8\u5979\u672a\u6765\u7684\u8868\u73b0\u3002\n    ",
    "hezuo": []
}