{
    "name": "\u7ea6\u7ff0\u00b7\u535a\u8036\u52a0 John Boyega",
    "movies": [
        "\u73af\u592a\u5e73\u6d0b\uff1a\u96f7\u9706\u518d\u8d77 Pacific Rim: Uprising",
        "\u661f\u7403\u5927\u62189\uff1a\u5929\u884c\u8005\u5d1b\u8d77 Star Wars: The Rise of Skywalker",
        "\u661f\u7403\u5927\u62188\uff1a\u6700\u540e\u7684\u7edd\u5730\u6b66\u58eb Star Wars: The Last Jedi",
        "\u661f\u7403\u5927\u62187\uff1a\u539f\u529b\u89c9\u9192 Star Wars: The Force Awakens"
    ],
    "male": "\u7537",
    "xingzuo": "\u53cc\u9c7c\u5ea7",
    "birth": "1992-03-17",
    "area": "\u82f1\u56fd,\u82f1\u683c\u5170,\u4f26\u6566",
    "zhiye": [
        "\u6f14\u5458",
        "\u914d\u97f3",
        "\u5236\u7247\u4eba"
    ],
    "moreName": [
        "\u7ea6\u7ff0\u00b7\u6ce2\u8036\u52a0"
    ],
    "family": [],
    "intro": "\n            \u3000\u3000\u7ea6\u7ff0\u00b7\u6ce2\u8036\u52a0\uff08John Boyega\uff09\uff0c1992\u5e74\u751f\u4e8e\u82f1\u56fd\u4f26\u6566\uff0c\u82f1\u56fd\u6f14\u5458\u30022014\u5e744\u670830\u65e5\uff0c\u786e\u5b9a\u51fa\u6f14\u300a\u661f\u7403\u5927\u62187\u300b\u3002\n    ",
    "hezuo": []
}