{
    "name": "\u7f57\u65af\u79d1\u00b7\u674e\u00b7\u5e03\u6717\u5c3c Roscoe Lee Browne",
    "movies": [
        "\u9003\u79bb\u5730\u4e0b\u5929\u5802 Logan's Run"
    ],
    "male": "\u7537",
    "xingzuo": "\u91d1\u725b\u5ea7",
    "birth": "not found",
    "area": "\u7f8e\u56fd,\u65b0\u6cfd\u897f\u5dde,\u4f0d\u5fb7\u4f2f\u91cc",
    "zhiye": [
        "\u6f14\u5458",
        "\u914d\u97f3"
    ],
    "moreName": [],
    "family": [],
    "intro": "\n            \u3000\u3000\n    ",
    "hezuo": []
}