{
    "name": "\u7ef4\u65af\u52d2\u00b7\u590f\u519c Vicellous Shannon",
    "movies": [
        "\u4eba\u7c7b\u529e\u4e8b\u5904 The Humanity Bureau",
        "\u672b\u9668\u56de\u58f0 The Recall"
    ],
    "male": "\u7537",
    "xingzuo": "\u767d\u7f8a\u5ea7",
    "birth": "1971-04-11",
    "area": "\u7f8e\u56fd,\u7530\u7eb3\u897f\u5dde,\u5b5f\u83f2\u65af",
    "zhiye": [
        "\u6f14\u5458"
    ],
    "moreName": [],
    "family": [],
    "intro": "\n            \u3000\u3000Vicellous Shannon was born on April 11, 1971 in Memphis, Tennessee, USA. He is an actor and producer, known for The Hurricane (1999), 24 (2001) and Annapolis (2006).\n    ",
    "hezuo": []
}