{
    "name": "\u7ea6\u7ff0\u00b7\u585e\u7eb3 John Cena",
    "movies": [
        "\u5927\u9ec4\u8702 Bumblebee"
    ],
    "male": "\u7537",
    "xingzuo": "\u91d1\u725b\u5ea7",
    "birth": "1977-04-23",
    "area": "\u7f8e\u56fd,\u9a6c\u8428\u8bf8\u585e\u5dde,\u897f\u7ebd\u4f2f\u91cc",
    "zhiye": [
        "\u6f14\u5458",
        "\u914d\u97f3",
        "\u7f16\u5267"
    ],
    "moreName": [
        "\u8d75\u559c\u5a1c"
    ],
    "family": [
        "Elizabeth Huberdeau(\u524d\u59bb)"
    ],
    "intro": "\n            \u3000\u3000\u7ea6\u7ff0\u00b7\u585e\u7eb3\uff0c\u5168\u540d\u4e3a\u7ea6\u7ff0\u00b7\u83f2\u529b\u514b\u65af\u00b7\u5b89\u4e1c\u5c3c\u00b7\u585e\u7eb3\uff0c\u7f8e\u56fd\u6f14\u5458\u3001Hip-Hop\u6b4c\u624b\u53ca\u804c\u4e1a\u6454\u89d2\u9009\u624b\u3002\u73b0\u53d7\u8058\u4e8e\u4e16\u754c\u6454\u89d2\u5a31\u4e50\uff0c\u5e76\u5728\u8282\u76eeWWE Raw\u4e2d\u4eae\u76f8\u3002 \u5728\u585e\u7eb3\u7684\u6454\u89d2\u4e8b\u4e1a\u4e2d\uff0c\u4ed6\u66fe\u662f\u5341\u4e94\u6b21\u4e16\u754c\u51a0\u519b\u3001\u56db\u6b21WWE\u7f8e\u56fd\u51a0\u519b\u3001\u4e24\u6b21\u7687\u5bb6\u5927\u6218\u51a0\u519b\u53ca\u4e00\u6b21\u516c\u4e8b\u5305\u5927\u6218\u51a0\u519b\u3001\u4e24\u6b21\u4e16\u754c\u53cc\u6253\u51a0\u519b\u3001\u4e24\u6b21WWE\u53cc\u6253\u51a0\u519b\u3002\n    ",
    "hezuo": []
}