{
    "name": "\u7ea6\u963f\u5e0c\u59c6.\u6c49\u68ee Joachim Hansen",
    "movies": [
        "\u4e16\u754c\u65e6\u5915\u4e4b\u95f4 Welt am Draht"
    ],
    "male": "\u7537",
    "xingzuo": "\u5de8\u87f9\u5ea7",
    "birth": "not found",
    "area": "\u5fb7\u56fd,\u6cd5\u5170\u514b\u798f",
    "zhiye": [
        "\u6f14\u5458"
    ],
    "moreName": [],
    "family": [],
    "intro": "\n            \u3000\u3000\u4ed6\u662f<<\u731b\u9e70\u96c4\u98ce>>\u4e2d\u7684\u6ce2\u5170\u603b\u7763-------\u515a\u536b\u519b\u4e8c\u7ea7\u4e0a\u5c06\u514b\u5415\u683c\u5c14,<<\u6218\u4e89\u98ce\u4e91>>\u548c<<\u6218\u4e89\u4e0e\u56de\u5fc6>>\u4e2d\u7684\u7ea6\u5fb7\u5c14\u5927\u5c06,<<\u8001\u67aa>>\u4e2d\u7684\u515a\u536b\u519b\u5c11\u6821,<<\u975e\u6d32\u4e4b\u661f>>\u4e2d\u7684\u9a6c\u5c14\u585e\u5c24,1959\u5e74\u7248<<\u65af\u5927\u6797\u683c\u52d2>>\u4e2d\u7684\u5e74\u8f7b\u4e2d\u5c09,<<\u96f7\u739b\u6839\u5927\u6865>>\u4e2d\u7684\u9c8d\u66fc\u4e0a\u5c09,<<\u5df4\u9ece\u6218\u706b>>\u4e2d\u7684\u5fb7\u519b\u5c11\u6821\n    ",
    "hezuo": []
}