{
    "name": "\u7c73\u5bc6\u00b7\u7f57\u6770\u65af Mimi Rogers",
    "movies": [
        "\u8ff7\u5931\u592a\u7a7a Lost in Space"
    ],
    "male": "\u5973",
    "xingzuo": "\u6c34\u74f6\u5ea7",
    "birth": "1956-01-27",
    "area": "\u7f8e\u56fd,\u4f5b\u7f57\u91cc\u8fbe\u5dde,\u73ca\u745a\u5c71\u5899",
    "zhiye": [
        "\u6f14\u5458",
        "\u5236\u7247\u4eba",
        "\u914d\u97f3"
    ],
    "moreName": [],
    "family": [
        "\u6c64\u59c6\u00b7\u514b\u9c81\u65af(\u524d\u592b)",
        "James Rogers(\u524d\u592b)",
        "Christopher Ciaffa(\u592b)"
    ],
    "intro": "\n            \u3000\u3000\n    ",
    "hezuo": []
}