{
    "name": "\u7c73\u5a05\u00b7\u9ad8\u65af Mia Goth",
    "movies": [
        "\u592a\u7a7a\u751f\u6d3b High Life"
    ],
    "male": "\u5973",
    "xingzuo": "\u5c04\u624b\u5ea7",
    "birth": "1993-11-30",
    "area": "\u82f1\u56fd,\u4f26\u6566,\u5357\u4f26\u6566",
    "zhiye": [
        "\u6f14\u5458"
    ],
    "moreName": [
        "\u7c73\u5a05\u00b7\u6208\u7279"
    ],
    "family": [
        "Shia LaBeouf(\u592b)"
    ],
    "intro": "\n            \u3000\u3000Mia Goth\u662f\u5979\u7684\u672c\u540d\u3002\u5979\u6765\u81ea\u4e00\u4e2a\u5df4\u897f\u548c\u52a0\u62ff\u5927\u7684\u6df7\u8840\u5bb6\u5ead\u30022008\u5e74\u5728\u82f1\u56fd\u67d0\u97f3\u4e50\u8282\u4e0a\u88ab\u661f\u63a2\u53d1\u73b0\u4e4b\u540e\uff0c\u5979\u8fdb\u5165\u6a21\u7279\u884c\u4e1a\u30022012\u5e74\u5979\u88abLars Von Trier\u770b\u4e2d\uff0c\u5728\u300a\u5973\u6027\u763e\u8005\u300b\u4e2d\u51fa\u6f14\u89d2\u8272\u3002\n    ",
    "hezuo": []
}