{
    "name": "\u8bfa\u4e9a\u00b7\u827e\u9ed8\u91cc\u5947 Noah Emmerich",
    "movies": [
        "\u695a\u95e8\u7684\u4e16\u754c The Truman Show",
        "\u9ed1\u6d1e\u9891\u7387 Frequency"
    ],
    "male": "\u7537",
    "xingzuo": "\u53cc\u9c7c\u5ea7",
    "birth": "1965-02-27",
    "area": "\u7f8e\u56fd,\u7ebd\u7ea6\u5dde,\u7ebd\u7ea6",
    "zhiye": [
        "\u6f14\u5458",
        "\u5bfc\u6f14",
        "\u5236\u7247\u4eba"
    ],
    "moreName": [
        "\u8bfa\u4e9a\u00b7\u5c3c\u53e4\u62c9\u65af\u00b7\u827e\u6885\u91cc\u5e0c(\u5168\u540d)",
        "\u8bfa\u4e9a\u00b7\u827e\u6885\u91cc\u5e0c",
        "\u8bfa\u4e9a\u00b7\u827e\u9ed8\u91cc\u514b"
    ],
    "family": [
        "Mary Regency Boies(\u59bb)",
        "Melissa Fitzgerald(\u524d\u59bb)"
    ],
    "intro": "\n            \u3000\u3000\u8bfa\u4e9a\u00b7\u827e\u6885\u91cc\u5e0c\u662f\u4e00\u4f4d\u7f8e\u56fd\u7537\u6f14\u5458\uff0c\u4ee5\u51fa\u6f14\u300a\u7f8e\u56fd\u8c0d\u68a6\u300b\u300a\u695a\u95e8\u7684\u4e16\u754c\u300b\u300a\u8eab\u4e3a\u4eba\u6bcd\u300b\u53ca\u300a\u8d85\u7ea78\u300b\u7b49\u7b49\u5f71\u89c6\u5267\u96c6wen'ming\u3002\n    ",
    "hezuo": []
}