{
    "name": "\u83b1\u7eb3\u65af\u00b7\u7f57\u5f7b Linus Roache",
    "movies": [
        "\u661f\u9645\u4f20\u59472 The Chronicles of Riddick"
    ],
    "male": "\u7537",
    "xingzuo": "\u6c34\u74f6\u5ea7",
    "birth": "1964-02-01",
    "area": "\u82f1\u56fd,\u82f1\u683c\u5170,\u66fc\u5f7b\u65af\u7279",
    "zhiye": [
        "\u6f14\u5458",
        "\u914d\u97f3"
    ],
    "moreName": [
        "\u83b1\u7eb3\u65af\u00b7\u5a01\u5ec9\u00b7\u7f57\u5947(\u5168\u540d)",
        "\u83b1\u7eb3\u65af\u00b7\u7f57\u5947"
    ],
    "family": [
        "William Roache(\u7236)"
    ],
    "intro": "\n\u3000\u3000\u83b1\u7eb3\u65af\u00b7\u7f57\u5f7b\u6863\u6848\u51fa\u751f:Date of Birth:1964\u5e742\u67081\u65e5,Manchester, England, UK \u82f1\u56fd\u66fc\u5f7b\u65af\u7279 \u672c\u540d:Birth Name:Linus William Roache \u8eab\u9ad8:Height:1.78 m \u661f\u5ea7:\u6c34\u74f6\u5ea7 \u914d\u5076:Spouse:Rosalind Bennett(2003\u5e741\u6708 - \u73b0\u5728)\u3000\u30002008\u83b1\u7eb3\u65af\u00b7\u7f57\u5f7b\u3000\u30001.\u6cd5\u7f51\u4f0a\u4eba Canterbury's Law (\u6f14\u5458)[Matthew Canterbury (unknown episodes)\u7f8e\u5973\u4e0e\u6cd5\u5f8b 2007\u83b1\u7eb3\u65af\u00b7\u7f57\u5f7b Linus Roache 1.\u66b4\u96e8\u5c06\u81f3 Before the Rains (\u6f14\u5458)Henry Moores 2.\u626c\u514b\u65af\u00b7\u4e54 Yonkers Joe (\u6f14\u5458....TeddyBroken Thread\u3000\u30002...(\u5c55\u5f00\u5168\u90e8)\n\u3000\u3000\u83b1\u7eb3\u65af\u00b7\u7f57\u5f7b\u6863\u6848\u51fa\u751f:Date of Birth:1964\u5e742\u67081\u65e5,Manchester, England, UK \u82f1\u56fd\u66fc\u5f7b\u65af\u7279 \u672c\u540d:Birth Name:Linus William Roache \u8eab\u9ad8:Height:1.78 m \u661f\u5ea7:\u6c34\u74f6\u5ea7 \u914d\u5076:Spouse:Rosalind Bennett(2003\u5e741\u6708 - \u73b0\u5728)\u3000\u30002008\u83b1\u7eb3\u65af\u00b7\u7f57\u5f7b\u3000\u30001.\u6cd5\u7f51\u4f0a\u4eba Canterbury's Law (\u6f14\u5458)[Matthew Canterbury (unknown episodes)\u7f8e\u5973\u4e0e\u6cd5\u5f8b 2007\u83b1\u7eb3\u65af\u00b7\u7f57\u5f7b Linus Roache 1.\u66b4\u96e8\u5c06\u81f3 Before the Rains (\u6f14\u5458)Henry Moores 2.\u626c\u514b\u65af\u00b7\u4e54 Yonkers Joe (\u6f14\u5458....TeddyBroken Thread\u3000\u30002006\u83b1\u7eb3\u65af\u00b7\u7f57\u5f7b Linus Roache\u3000\u30001.\u5341\u8beb The Ten Commandments (\u6f14\u5458).....Aaron 2. \u5224\u6211\u6709\u7f6aFind Me Guilty (\u6f14\u5458).....Sean Kierney 3.\u540c\u540d\u540c\u59d3 The Namesake (\u6f14\u5458)....Mr. Lawson 4..\u7ed1\u67b6\u7591\u4e91Un nom pour un autr Kidnapped (\u6f14\u5458).....Andy Archer (10 episodes, 2006-2007) 5.\u652f\u79bb\u7834\u788e Broken Thread (\u6f14\u5458).....Ram\u3000\u30002005-\u83b1\u7eb3\u65af\u00b7\u7f57\u5f7b Linus Roache\u3000\u30001.\u8759\u8760\u4fa0\uff1a\u5f00\u6218\u65f6\u523b Batman Begins (\u6f14\u5458)......Thomas Wayne 2. \u8759\u8760\u4fa0\uff1a\u4fa0\u5f71\u4e4b\u8c1cBatman Begins: The IMAX Experience 3. \u8759\u8760\u4fa05-\u8759\u8760\u4fa0\u8bde\u751fBatman 5-Batman: Intimidation 4.The Intimidation Game12\u5c81\u7684\u5c11\u5e74Twelve and Holding (\u6f14\u5458).....Jim Carges\u3000\u30002004\u83b1\u7eb3\u65af\u00b7\u7f57\u5f7b Linus Roache\u3000\u30001.\u7075\u5f02\u62fc\u56feThe Forgotten (\u6f14\u5458)A Friendly Man 2.Stranger\u661f\u9645\u4f20\u59472 The Chronicles of Riddick (\u6f14\u5458)......Purifier 3.\u8d85\u4e16\u7eaa\u6218\u8b66 4.\u5929\u57df\u6218\u58eb 5.\u6f06\u9ed1\u4e00\u72472\u3000\u30002003\u83b1\u7eb3\u65af\u00b7\u7f57\u5f7b Linus Roache\u3000\u30001.\u4e0d\u7720\u98de\u884c Blind Flight (\u6f14\u5458).....John McCarthy\u3000\u30002002\u83b1\u7eb3\u65af\u00b7\u7f57\u5f7b Linus Roache\u3000\u30001. \u94c1\u8840\u98ce\u66b4 The Gathering Storm 2. \u54c8\u7279\u4e4b\u6218Hart's War 3. RFK\u3000\u30002000\u83b1\u7eb3\u65af\u00b7\u7f57\u5f7b Linus Roache\u3000\u30001. \u5730\u57df\u5e7d\u90fd(Pandaemonium 2. Best\u3000\u30001999\u83b1\u7eb3\u65af\u00b7\u7f57\u5f7b Linus Roache\u3000\u30001. The Venice Project(1999) 2. \u751f\u547d\u5947\u8272(1999) Siam Sunset\u3000\u30001998\u83b1\u7eb3\u65af\u00b7\u7f57\u5f7b Linus Roache\u3000\u30001.Shot Through the Heart(1998)\u3000\u30001997\u83b1\u7eb3\u65af\u00b7\u7f57\u5f7b Linus Roache\u3000\u30001. \u4e09\u9897\u7ffc\u52a8\u7684\u5fc3(1997) The Wings of the Dove 2. Venice Report(1997)\u3000\u30001994[\u83b1\u7eb3\u65af\u00b7\u7f57\u5f7b Linus Roache\u3000\u30001.\u795e\u7236(1994) 2.Priest \"Seaforth\"(1994)\u3000\u30001986\u83b1\u7eb3\u65af\u00b7\u7f57\u5f7b Linus Roache\u3000\u30001.Link(1986)\n",
    "hezuo": []
}