{
    "name": "\u838e\u62c9\u00b7\u9053\u683c\u62c9\u65af Sarah Douglas",
    "movies": [
        "\u8d85\u4eba2 Superman II",
        "\u6cbc\u6cfd\u602a\u72692 The Return of Swamp Thing"
    ],
    "male": "\u5973",
    "xingzuo": "\u5c04\u624b\u5ea7",
    "birth": "1952-12-12",
    "area": "\u82f1\u56fd,\u82f1\u683c\u5170,\u6c83\u91cc\u514b\u90e1,\u6cb3\u7554\u65af\u7279\u62c9\u7279\u798f\u5fb7\u96c5\u82b3",
    "zhiye": [
        "\u6f14\u5458",
        "\u914d\u97f3"
    ],
    "moreName": [],
    "family": [
        "Richard LeParmentier\uff08\u524d\u592b\uff09"
    ],
    "intro": "\n            \u3000\u3000Sarah Douglas (born 12 December 1952) is an English actress. She is perhaps best known for playing the Kryptonian supervillain Ursa in Superman (1978), Superman II (1980) and one episode of Supergirl in 2018.\u3000\u3000Her other prominent roles include that of the evil Queen Taramis in the 1984 film Conan the Destroyer, and Pamela Lynch in the 1980s primetime drama series Falcon Crest (1983\u201385).\n    ",
    "hezuo": []
}