{
    "name": "\u83ab\u745e\u00b7\u53f2\u7279\u6797 Maury Sterling",
    "movies": [
        "\u5f57\u661f\u6765\u7684\u90a3\u4e00\u591c Coherence"
    ],
    "male": "\u7537",
    "xingzuo": "\u5904\u5973\u5ea7",
    "birth": "1971-09-01",
    "area": "\u7f8e\u56fd,\u52a0\u5229\u798f\u5c3c\u4e9a\u5dde,\u7c73\u5c14\u8c37",
    "zhiye": [
        "\u6f14\u5458",
        "\u914d\u97f3"
    ],
    "moreName": [
        "\u67e5\u5c14\u65af\u00b7\u83ab\u745e\u00b7\u534e\u83b1\u58eb\u00b7\u65af\u7279\u6797(\u5168\u540d)",
        "\u83ab\u745e\u00b7\u65af\u7279\u6797"
    ],
    "family": [
        "Alexis Boozer(\u59bb)"
    ],
    "intro": "\n            \u3000\u3000\n    ",
    "hezuo": []
}