{
    "name": "\u83ab\u857e\u5a1c\u00b7\u5df4\u5361\u7433 Morena Baccarin",
    "movies": [
        "\u6b7b\u4f8d2\uff1a\u6211\u7231\u6211\u5bb6 Deadpool 2",
        "\u6b7b\u4f8d Deadpool",
        "\u51b2\u51fa\u5b81\u9759\u53f7 Serenity"
    ],
    "male": "\u5973",
    "xingzuo": "\u53cc\u5b50\u5ea7",
    "birth": "1979-06-02",
    "area": "\u5df4\u897f,\u91cc\u7ea6\u70ed\u5185\u5362",
    "zhiye": [
        "\u6f14\u5458",
        "\u914d\u97f3"
    ],
    "moreName": [
        "\u83ab\u857e\u5a1c\u00b7\u5df4\u5361\u6797",
        "\u83ab\u745e\u5a1c\u00b7\u5df4\u5361\u7433"
    ],
    "family": [
        "Austin Chick(\u524d\u592b)",
        "Ben McKenzie(\u672a\u5a5a\u592b)",
        "Frances Laiz Setta Schenkkan(\u5973\u513f)"
    ],
    "intro": "\n            \u3000\u3000\u83ab\u745e\u5a1c\u00b7\u5df4\u5361\u7433\uff0c\u53c2\u6f14\u5f71\u89c6\u5267\u591a\u4e3a\u79d1\u5e7b\u9898\u6750\uff0c\u5f62\u8c61\u591a\u4e3a\u7f8e\u8273\u667a\u6167\u7684\u5973\u6027\uff0c\u5982\u300aV\u661f\u5165\u4fb5\u300b\u548c\u300a\u661f\u9645\u4e4b\u95e8\uff1a\u771f\u7406\u4e4b\u7bb1\u300b\n    ",
    "hezuo": []
}