{
    "name": "\u8428\u59c6\u00b7\u65af\u666e\u5362\u5c14  Sam Spruell",
    "movies": [
        "\u661f\u9645\u7279\u5de5\uff1a\u5343\u661f\u4e4b\u57ce Val\u00e9rian and the City of a Thousand Planets"
    ],
    "male": "\u7537",
    "xingzuo": "\u5929\u874e\u5ea7",
    "birth": "1977-11-02",
    "area": "\u82f1\u56fd",
    "zhiye": [
        "\u6f14\u5458"
    ],
    "moreName": [],
    "family": [],
    "intro": "\n\u3000\u3000Sam Spruell is a British actor. His film credits include Defiance (2008), Elizabeth: The Golden Age (2007), London to Brighton (2006), To Kill a King (2003) and K-19: The Widowmaker (2002). His television roles include the recurring cameo of Jason Belling in Spooks (2007 in Episode 6.9 and 2004 in Project Friendly Fire) and the recurring role of Wilkes in P.O.W (2003).\u3000\u3000In 2012, he had a starring role in the movie, Snow White & the Hunt...(\u5c55\u5f00\u5168\u90e8)\n\u3000\u3000Sam Spruell is a British actor. His film credits include Defiance (2008), Elizabeth: The Golden Age (2007), London to Brighton (2006), To Kill a King (2003) and K-19: The Widowmaker (2002). His television roles include the recurring cameo of Jason Belling in Spooks (2007 in Episode 6.9 and 2004 in Project Friendly Fire) and the recurring role of Wilkes in P.O.W (2003).\u3000\u3000In 2012, he had a starring role in the movie, Snow White & the Huntsman, playing the brother to the Evil Queen played by Charlize Theron. He is set to star in the television adaptation of The Last Ship, in 2013.\n",
    "hezuo": []
}