{
    "name": "\u8096\u6069\u00b7\u53e4\u6069 Sean Gunn",
    "movies": [
        "\u94f6\u6cb3\u62a4\u536b\u961f2 Guardians of the Galaxy Vol. 2"
    ],
    "male": "\u7537",
    "xingzuo": "\u53cc\u5b50\u5ea7",
    "birth": "1974-05-22",
    "area": "\u7f8e\u56fd,\u5bc6\u82cf\u91cc\u5dde\u5723\u8def\u6613\u65af\u5e02",
    "zhiye": [
        "\u6f14\u5458",
        "\u5236\u7247\u4eba",
        "\u7f16\u5267"
    ],
    "moreName": [
        "\u8096\u6069\u00b7\u5188"
    ],
    "family": [
        "\u8a79\u59c6\u65af\u00b7\u53e4\u6069(\u5144)"
    ],
    "intro": "\n            \u3000\u3000\n    ",
    "hezuo": []
}