{
    "name": "\u827e\u4f2f\u4e1d\u00b7\u6234\u7ef4\u5179 Embeth Davidtz",
    "movies": [
        "\u8d85\u51e1\u8718\u86db\u4fa02 The Amazing Spider-Man 2",
        "\u6b27\u7f57\u5df4\u62a5\u544a Europa Report"
    ],
    "male": "\u5973",
    "xingzuo": "\u72ee\u5b50\u5ea7",
    "birth": "1965-08-11",
    "area": "\u7f8e\u56fd,\u5370\u7b2c\u5b89\u7eb3\u5dde,\u62c9\u6590\u7279",
    "zhiye": [
        "\u6f14\u5458"
    ],
    "moreName": [
        "\u827e\u4f2f\u65af\u00b7\u6234\u7ef4\u65af",
        "\u5b89\u8d1d\u65af\u00b7\u5927\u536b\u5fb7\u5179"
    ],
    "family": [
        "Jason Sloane\uff08\u592b\uff09"
    ],
    "intro": "\n            \u3000\u3000\u6069\u8d1d\u65af\u00b7\u8ba9\u00b7\u6234\u7ef4\u5179\uff08Embeth Jean Davidtz\uff09\u662f\u4e00\u4f4d\u5357\u975e\u88d4\u7f8e\u56fd\u4eba\u7684\u5973\u6f14\u5458\u3002\u5979\u7684\u94f6\u5e55\u89d2\u8272\u5305\u62ec\u300a\u9b54\u8beb\u82f1\u8c6a\u300b\uff0c\u300a\u8f9b\u5fb7\u52d2\u7684\u540d\u5355\u300b\uff0c\u300a\u739b\u8482\u5c14\u8fbe\u300b\uff0c\u300a\u516d\u6708\u866b\u300b\uff0c\u300a\u66fc\u65af\u83f2\u5c14\u5fb7\u5e84\u56ed\u300b\uff0c\u300a\u673a\u5668\u7ba1\u5bb6\u300b\u548c\u300a\u5e7f\u544a\u72c2\u4eba\u300b\uff0c\u4ee5\u53ca\u7535\u89c6\u8fde\u7eed\u5267\u300a\u52a0\u5dde\u9761\u60c5\u300b\u548c\u300a\u5e7f\u544a\u72c2\u4eba\u300b\u3002\n    ",
    "hezuo": []
}