{
    "name": "\u827e\u7c73\u4e3d\u00b7\u4e07\u51ef\u666e Emily VanCamp",
    "movies": [
        "\u7f8e\u56fd\u961f\u957f2 Captain America: The Winter Soldier"
    ],
    "male": "\u5973",
    "xingzuo": "\u91d1\u725b\u5ea7",
    "birth": "1986-05-12",
    "area": "\u52a0\u62ff\u5927,\u5b89\u5927\u7565\u7701,\u6e2f\u53e3\u4f69\u91cc",
    "zhiye": [
        "\u6f14\u5458"
    ],
    "moreName": [
        "\u827e\u7c73\u4e3d\u00b7\u827e\u7433\u00b7\u4e07\u51ef\u666e"
    ],
    "family": [
        "Robert VanCamp(\u7236)",
        "Peyton VanCamp(\u6bcd)",
        "Joshua Bowman(\u592b)",
        "Katie VanCamp(\u59d0)",
        "Alison VanCamp(\u59d0)",
        "Molly VanCamp(\u59b9)"
    ],
    "intro": "\n            \u3000\u3000\u827e\u7c73\u4e3d\u00b7\u4e07\u51ef\u666e\uff0c\u52a0\u62ff\u5927\u5f71\u89c6\u6f14\u5458\u3002\u4e07\u51ef\u666e\u6700\u8457\u540d\u7684\u89d2\u8272\u662f\u5728WB\u5267\u96c6\u300a\u96ea\u5c71\u9547\u300b\u4e2d\u9970\u6f14\u7684\u827e\u7c73-\u963f\u535a(Amy Abbott)\uff0c\u4ee5\u53ca\u5728ABC\u5267\u96c6\u300a\u5144\u5f1f\u59d0\u59b9\u300b\u4e2d\u9970\u6f14\u7684\u4e3d\u8d1d\u5361-\u54c8\u73c0(Rebecca Harper)\u3002\u76ee\u524d\u5979\u5728ABC\u51fa\u54c1\u4e4b\u5267\u96c6\u300a\u590d\u4ec7\u300b\u4e2d\u9970\u6f14\u827e\u7c73\u4e3d-\u7d22\u6069(Emily Thorne)\u3002\n    ",
    "hezuo": []
}