{
    "name": "\u827e\u7c73\u8389\u00b7\u5e93\u8328 Emily Coutts",
    "movies": [
        "\u661f\u9645\u8ff7\u822a\uff1a\u53d1\u73b0\u53f7 \u7b2c\u4e8c\u5b63 Star Trek: Discovery Season 2"
    ],
    "male": "\u5973",
    "xingzuo": "not found",
    "birth": "not found",
    "area": "\u52a0\u62ff\u5927",
    "zhiye": [
        "\u6f14\u5458"
    ],
    "moreName": [],
    "family": [],
    "intro": "\n            \u3000\u3000Born in Canada, she lived in Toronto while earning her BFA in acting at York University. As an actress, she first appeared in 2011 in The Bright Side of the Moon. Among her movies are Crimson Peak (2015) and the shorts Bullet-Headed, Satisfaction, As I Like Her, Cherry, Can't Close a Painted Eye, 3-Way (Not Calling) and Come Back. She also produced one movie she appeared in, Barn Wedding in 2015.\n    ",
    "hezuo": []
}