{
    "name": "\u827e\u5c14\u00b7\u5b89\u5fb7\u68ee Ever Anderson",
    "movies": [
        "\u751f\u5316\u5371\u673a\uff1a\u7ec8\u7ae0 Resident Evil: The Final Chapter"
    ],
    "male": "\u5973",
    "xingzuo": "\u5929\u874e\u5ea7",
    "birth": "2007-11-03",
    "area": "\u7f8e\u56fd,\u52a0\u5dde,\u6d1b\u6749\u77f6",
    "zhiye": [
        "\u6f14\u5458"
    ],
    "moreName": [],
    "family": [
        "\u4fdd\u7f57\u00b7\u5b89\u5fb7\u68ee(\u7236)",
        "\u7c73\u62c9\u00b7\u4e54\u6c83\u7ef4\u5947(\u6bcd)"
    ],
    "intro": "\n            \u3000\u3000\u4fdd\u7f57\u00b7\u5b89\u5fb7\u68ee\u4e0e\u7c73\u62c9\u00b7\u4e54\u6c83\u7ef4\u5947\u4e4b\u5973\uff0c\u5728\u300a\u751f\u5316\u5371\u673a\uff1a\u7ec8\u7ae0\u300b\u4e2d\u9970\u6f14\u7ea2\u7687\u540e\u53ca\u7ae5\u5e74\u65f6\u671f\u7684\u827e\u4e3d\u897f\u4e9a\u00b7\u9a6c\u5e93\u65af\u3002\n    ",
    "hezuo": []
}