{
    "name": "\u827e\u5229\u65af\u00b7\u970d\u534e\u5fb7 Arliss Howard",
    "movies": [
        "\u4f8f\u7f57\u7eaa\u516c\u56ed2\uff1a\u5931\u843d\u7684\u4e16\u754c The Lost World: Jurassic Park"
    ],
    "male": "\u7537",
    "xingzuo": "\u5929\u79e4\u5ea7",
    "birth": "1954-10-18",
    "area": "\u7f8e\u56fd,\u5bc6\u82cf\u91cc\u5dde,\u72ec\u7acb",
    "zhiye": [
        "\u6f14\u5458",
        "\u5bfc\u6f14",
        "\u5236\u7247\u4eba",
        "\u7f16\u5267"
    ],
    "moreName": [],
    "family": [],
    "intro": "\n            \u3000\u3000\u827e\u5229\u65af-\u970d\u534e\u5fb7\u4e8e1954\u5e7410\u670818\u65e5\u51fa\u751f\u5728\u7f8e\u56fd\u7684\u5bc6\u82cf\u91cc\uff0c\u8eab\u9ad81\u7c7375\u3002\u4ed6\u662f\u4e00\u4e2a\u6f14\u5458\u3001\u5bfc\u6f14\u548c\u5236\u7247\u4eba\uff0c\u4ee3\u8868\u4f5c\u662f\u5168\u91d1\u5c5e\u5916\u58f3\uff081987\uff09\uff0c\u4f8f\u7f57\u7eaa\u516c\u56ed\uff081997\uff09\u548c\u65f6\u95f4\u65c5\u884c\u8005\u7684\u59bb\u5b50\uff082009\uff09\u3002\u3000\u3000\u5a5a\u59fb\u72b6\u51b5\uff1a\u7b2c\u4e00\u4efb\u59bb\u5b50\u662f\u51ef\u4f26\u00b7\u585e\u62c9\u65af\uff1b\u7b2c\u4e8c\u4efb\u59bb\u5b50\u662f\u5fb7\u4f2f\u62c9\u00b7\u6e29\u683c\uff0c\u4e24\u4eba\u80b2\u6709\u4e00\u5b50\u3002\n    ",
    "hezuo": []
}