{
    "name": "\u827e\u7433\u5a1c\u00b7\u62c9\u5c3c\u5a1c Alina Lanina",
    "movies": [
        "\u5b88\u62a4\u8005\uff1a\u4e16\u7eaa\u6218\u5143 \u0417\u0430\u0449\u0438\u0442\u043d\u0438\u043a\u0438"
    ],
    "male": "\u5973",
    "xingzuo": "\u53cc\u9c7c\u5ea7",
    "birth": "1989-03-03",
    "area": "\u4fc4\u7f57\u65af,\u65af\u7ef4\u5c14\u5fb7\u6d1b\u592b\u65af\u514b\u5dde,\u65af\u7ef4\u5c14\u5fb7\u6d1b\u592b\u65af\u514b",
    "zhiye": [
        "\u6f14\u5458"
    ],
    "moreName": [],
    "family": [],
    "intro": "\n            \u3000\u3000\n    ",
    "hezuo": []
}