{
    "name": "\u827e\u5229\u00b7\u6c83\u514b Ally Walker",
    "movies": [
        "\u518d\u9020\u6218\u58eb Universal Soldier"
    ],
    "male": "\u5973",
    "xingzuo": "\u5904\u5973\u5ea7",
    "birth": "1961-08-25",
    "area": "\u7f8e\u56fd,\u7530\u7eb3\u897f\u5dde,\u5854\u62c9\u970d\u9a6c",
    "zhiye": [
        "\u6f14\u5458",
        "\u5bfc\u6f14",
        "\u7f16\u5267",
        "\u914d\u97f3",
        "\u5236\u7247\u4eba"
    ],
    "moreName": [],
    "family": [
        "John Landgraf\uff08\u592b\uff09"
    ],
    "intro": "\n\u3000\u3000Allene Damian \"Ally\" Walker (born August 25, 1961) is an American actress. She made her television debut in the NBC daytime soap opera, Santa Barbara (1988), before landing the leading roles on the short-lived dramas True Blue (1989\u20131990), and Moon Over Miami (1993).\u3000\u3000During the 1990s, Walker had roles in films such as Universal Soldier (1992), Singles (1992), When the Bough Breaks (1994), While You Were Sleeping (1995), Kazaam (1996),...(\u5c55\u5f00\u5168\u90e8)\n\u3000\u3000Allene Damian \"Ally\" Walker (born August 25, 1961) is an American actress. She made her television debut in the NBC daytime soap opera, Santa Barbara (1988), before landing the leading roles on the short-lived dramas True Blue (1989\u20131990), and Moon Over Miami (1993).\u3000\u3000During the 1990s, Walker had roles in films such as Universal Soldier (1992), Singles (1992), When the Bough Breaks (1994), While You Were Sleeping (1995), Kazaam (1996), and Happy, Texas (1999). From 1996 to 1999, she played the leading role as Doctor Samantha Waters on the NBC crime drama series Profiler, for which she received Saturn Award for Best Actress on Television nomination. She returned to television with role in the HBO drama series Tell Me You Love Me (2007), and later played villainous Agent June Stahl in the FX crime drama, Sons of Anarchy (2008\u20132010). Walker also had the leading role in the short-lived Lifetime police drama series The Protector in 2011. During Seasons 4 and 5 (2014 and 2015) of Longmire, she played Dr. Donna Monaghan, a therapist treating veterans who is the title character's love interest.\n",
    "hezuo": []
}