{
    "name": "\u82cf\u742a\u00b7\u6c83\u7279\u8c6a\u65af Suki Waterhouse",
    "movies": [
        "\u672a\u6765\u4e16\u754c Future World"
    ],
    "male": "\u5973",
    "xingzuo": "\u6469\u7faf\u5ea7",
    "birth": "1992-01-05",
    "area": "\u82f1\u56fd,\u4f26\u6566",
    "zhiye": [
        "\u6f14\u5458"
    ],
    "moreName": [],
    "family": [
        "Robert Pattinson(\u7537\u53cb)",
        "Bradley Cooper(\u524d\u7537\u53cb)",
        "Diego Luna(\u524d\u7537\u53cb)",
        "Miles Kane(\u524d\u7537\u53cb)",
        "Immy Waterhouse(\u59b9)"
    ],
    "intro": "\n            \u3000\u3000\u82f1\u56fd\u6a21\u7279\u517c\u6f14\u5458\n    ",
    "hezuo": []
}