{
    "name": "\u82f1\u683c\u4e3d\u00b7\u5361\u6587 Ingrid Caven",
    "movies": [
        "\u4e16\u754c\u65e6\u5915\u4e4b\u95f4 Welt am Draht"
    ],
    "male": "\u5973",
    "xingzuo": "\u72ee\u5b50\u5ea7",
    "birth": "1938-08-03",
    "area": "\u5fb7\u56fd,\u8428\u5c14\u5e03\u5415\u80af",
    "zhiye": [
        "\u6f14\u5458",
        "\u5176\u5b83"
    ],
    "moreName": [],
    "family": [
        "\u8d56\u7eb3\u00b7\u7ef4\u5c14\u7eb3\u00b7\u6cd5\u65af\u5bbe\u5fb7(\u524d\u592b)",
        "\u8ba9-\u96c5\u514b\u00b7\u8212\u5c14(\u592b)"
    ],
    "intro": "\n\u3000\u3000Ingrid Caven is a German film actress and singer. Her younger sister Trudeliese Schmidt (1943\u20132004) was an opera singer and also an actress.\u3000\u3000Caven has appeared in over 50 films since her film debut in 1969 in the short film Fernes Jamaica followed by her first featured film Liebe ist k\u00e4lter als der Tod (Love Is Colder Than Death) directed by Rainer Werner Fassbinder, to whom she was briefly married (1970\u201372).\u3000\u3000Her career was at...(\u5c55\u5f00\u5168\u90e8)\n\u3000\u3000Ingrid Caven is a German film actress and singer. Her younger sister Trudeliese Schmidt (1943\u20132004) was an opera singer and also an actress.\u3000\u3000Caven has appeared in over 50 films since her film debut in 1969 in the short film Fernes Jamaica followed by her first featured film Liebe ist k\u00e4lter als der Tod (Love Is Colder Than Death) directed by Rainer Werner Fassbinder, to whom she was briefly married (1970\u201372).\u3000\u3000Her career was at its peak in the 1970s and early 1980s mostly in film. In 1979, she was a member of the jury at the 29th Berlin International Film Festival.1981 was a particularly good year for Caven. She starred alongside Carole Bouquet in the film Day of the Idiots as a doctor and won an award for Outstanding Individual Achievement: Actress at the German Film Awards of 1982 for her performance as Inga in the film Looping - Der lange Traum vom kurzen Gl\u00fcck\u3000\u3000Currently Caven is living with French writer Jean-Jacques Schuhl, who has written a book entitled Ingrid Caven which won the prestigious \"Prix Goncourt\" in 2000.\n",
    "hezuo": []
}