{
    "name": "\u8587\u8587\u5361\u00b7\u798f\u514b\u65af Vivica A. Fox",
    "movies": [
        "\u72ec\u7acb\u65e5 Independence Day",
        "\u8759\u8760\u4fa0\u4e0e\u7f57\u5bbe Batman & Robin"
    ],
    "male": "\u5973",
    "xingzuo": "\u72ee\u5b50\u5ea7",
    "birth": "1964-07-30",
    "area": "\u7f8e\u56fd,\u5370\u7b2c\u5b89\u7eb3\u5dde,\u5357\u672c\u5fb7",
    "zhiye": [
        "\u6f14\u5458",
        "\u5236\u7247\u4eba",
        "\u914d\u97f3"
    ],
    "moreName": [],
    "family": [],
    "intro": "\n            \u3000\u3000\u8587\u8587\u5361\u00b7\u798f\u514b\u65af\uff08Vivica A. Fox\uff09\uff0c1964\u5e747\u670830\u65e5\u51fa\u751f\u4e8e\u5370\u7b2c\u5b89\u90a3\u5dde\u5357\u6e7e\uff0c\u7f8e\u56fd\u597d\u83b1\u575e\u6f14\u5458\u3001\u7535\u89c6\u5236\u4f5c\u4eba\u3002\u3000\u3000\u5979\u6700\u51fa\u540d\u7684\u7535\u5f71\u662f\u300a\u72ec\u7acb\u65e5\u300b\u3001\u300a Set It Off\u300b\u3001\u300a Soul Food\u300b\u3001\u300a Why Do Fools Fall in Love\u300b\u3001\u300aKill Bill\u300b\u3001\u300a Booty Call\u300b\u3001\u300a Sharknado 2: The Second One\u300b\u3001\u300a Juwanna Mann\u300b\u3002\n    ",
    "hezuo": []
}