{
    "name": "\u8a79\u59c6\u65af\u00b7\u8fbe\u897f James D'Arcy",
    "movies": [
        "\u6728\u661f\u4e0a\u884c Jupiter Ascending"
    ],
    "male": "\u7537",
    "xingzuo": "\u5904\u5973\u5ea7",
    "birth": "1975-08-24",
    "area": "\u82f1\u56fd,\u4f26\u6566",
    "zhiye": [
        "\u6f14\u5458",
        "\u5bfc\u6f14",
        "\u7f16\u5267"
    ],
    "moreName": [],
    "family": [],
    "intro": "\n            \u3000\u3000\u8a79\u59c6\u65af\u00b7\u8fbe\u897f\uff0c\u82f1\u56fd\u7535\u5f71\u6f14\u5458\uff0c\u66fe\u51fa\u6f14\u7f8e\u56fd\u602a\u8c08\u3001\u79c1\u5bb6\u4fa6\u63a2\u798f\u5c14\u6469\u65af\u7b49\u591a\u90e8\u8457\u540d\u4f5c\u54c1\u3002\n    ",
    "hezuo": []
}