{
    "name": "\u8a79\u59c6\u65af\u00b7A\u00b7\u4f0d\u5179 James A. Woods",
    "movies": [
        "\u6e90\u4ee3\u7801 Source Code"
    ],
    "male": "\u7537",
    "xingzuo": "\u5929\u874e\u5ea7",
    "birth": "1979-10-30",
    "area": "\u52a0\u62ff\u5927,\u9b41\u5317\u514b\u7701,\u8499\u7279\u5229\u5c14",
    "zhiye": [
        "\u6f14\u5458",
        "\u7f16\u5267",
        "\u914d\u97f3"
    ],
    "moreName": [],
    "family": [],
    "intro": "\n            \u3000\u3000\n    ",
    "hezuo": []
}