{
    "name": "\u8d1d\u7eb3\u5c3c\u4e1d\u00b7\u739b\u5c14\u6d1b B\u00e9r\u00e9nice Marlohe",
    "movies": [
        "\u672b\u65e5\u91cd\u542f Kill Switch"
    ],
    "male": "\u5973",
    "xingzuo": "\u91d1\u725b\u5ea7",
    "birth": "1979-05-19",
    "area": "\u6cd5\u56fd",
    "zhiye": [
        "\u6f14\u5458"
    ],
    "moreName": [
        "\u8d1d\u8377\u59ae\u4e1d\u00b7\u739b\u8d6b\u6d1b"
    ],
    "family": [],
    "intro": "\n            \u3000\u3000\u8d1d\u8377\u59ae\u4e1d\u00b7\u739b\u8d6b\u6d1b\uff08\u6cd5\u8bed\uff1aB\u00e9r\u00e9nice Lim Marlohe\uff0c1979\u5e745\u670819\u65e5\uff0d\uff09\uff0c\u4e2d\u6cd5\u6df7\u8840\u513f\uff0c \u4e8e2012\u5e74\u7535\u5f71\u300a007\uff1a\u7a7a\u964d\u5371\u673a\u300b\u9970\u201c\u8d5b\u83f2\u8335\u201d\u4e00\u89d2\u4e3a\u4eba\u719f\u8bc6\u3002\u5979\u4ea6\u662f\u6b27\u7c73\u8304\u8868\u7684\u54c1\u724c\u5927\u4f7f\u3002\u8d1d\u8377\u59ae\u4e1d\u00b7\u739b\u8d6b\u6d1b\u751f\u4e8e\u6cd5\u56fd\u5df4\u9ece\uff0c\u6bcd\u4eb2\u662f\u6cd5\u56fd\u4eba\uff0c\u7236\u4eb2\u662f\u4e2d\u67ec\u6df7\u8840\u513f\u3002\u6bcd\u4eb2\u4efb\u804c\u6559\u5e08\uff0c\u800c\u7236\u4eb2\u662f\u4e00\u4f4d\u533b\u751f\uff0c\u5979\u66fe\u7acb\u5fd7\u6210\u4e3a\u94a2\u7434\u5bb6\uff0c\u56e0\u6b64\u66fe\u4e8e\u6cd5\u56fd\u77e5\u540d\u827a\u672f\u5b66\u6821\u5df4\u9ece\u56fd\u7acb\u9ad8\u7b49\u97f3\u4e50\u821e\u8e48\u5b66\u9662\u6c42\u5b66\u8fbe10\u5e74\u4e4b\u4e45\u3002\n    ",
    "hezuo": []
}