{
    "name": "\u8d35\u7f8e\u5b50\u00b7\u683c\u4f26 Kimiko Glenn",
    "movies": [
        "\u8718\u86db\u4fa0\uff1a\u5e73\u884c\u5b87\u5b99 Spider-Man: Into the Spider-Verse"
    ],
    "male": "\u5973",
    "xingzuo": "\u5de8\u87f9\u5ea7",
    "birth": "1989-06-27",
    "area": "\u7f8e\u56fd,\u4e9a\u5229\u6851\u90a3\u5dde,\u51e4\u51f0\u57ce",
    "zhiye": [
        "\u6f14\u5458",
        "\u914d\u97f3"
    ],
    "moreName": [],
    "family": [
        "Mark Glenn(\u7236)",
        "Sumiko Glenn\uff08\u6bcd\uff09"
    ],
    "intro": "\n            \u3000\u3000Kimiko Elizabeth Glenn is an American actress, singer and Broadway performer known for portraying Brook Soso in the Netflix series Orange Is the New Black, for which she received three Screen Actors Guild Awards. She also originated the role of Dawn Pinket in the Broadway musical Waitress and has provided the voices of Ezor in Voltron: Legendary Defender, Lena De Spell in DuckTales and Peni Parker in Spider-Man: Into the Spider-Verse.\n    ",
    "hezuo": []
}