{
    "name": "\u8fc8\u514b\u5c14\u00b7\u62c9\u5e15\u6ce2\u7279 Michael Rapaport",
    "movies": [
        "\u7b2c\u516d\u65e5 The 6th Day"
    ],
    "male": "\u7537",
    "xingzuo": "\u53cc\u9c7c\u5ea7",
    "birth": "1970-03-20",
    "area": "\u7f8e\u56fd,\u7ebd\u7ea6",
    "zhiye": [
        "\u6f14\u5458",
        "\u914d\u97f3",
        "\u5bfc\u6f14",
        "\u5236\u7247\u4eba"
    ],
    "moreName": [],
    "family": [],
    "intro": "\n\u3000\u3000A true New Yorker through and through, Michael Rapaport, the son of a radio program manager, may have moved to Los Angeles to try stand-up comedy following high school graduation (which came after a series of expulsions), but he never lost, forgot nor deserted his roots. It's embedded in his work and is a major part of his low-keyed charm and ongoing appeal. His early idols were also New Yorkers (Robert De Niro, Christopher Walken, etc.). ...(\u5c55\u5f00\u5168\u90e8)\n\u3000\u3000A true New Yorker through and through, Michael Rapaport, the son of a radio program manager, may have moved to Los Angeles to try stand-up comedy following high school graduation (which came after a series of expulsions), but he never lost, forgot nor deserted his roots. It's embedded in his work and is a major part of his low-keyed charm and ongoing appeal. His early idols were also New Yorkers (Robert De Niro, Christopher Walken, etc.). He toiled only briefly in L.A. Within a short amount of time Michael moved from the live comedy stage to working in front of a camera. The two developed an immediate rapport. A guest spot on the TV series \"China Beach\" (1988) led to a starring role in the quirky interracial indie Zebrahead (1992), which clinched it for him. This, in turn, led to a string of standout parts in films, such as Christian Slater's pal in True Romance (1993), an edgy collegiate-turned-skinhead in Higher Learning (1995) and a sympathetic none-too-bright boxer in Woody Allen's Mighty Aphrodite (1995), all enabling him to build up a higher profile. In later years he managed to show his ease at offbeat comedy, demonstrating a kid-like, goofy charm as Lisa Kudrow's cop boyfriend for a few episodes on \"Friends\" (1994) and as teacher Danny Hanson on \"Boston Public\" (2000). Lately he has formed his own production company, Release Entertainment, in search of that one big breakout role that could nab top stardom for him. In 2000 Michael's writer/girlfriend Nicole Beatty bore him a son. They married that same year.\n",
    "hezuo": []
}