{
    "name": "\u8d3e\u8fbe\u00b7\u840d\u514b\u00b7\u53f2\u5bc6\u65af Jada Pinkett Smith",
    "movies": [
        "\u9ed1\u5ba2\u5e1d\u56fd3\uff1a\u77e9\u9635\u9769\u547d The Matrix Revolutions",
        "\u80a5\u4f6c\u6559\u6388 The Nutty Professor"
    ],
    "male": "\u5973",
    "xingzuo": "\u5904\u5973\u5ea7",
    "birth": "1971-09-18",
    "area": "\u7f8e\u56fd,\u9a6c\u91cc\u5170\u5dde,\u5df4\u5c14\u7684\u6469",
    "zhiye": [
        "\u6f14\u5458",
        "\u5236\u7247\u4eba",
        "\u914d\u97f3",
        "\u7f16\u5267",
        "\u5bfc\u6f14"
    ],
    "moreName": [
        "\u8d3e\u8fbe\u00b7\u79d1\u4f26\u00b7\u840d\u514b\u7279-\u53f2\u5bc6\u65af"
    ],
    "family": [
        "Will Smith(\u592b)",
        "Jaden Smith(\u5b50)",
        "Willow Smith(\u5973)"
    ],
    "intro": "\n            \u3000\u3000\u8d3e\u8fbe\u00b7\u840d\u514b\u7279\u00b7\u53f2\u5bc6\u65af\uff0c\u7f8e\u56fd\u5973\u6f14\u5458\u3001\u521b\u4f5c\u6b4c\u624b\u3001\u5236\u4f5c\u4eba\u3001\u5bfc\u6f14\u30021990\u5e74\u65f6\u5ba2\u4e32\u60c5\u5883\u559c\u5267\u300aTrue Colors\u300b\u51fa\u9053\u3002\u968f\u540e\u6f14\u51fa\u7531\u6bd4\u5c14\u00b7\u8003\u65af\u6bd4\u5236\u4f5c\u7684\u300aA Different World\u300b\uff0c\u4e14\u4e0e\u57c3\u8fea\u00b7\u58a8\u83f2\u5408\u4f5c\u6f14\u51fa\u300a\u80a5\u4f6c\u6559\u6388\u300b\u3002\n    ",
    "hezuo": []
}