{
    "name": "\u8fc8\u514b\u5c14\u00b7\u4f26\u5c3c Michael Rennie",
    "movies": [
        "\u5730\u7403\u505c\u8f6c\u4e4b\u65e5 The Day the Earth Stood Still"
    ],
    "male": "\u7537",
    "xingzuo": "\u5904\u5973\u5ea7",
    "birth": "not found",
    "area": "\u82f1\u56fd,\u82f1\u683c\u5170,\u7ea6\u514b\u90e1,\u5e03\u62c9\u5fb7\u798f\u5fb7",
    "zhiye": [
        "\u6f14\u5458",
        "\u5236\u7247\u4eba"
    ],
    "moreName": [],
    "family": [],
    "intro": "\n            \u3000\u3000\n    ",
    "hezuo": []
}