{
    "name": "\u8fc8\u514b\u5c14\u00b7\u76d6\u62c9\u8fea\u65af Michael J. X. Gladis",
    "movies": [
        "\u7ec8\u7ed3\u8005\uff1a\u521b\u4e16\u7eaa Terminator Genisys"
    ],
    "male": "\u7537",
    "xingzuo": "\u5904\u5973\u5ea7",
    "birth": "1977-08-30",
    "area": "\u7f8e\u56fd,\u5f97\u514b\u8428\u65af\u5dde,\u4f11\u65af\u987f",
    "zhiye": [
        "\u6f14\u5458"
    ],
    "moreName": [],
    "family": [
        "Beth Behrs\uff08\u59bb\uff09"
    ],
    "intro": "\n            \u3000\u3000Michael Gladis (born August 30, 1977 in Houston, Texas, USA) is an American actor. He is best known for his role as Paul Kinsey on the television series Mad Men, where he appeared in the series' first three seasons.\n    ",
    "hezuo": []
}