{
    "name": "\u8d3e\u65af\u6c40\u00b7\u67e5\u7279\u6587 Justin Chatwin",
    "movies": [
        "\u4e16\u754c\u4e4b\u6218 War of the Worlds"
    ],
    "male": "\u7537",
    "xingzuo": "\u5929\u874e\u5ea7",
    "birth": "1982-10-31",
    "area": "\u52a0\u62ff\u5927,\u4e0d\u5217\u98a0\u54e5\u4f26\u6bd4\u4e9a\u7701,\u7eb3\u5948\u83ab",
    "zhiye": [
        "\u6f14\u5458"
    ],
    "moreName": [
        "\u8d3e\u65af\u6c40\u00b7\u67e5\u7279\u6e29"
    ],
    "family": [
        "Brian Chatwin (\u7236), Suzanne Chatwin (\u6bcd)"
    ],
    "intro": "\n            \u3000\u3000on\n    ",
    "hezuo": []
}