{
    "name": "\u8def\u6613\u65af\u00b7\u4e54\u4e39 Louis Jourdan",
    "movies": [
        "\u6cbc\u6cfd\u602a\u72692 The Return of Swamp Thing"
    ],
    "male": "\u7537",
    "xingzuo": "\u53cc\u5b50\u5ea7",
    "birth": "not found",
    "area": "\u6cd5\u56fd,\u7f57\u7eb3\u6cb3\u53e3\u7701,\u9a6c\u8d5b",
    "zhiye": [
        "\u6f14\u5458"
    ],
    "moreName": [
        "\u8def\u6613\u00b7\u5112\u5c14\u5f53"
    ],
    "family": [
        "Berthe Fr\u00e9d\u00e9rique \"Quique\" Jourdan\uff08\u59bb\uff09"
    ],
    "intro": "\n            \u3000\u3000Louis Jourdan (born Louis Robert Gendre; 19 June 1921 \u2013 14 February 2015) was a French film and television actor. He was known for his suave roles in several Hollywood films, including The Paradine Case (1947), Letter from an Unknown Woman (1948), Gigi (1958), The Best of Everything (1959), The V.I.P.s (1963) and Octopussy (1983). He played Dracula in the 1977 BBC television production Count Dracula.\n    ",
    "hezuo": []
}