{
    "name": "\u8d5b\u4f5b\u5170\u5a1c\u00b7\u79d1\u5951\u67ef\u5a03 Svetlana Khodchenkova",
    "movies": [
        "\u91d1\u521a\u72fc2 The Wolverine"
    ],
    "male": "\u5973",
    "xingzuo": "\u6c34\u74f6\u5ea7",
    "birth": "1983-01-21",
    "area": "\u4fc4\u7f57\u65af,\u83ab\u65af\u79d1\u5dde,\u70ed\u70c8\u5179\u8bfa\u591a\u7f57\u65e5\u5185",
    "zhiye": [
        "\u6f14\u5458"
    ],
    "moreName": [
        "\u65af\u7ef4\u7279\u62c9\u5a1c\u00b7\u970d\u5fb7\u7434\u79d1\u5a03",
        "\u65af\u7ef4\u7279\u5170\u5a1c\u00b7\u5e93\u5fb7\u94a6\u79d1\u5a03",
        "\u65af\u7ef4\u7279\u62c9\u7eb3\u00b7\u5e93\u5fb7\u94a6\u79d1\u5a03"
    ],
    "family": [],
    "intro": "\n\u3000\u3000She became known after starring in the movie Bless the Woman (2004), for which she received a nomination for the Nika Award and continued her career with the role of clairvoyant Cassandra in the historic television series Mascot Love (2005).\u3000\u3000In 2008 she won the award Polish Film Festival for Best Actress in a Little Moscow. She is also known for her roles in box office films Love in the City (2009), its sequel, Love in the City 2 (2010...(\u5c55\u5f00\u5168\u90e8)\n\u3000\u3000She became known after starring in the movie Bless the Woman (2004), for which she received a nomination for the Nika Award and continued her career with the role of clairvoyant Cassandra in the historic television series Mascot Love (2005).\u3000\u3000In 2008 she won the award Polish Film Festival for Best Actress in a Little Moscow. She is also known for her roles in box office films Love in the City (2009), its sequel, Love in the City 2 (2010) and Office Romance. Our Time (2011). She is currently stars in the TV series Lavrova's Method, and appears as Irina in Tinker Tailor Soldier Spy, a 2011 English-language espionage film directed by Tomas Alfredson, based on the 1974 novel by John le Carr\u00e9.\n",
    "hezuo": []
}