{
    "name": "\u8d6b\u6bd4\u00b7\u6c49\u8003\u514b Herbie Hancock",
    "movies": [
        "\u661f\u9645\u7279\u5de5\uff1a\u5343\u661f\u4e4b\u57ce Val\u00e9rian and the City of a Thousand Planets"
    ],
    "male": "\u7537",
    "xingzuo": "\u767d\u7f8a\u5ea7",
    "birth": "1940-04-12",
    "area": "\u7f8e\u56fd,\u4f0a\u5229\u8bfa\u4f0a\u5dde,\u829d\u52a0\u54e5",
    "zhiye": [
        "\u97f3\u4e50",
        "\u6f14\u5458"
    ],
    "moreName": [],
    "family": [],
    "intro": "\n            \u3000\u3000\n    ",
    "hezuo": []
}