{
    "name": "\u8f9b\u8fea\u00b7\u6469\u6839 Cindy Morgan",
    "movies": [
        "\u7535\u5b50\u4e16\u754c\u4e89\u9738\u6218 TRON"
    ],
    "male": "\u5973",
    "xingzuo": "\u5929\u79e4\u5ea7",
    "birth": "1954-09-29",
    "area": "\u7f8e\u56fd,\u4f0a\u5229\u8bfa\u4f0a\u5dde,\u829d\u52a0\u54e5",
    "zhiye": [
        "\u6f14\u5458",
        "\u5236\u7247\u4eba",
        "\u914d\u97f3"
    ],
    "moreName": [],
    "family": [],
    "intro": "\n            \u3000\u3000\n    ",
    "hezuo": []
}